16 Apr 2026 11:34:47,074  INFO StartLogger - Server is starting...
16 Apr 2026 11:34:47,357  INFO StartLogger - Current version: 6.2-SNAPSHOT (373)
16 Apr 2026 11:34:47,360  INFO StartLogger - Java version: 21.0.10
16 Apr 2026 11:34:47,361  INFO StartLogger - Class path: .:./*:../server.jar
16 Apr 2026 11:34:47,388  INFO StartLogger - JVM arguments: []
16 Apr 2026 11:34:49,550  INFO StartLogger - Logics instance is starting...
16 Apr 2026 11:34:49,641  INFO StartLogger - Initializing BusinessLogics
16 Apr 2026 11:34:49,710  INFO StartLogger - Initializing string literals data
16 Apr 2026 11:34:49,712  INFO StartLogger - Initializing localizer
16 Apr 2026 11:34:49,728  INFO StartLogger - Creating modules
16 Apr 2026 11:34:51,421  INFO StartLogger - Initializing dependencies
16 Apr 2026 11:34:51,931  INFO StartLogger - Initializing modules order
16 Apr 2026 11:34:51,937  INFO StartLogger - Initializing metacodes and classes
16 Apr 2026 11:34:53,626  INFO StartLogger - Error starting server, server will be stopped
16 Apr 2026 11:34:53,628  INFO StartLogger - Server is stopping...
16 Apr 2026 11:34:53,630  INFO StartLogger - Logics instance is stopping...
16 Apr 2026 11:34:53,633  INFO StartLogger - Logics instance has stopped...
16 Apr 2026 11:34:53,638  INFO StartLogger - Server has stopped...
16 Apr 2026 11:36:44,614  INFO StartLogger - Server is starting...
16 Apr 2026 11:36:44,761  INFO StartLogger - Current version: 6.2-SNAPSHOT (373)
16 Apr 2026 11:36:44,763  INFO StartLogger - Java version: 21.0.10
16 Apr 2026 11:36:44,764  INFO StartLogger - Class path: .:./*:../server.jar
16 Apr 2026 11:36:44,774  INFO StartLogger - JVM arguments: []
16 Apr 2026 11:36:46,577  INFO StartLogger - Logics instance is starting...
16 Apr 2026 11:36:46,635  INFO StartLogger - Initializing BusinessLogics
16 Apr 2026 11:36:46,714  INFO StartLogger - Initializing string literals data
16 Apr 2026 11:36:46,715  INFO StartLogger - Creating modules
16 Apr 2026 11:36:46,714  INFO StartLogger - Initializing localizer
16 Apr 2026 11:36:47,610  INFO StartLogger - Initializing dependencies
16 Apr 2026 11:36:47,894  INFO StartLogger - Initializing modules order
16 Apr 2026 11:36:47,899  INFO StartLogger - Initializing metacodes and classes
16 Apr 2026 11:36:48,669  INFO StartLogger - Error starting server, server will be stopped
16 Apr 2026 11:36:48,670  INFO StartLogger - Server is stopping...
16 Apr 2026 11:36:48,670  INFO StartLogger - Logics instance is stopping...
16 Apr 2026 11:36:48,672  INFO StartLogger - Logics instance has stopped...
16 Apr 2026 11:36:48,675  INFO StartLogger - Server has stopped...
16 Apr 2026 11:39:01,171  INFO StartLogger - Server is starting...
16 Apr 2026 11:39:01,314  INFO StartLogger - Current version: 6.2-SNAPSHOT (373)
16 Apr 2026 11:39:01,316  INFO StartLogger - Java version: 21.0.10
16 Apr 2026 11:39:01,318  INFO StartLogger - Class path: .:./*:../server.jar
16 Apr 2026 11:39:01,328  INFO StartLogger - JVM arguments: []
16 Apr 2026 11:39:02,880  INFO StartLogger - Logics instance is starting...
16 Apr 2026 11:39:02,921  INFO StartLogger - Initializing BusinessLogics
16 Apr 2026 11:39:02,961  INFO StartLogger - Initializing string literals data
16 Apr 2026 11:39:02,961  INFO StartLogger - Initializing localizer
16 Apr 2026 11:39:02,962  INFO StartLogger - Creating modules
16 Apr 2026 11:39:04,072  INFO StartLogger - Initializing dependencies
16 Apr 2026 11:39:04,388  INFO StartLogger - Initializing modules order
16 Apr 2026 11:39:04,393  INFO StartLogger - Initializing metacodes and classes
16 Apr 2026 11:39:05,195  INFO StartLogger - Error starting server, server will be stopped
16 Apr 2026 11:39:05,197  INFO StartLogger - Server is stopping...
16 Apr 2026 11:39:05,198  INFO StartLogger - Logics instance is stopping...
16 Apr 2026 11:39:05,200  INFO StartLogger - Logics instance has stopped...
16 Apr 2026 11:39:05,203  INFO StartLogger - Server has stopped...
16 Apr 2026 11:44:05,809  INFO StartLogger - Server is starting...
16 Apr 2026 11:44:05,982  INFO StartLogger - Current version: 6.2-SNAPSHOT (373)
16 Apr 2026 11:44:05,984  INFO StartLogger - Java version: 21.0.10
16 Apr 2026 11:44:05,984  INFO StartLogger - Class path: .:./*:../server.jar
16 Apr 2026 11:44:05,994  INFO StartLogger - JVM arguments: []
16 Apr 2026 11:44:07,528  INFO StartLogger - Logics instance is starting...
16 Apr 2026 11:44:07,566  INFO StartLogger - Initializing BusinessLogics
16 Apr 2026 11:44:07,606  INFO StartLogger - Initializing string literals data
16 Apr 2026 11:44:07,606  INFO StartLogger - Creating modules
16 Apr 2026 11:44:07,606  INFO StartLogger - Initializing localizer
16 Apr 2026 11:44:08,505  INFO StartLogger - Initializing dependencies
16 Apr 2026 11:44:08,735  INFO StartLogger - Initializing modules order
16 Apr 2026 11:44:08,739  INFO StartLogger - Initializing metacodes and classes
16 Apr 2026 11:44:09,576  INFO StartLogger - Error starting server, server will be stopped
16 Apr 2026 11:44:09,577  INFO StartLogger - Server is stopping...
16 Apr 2026 11:44:09,578  INFO StartLogger - Logics instance is stopping...
16 Apr 2026 11:44:09,580  INFO StartLogger - Logics instance has stopped...
16 Apr 2026 11:44:09,582  INFO StartLogger - Server has stopped...
16 Apr 2026 11:46:36,523  INFO StartLogger - Server is starting...
16 Apr 2026 11:46:36,695  INFO StartLogger - Current version: 6.2-SNAPSHOT (373)
16 Apr 2026 11:46:36,697  INFO StartLogger - Java version: 21.0.10
16 Apr 2026 11:46:36,698  INFO StartLogger - Class path: .:./*:../server.jar
16 Apr 2026 11:46:36,708  INFO StartLogger - JVM arguments: []
16 Apr 2026 11:46:38,208  INFO StartLogger - Logics instance is starting...
16 Apr 2026 11:46:38,246  INFO StartLogger - Initializing BusinessLogics
16 Apr 2026 11:46:38,281  INFO StartLogger - Initializing string literals data
16 Apr 2026 11:46:38,281  INFO StartLogger - Initializing localizer
16 Apr 2026 11:46:38,282  INFO StartLogger - Creating modules
16 Apr 2026 11:46:39,287  INFO StartLogger - Initializing dependencies
16 Apr 2026 11:46:39,525  INFO StartLogger - Initializing modules order
16 Apr 2026 11:46:39,530  INFO StartLogger - Initializing metacodes and classes
16 Apr 2026 11:46:40,293  INFO StartLogger - Error starting server, server will be stopped
16 Apr 2026 11:46:40,293  INFO StartLogger - Server is stopping...
16 Apr 2026 11:46:40,294  INFO StartLogger - Logics instance is stopping...
16 Apr 2026 11:46:40,311  INFO StartLogger - Logics instance has stopped...
16 Apr 2026 11:46:40,313  INFO StartLogger - Server has stopped...
16 Apr 2026 11:50:05,979  INFO StartLogger - Server is starting...
16 Apr 2026 11:50:06,205  INFO StartLogger - Current version: 6.2-SNAPSHOT (373)
16 Apr 2026 11:50:06,207  INFO StartLogger - Java version: 21.0.10
16 Apr 2026 11:50:06,208  INFO StartLogger - Class path: .:./*:../server.jar
16 Apr 2026 11:50:06,218  INFO StartLogger - JVM arguments: []
16 Apr 2026 11:50:07,752  INFO StartLogger - Logics instance is starting...
16 Apr 2026 11:50:07,784  INFO StartLogger - Initializing BusinessLogics
16 Apr 2026 11:50:07,835  INFO StartLogger - Initializing string literals data
16 Apr 2026 11:50:07,836  INFO StartLogger - Initializing localizer
16 Apr 2026 11:50:07,836  INFO StartLogger - Creating modules
16 Apr 2026 11:50:08,758  INFO StartLogger - Initializing dependencies
16 Apr 2026 11:50:08,996  INFO StartLogger - Initializing modules order
16 Apr 2026 11:50:09,000  INFO StartLogger - Initializing metacodes and classes
16 Apr 2026 11:50:09,768  INFO StartLogger - Error starting server, server will be stopped
16 Apr 2026 11:50:09,769  INFO StartLogger - Server is stopping...
16 Apr 2026 11:50:09,770  INFO StartLogger - Logics instance is stopping...
16 Apr 2026 11:50:09,771  INFO StartLogger - Logics instance has stopped...
16 Apr 2026 11:50:09,773  INFO StartLogger - Server has stopped...
16 Apr 2026 11:55:02,100  INFO StartLogger - Server is starting...
16 Apr 2026 11:55:02,230  INFO StartLogger - Current version: 6.2-SNAPSHOT (373)
16 Apr 2026 11:55:02,233  INFO StartLogger - Java version: 21.0.10
16 Apr 2026 11:55:02,234  INFO StartLogger - Class path: .:./*:../server.jar
16 Apr 2026 11:55:02,245  INFO StartLogger - JVM arguments: []
16 Apr 2026 11:55:03,838  INFO StartLogger - Logics instance is starting...
16 Apr 2026 11:55:03,879  INFO StartLogger - Initializing BusinessLogics
16 Apr 2026 11:55:03,910  INFO StartLogger - Initializing string literals data
16 Apr 2026 11:55:03,911  INFO StartLogger - Initializing localizer
16 Apr 2026 11:55:03,911  INFO StartLogger - Creating modules
16 Apr 2026 11:55:04,842  INFO StartLogger - Initializing dependencies
16 Apr 2026 11:55:05,092  INFO StartLogger - Initializing modules order
16 Apr 2026 11:55:05,096  INFO StartLogger - Initializing metacodes and classes
16 Apr 2026 11:55:05,854  INFO StartLogger - Error starting server, server will be stopped
16 Apr 2026 11:55:05,855  INFO StartLogger - Server is stopping...
16 Apr 2026 11:55:05,855  INFO StartLogger - Logics instance is stopping...
16 Apr 2026 11:55:05,857  INFO StartLogger - Logics instance has stopped...
16 Apr 2026 11:55:05,859  INFO StartLogger - Server has stopped...
16 Apr 2026 11:59:26,589  INFO StartLogger - Server is starting...
16 Apr 2026 11:59:26,721  INFO StartLogger - Current version: 6.2-SNAPSHOT (373)
16 Apr 2026 11:59:26,723  INFO StartLogger - Java version: 21.0.10
16 Apr 2026 11:59:26,724  INFO StartLogger - Class path: .:./*:../server.jar
16 Apr 2026 11:59:26,736  INFO StartLogger - JVM arguments: []
16 Apr 2026 11:59:28,387  INFO StartLogger - Logics instance is starting...
16 Apr 2026 11:59:28,432  INFO StartLogger - Initializing BusinessLogics
16 Apr 2026 11:59:28,474  INFO StartLogger - Initializing string literals data
16 Apr 2026 11:59:28,474  INFO StartLogger - Initializing localizer
16 Apr 2026 11:59:28,475  INFO StartLogger - Creating modules
16 Apr 2026 11:59:29,503  INFO StartLogger - Initializing dependencies
16 Apr 2026 11:59:29,707  INFO StartLogger - Initializing modules order
16 Apr 2026 11:59:29,714  INFO StartLogger - Initializing metacodes and classes
16 Apr 2026 11:59:30,513  INFO StartLogger - Error starting server, server will be stopped
16 Apr 2026 11:59:30,514  INFO StartLogger - Server is stopping...
16 Apr 2026 11:59:30,515  INFO StartLogger - Logics instance is stopping...
16 Apr 2026 11:59:30,516  INFO StartLogger - Logics instance has stopped...
16 Apr 2026 11:59:30,518  INFO StartLogger - Server has stopped...
16 Apr 2026 12:00:49,496  INFO StartLogger - Server is starting...
16 Apr 2026 12:00:49,639  INFO StartLogger - Current version: 6.2-SNAPSHOT (373)
16 Apr 2026 12:00:49,641  INFO StartLogger - Java version: 21.0.10
16 Apr 2026 12:00:49,642  INFO StartLogger - Class path: .:./*:../server.jar
16 Apr 2026 12:00:49,669  INFO StartLogger - JVM arguments: []
16 Apr 2026 12:00:51,119  INFO StartLogger - Logics instance is starting...
16 Apr 2026 12:00:51,157  INFO StartLogger - Initializing BusinessLogics
16 Apr 2026 12:00:51,192  INFO StartLogger - Initializing string literals data
16 Apr 2026 12:00:51,192  INFO StartLogger - Initializing localizer
16 Apr 2026 12:00:51,193  INFO StartLogger - Creating modules
16 Apr 2026 12:00:52,055  INFO StartLogger - Initializing dependencies
16 Apr 2026 12:00:52,300  INFO StartLogger - Initializing modules order
16 Apr 2026 12:00:52,303  INFO StartLogger - Initializing metacodes and classes
16 Apr 2026 12:00:53,181  INFO StartLogger - Error starting server, server will be stopped
16 Apr 2026 12:00:53,182  INFO StartLogger - Server is stopping...
16 Apr 2026 12:00:53,183  INFO StartLogger - Logics instance is stopping...
16 Apr 2026 12:00:53,185  INFO StartLogger - Logics instance has stopped...
16 Apr 2026 12:00:53,187  INFO StartLogger - Server has stopped...
16 Apr 2026 12:05:04,654  INFO StartLogger - Server is starting...
16 Apr 2026 12:05:04,793  INFO StartLogger - Current version: 6.2-SNAPSHOT (373)
16 Apr 2026 12:05:04,795  INFO StartLogger - Java version: 21.0.10
16 Apr 2026 12:05:04,796  INFO StartLogger - Class path: .:./*:../server.jar
16 Apr 2026 12:05:04,821  INFO StartLogger - JVM arguments: []
16 Apr 2026 12:05:06,257  INFO StartLogger - Logics instance is starting...
16 Apr 2026 12:05:06,284  INFO StartLogger - Initializing BusinessLogics
16 Apr 2026 12:05:06,310  INFO StartLogger - Initializing string literals data
16 Apr 2026 12:05:06,310  INFO StartLogger - Initializing localizer
16 Apr 2026 12:05:06,326  INFO StartLogger - Creating modules
16 Apr 2026 12:05:07,258  INFO StartLogger - Initializing dependencies
16 Apr 2026 12:05:07,497  INFO StartLogger - Initializing modules order
16 Apr 2026 12:05:07,500  INFO StartLogger - Initializing metacodes and classes
16 Apr 2026 12:05:08,306  INFO StartLogger - Error starting server, server will be stopped
16 Apr 2026 12:05:08,307  INFO StartLogger - Server is stopping...
16 Apr 2026 12:05:08,308  INFO StartLogger - Logics instance is stopping...
16 Apr 2026 12:05:08,309  INFO StartLogger - Logics instance has stopped...
16 Apr 2026 12:05:08,311  INFO StartLogger - Server has stopped...
16 Apr 2026 12:13:51,518  INFO StartLogger - Server is starting...
16 Apr 2026 12:13:52,503  INFO StartLogger - Current version: 6.2-SNAPSHOT (373)
16 Apr 2026 12:13:52,514  INFO StartLogger - Java version: 21.0.10
16 Apr 2026 12:13:52,516  INFO StartLogger - Class path: .:./*:../server.jar
16 Apr 2026 12:13:52,579  INFO StartLogger - JVM arguments: []
16 Apr 2026 12:13:57,511  INFO StartLogger - Logics instance is starting...
16 Apr 2026 12:13:57,585  INFO StartLogger - Initializing BusinessLogics
16 Apr 2026 12:13:57,652  INFO StartLogger - Initializing string literals data
16 Apr 2026 12:13:57,653  INFO StartLogger - Initializing localizer
16 Apr 2026 12:13:57,653  INFO StartLogger - Creating modules
16 Apr 2026 12:13:59,791  INFO StartLogger - Initializing dependencies
16 Apr 2026 12:14:00,444  INFO StartLogger - Initializing modules order
16 Apr 2026 12:14:00,449  INFO StartLogger - Initializing metacodes and classes
16 Apr 2026 12:14:01,927  INFO StartLogger - Error starting server, server will be stopped
16 Apr 2026 12:14:01,928  INFO StartLogger - Server is stopping...
16 Apr 2026 12:14:01,929  INFO StartLogger - Logics instance is stopping...
16 Apr 2026 12:14:01,932  INFO StartLogger - Logics instance has stopped...
16 Apr 2026 12:14:01,936  INFO StartLogger - Server has stopped...
16 Apr 2026 12:16:05,417  INFO StartLogger - Server is starting...
16 Apr 2026 12:16:06,005  INFO StartLogger - Current version: 6.2-SNAPSHOT (373)
16 Apr 2026 12:16:06,014  INFO StartLogger - Java version: 21.0.10
16 Apr 2026 12:16:06,015  INFO StartLogger - Class path: .:./*:../server.jar
16 Apr 2026 12:16:06,048  INFO StartLogger - JVM arguments: []
16 Apr 2026 12:16:10,581  INFO StartLogger - Logics instance is starting...
16 Apr 2026 12:16:10,722  INFO StartLogger - Initializing BusinessLogics
16 Apr 2026 12:16:10,856  INFO StartLogger - Initializing localizer
16 Apr 2026 12:16:10,860  INFO StartLogger - Initializing string literals data
16 Apr 2026 12:16:10,873  INFO StartLogger - Creating modules
16 Apr 2026 12:16:13,587  INFO StartLogger - Initializing dependencies
16 Apr 2026 12:16:14,064  INFO StartLogger - Initializing modules order
16 Apr 2026 12:16:14,072  INFO StartLogger - Initializing metacodes and classes
16 Apr 2026 12:16:15,945  INFO StartLogger - Error starting server, server will be stopped
16 Apr 2026 12:16:15,946  INFO StartLogger - Server is stopping...
16 Apr 2026 12:16:15,947  INFO StartLogger - Logics instance is stopping...
16 Apr 2026 12:16:15,956  INFO StartLogger - Logics instance has stopped...
16 Apr 2026 12:16:15,961  INFO StartLogger - Server has stopped...
16 Apr 2026 12:18:27,870  INFO StartLogger - Server is starting...
16 Apr 2026 12:18:28,565  INFO StartLogger - Current version: 6.2-SNAPSHOT (373)
16 Apr 2026 12:18:28,575  INFO StartLogger - Java version: 21.0.10
16 Apr 2026 12:18:28,578  INFO StartLogger - Class path: .:./*:../server.jar
16 Apr 2026 12:18:28,627  INFO StartLogger - JVM arguments: []
16 Apr 2026 12:18:32,244  INFO StartLogger - Logics instance is starting...
16 Apr 2026 12:18:32,299  INFO StartLogger - Initializing BusinessLogics
16 Apr 2026 12:18:32,356  INFO StartLogger - Initializing string literals data
16 Apr 2026 12:18:32,357  INFO StartLogger - Creating modules
16 Apr 2026 12:18:32,356  INFO StartLogger - Initializing localizer
16 Apr 2026 12:18:33,920  INFO StartLogger - Initializing dependencies
16 Apr 2026 12:18:34,413  INFO StartLogger - Initializing modules order
16 Apr 2026 12:18:34,426  INFO StartLogger - Initializing metacodes and classes
16 Apr 2026 12:18:35,620  INFO StartLogger - Error starting server, server will be stopped
16 Apr 2026 12:18:35,621  INFO StartLogger - Server is stopping...
16 Apr 2026 12:18:35,622  INFO StartLogger - Logics instance is stopping...
16 Apr 2026 12:18:35,624  INFO StartLogger - Logics instance has stopped...
16 Apr 2026 12:18:35,628  INFO StartLogger - Server has stopped...
16 Apr 2026 12:22:42,462  INFO StartLogger - Server is starting...
16 Apr 2026 12:22:43,047  INFO StartLogger - Current version: 6.2-SNAPSHOT (373)
16 Apr 2026 12:22:43,057  INFO StartLogger - Java version: 21.0.10
16 Apr 2026 12:22:43,060  INFO StartLogger - Class path: .:./*:../server.jar
16 Apr 2026 12:22:43,130  INFO StartLogger - JVM arguments: []
16 Apr 2026 12:22:46,910  INFO StartLogger - Logics instance is starting...
16 Apr 2026 12:22:46,967  INFO StartLogger - Initializing BusinessLogics
16 Apr 2026 12:22:47,023  INFO StartLogger - Initializing string literals data
16 Apr 2026 12:22:47,024  INFO StartLogger - Initializing localizer
16 Apr 2026 12:22:47,024  INFO StartLogger - Creating modules
16 Apr 2026 12:22:48,981  INFO StartLogger - Initializing dependencies
16 Apr 2026 12:22:49,600  INFO StartLogger - Initializing modules order
16 Apr 2026 12:22:49,606  INFO StartLogger - Initializing metacodes and classes
16 Apr 2026 12:22:51,099  INFO StartLogger - Error starting server, server will be stopped
16 Apr 2026 12:22:51,100  INFO StartLogger - Server is stopping...
16 Apr 2026 12:22:51,102  INFO StartLogger - Logics instance is stopping...
16 Apr 2026 12:22:51,106  INFO StartLogger - Logics instance has stopped...
16 Apr 2026 12:22:51,111  INFO StartLogger - Server has stopped...
16 Apr 2026 12:29:13,203  INFO StartLogger - Server is starting...
16 Apr 2026 12:29:13,863  INFO StartLogger - Current version: 6.2-SNAPSHOT (373)
16 Apr 2026 12:29:13,871  INFO StartLogger - Java version: 21.0.10
16 Apr 2026 12:29:13,874  INFO StartLogger - Class path: .:./*:../server.jar
16 Apr 2026 12:29:13,921  INFO StartLogger - JVM arguments: []
16 Apr 2026 12:29:18,505  INFO StartLogger - Logics instance is starting...
16 Apr 2026 12:29:18,593  INFO StartLogger - Initializing BusinessLogics
16 Apr 2026 12:29:18,662  INFO StartLogger - Initializing string literals data
16 Apr 2026 12:29:18,663  INFO StartLogger - Initializing localizer
16 Apr 2026 12:29:18,663  INFO StartLogger - Creating modules
16 Apr 2026 12:29:20,819  INFO StartLogger - Initializing dependencies
16 Apr 2026 12:29:21,599  INFO StartLogger - Initializing modules order
16 Apr 2026 12:29:21,609  INFO StartLogger - Initializing metacodes and classes
16 Apr 2026 12:29:23,376  INFO StartLogger - Error starting server, server will be stopped
16 Apr 2026 12:29:23,378  INFO StartLogger - Server is stopping...
16 Apr 2026 12:29:23,380  INFO StartLogger - Logics instance is stopping...
16 Apr 2026 12:29:23,382  INFO StartLogger - Logics instance has stopped...
16 Apr 2026 12:29:23,387  INFO StartLogger - Server has stopped...
16 Apr 2026 15:12:17,189  INFO StartLogger - Server is starting...
16 Apr 2026 15:12:17,388  INFO StartLogger - Current version: 6.2-SNAPSHOT (373)
16 Apr 2026 15:12:17,393  INFO StartLogger - Java version: 21.0.10
16 Apr 2026 15:12:17,394  INFO StartLogger - Class path: .:./*:../server.jar
16 Apr 2026 15:12:17,427  INFO StartLogger - JVM arguments: []
16 Apr 2026 15:12:19,318  INFO StartLogger - Logics instance is starting...
16 Apr 2026 15:12:19,350  INFO StartLogger - Initializing BusinessLogics
16 Apr 2026 15:12:19,385  INFO StartLogger - Initializing string literals data
16 Apr 2026 15:12:19,386  INFO StartLogger - Initializing localizer
16 Apr 2026 15:12:19,386  INFO StartLogger - Creating modules
16 Apr 2026 15:12:20,302  INFO StartLogger - Initializing dependencies
16 Apr 2026 15:12:20,550  INFO StartLogger - Initializing modules order
16 Apr 2026 15:12:20,555  INFO StartLogger - Initializing metacodes and classes
16 Apr 2026 15:12:21,303  INFO StartLogger - Error starting server, server will be stopped
16 Apr 2026 15:12:21,304  INFO StartLogger - Server is stopping...
16 Apr 2026 15:12:21,305  INFO StartLogger - Logics instance is stopping...
16 Apr 2026 15:12:21,306  INFO StartLogger - Logics instance has stopped...
16 Apr 2026 15:12:21,308  INFO StartLogger - Server has stopped...
16 Apr 2026 15:20:26,322  INFO StartLogger - Server is starting...
16 Apr 2026 15:20:26,446  INFO StartLogger - Current version: 6.2-SNAPSHOT (373)
16 Apr 2026 15:20:26,448  INFO StartLogger - Java version: 21.0.10
16 Apr 2026 15:20:26,449  INFO StartLogger - Class path: .:./*:../server.jar
16 Apr 2026 15:20:26,459  INFO StartLogger - JVM arguments: []
16 Apr 2026 15:20:28,067  INFO StartLogger - Logics instance is starting...
16 Apr 2026 15:20:28,096  INFO StartLogger - Initializing BusinessLogics
16 Apr 2026 15:20:28,126  INFO StartLogger - Initializing string literals data
16 Apr 2026 15:20:28,127  INFO StartLogger - Initializing localizer
16 Apr 2026 15:20:28,127  INFO StartLogger - Creating modules
16 Apr 2026 15:20:29,228  INFO StartLogger - Initializing dependencies
16 Apr 2026 15:20:29,461  INFO StartLogger - Initializing modules order
16 Apr 2026 15:20:29,465  INFO StartLogger - Initializing metacodes and classes
16 Apr 2026 15:20:30,244  INFO StartLogger - Error starting server, server will be stopped
16 Apr 2026 15:20:30,245  INFO StartLogger - Server is stopping...
16 Apr 2026 15:20:30,245  INFO StartLogger - Logics instance is stopping...
16 Apr 2026 15:20:30,247  INFO StartLogger - Logics instance has stopped...
16 Apr 2026 15:20:30,249  INFO StartLogger - Server has stopped...
16 Apr 2026 15:22:11,941  INFO StartLogger - Server is starting...
16 Apr 2026 15:22:12,105  INFO StartLogger - Current version: 6.2-SNAPSHOT (373)
16 Apr 2026 15:22:12,107  INFO StartLogger - Java version: 21.0.10
16 Apr 2026 15:22:12,108  INFO StartLogger - Class path: .:./*:../server.jar
16 Apr 2026 15:22:12,119  INFO StartLogger - JVM arguments: []
16 Apr 2026 15:22:13,774  INFO StartLogger - Logics instance is starting...
16 Apr 2026 15:22:13,807  INFO StartLogger - Initializing BusinessLogics
16 Apr 2026 15:22:13,839  INFO StartLogger - Initializing string literals data
16 Apr 2026 15:22:13,840  INFO StartLogger - Initializing localizer
16 Apr 2026 15:22:13,840  INFO StartLogger - Creating modules
16 Apr 2026 15:22:14,832  INFO StartLogger - Initializing dependencies
16 Apr 2026 15:22:15,083  INFO StartLogger - Initializing modules order
16 Apr 2026 15:22:15,088  INFO StartLogger - Initializing metacodes and classes
16 Apr 2026 15:22:15,857  INFO StartLogger - Error starting server, server will be stopped
16 Apr 2026 15:22:15,858  INFO StartLogger - Server is stopping...
16 Apr 2026 15:22:15,858  INFO StartLogger - Logics instance is stopping...
16 Apr 2026 15:22:15,860  INFO StartLogger - Logics instance has stopped...
16 Apr 2026 15:22:15,862  INFO StartLogger - Server has stopped...
16 Apr 2026 15:24:30,868  INFO StartLogger - Server is starting...
16 Apr 2026 15:24:30,997  INFO StartLogger - Current version: 6.2-SNAPSHOT (373)
16 Apr 2026 15:24:31,000  INFO StartLogger - Java version: 21.0.10
16 Apr 2026 15:24:31,001  INFO StartLogger - Class path: .:./*:../server.jar
16 Apr 2026 15:24:31,011  INFO StartLogger - JVM arguments: []
16 Apr 2026 15:24:32,566  INFO StartLogger - Logics instance is starting...
16 Apr 2026 15:24:32,595  INFO StartLogger - Initializing BusinessLogics
16 Apr 2026 15:24:32,630  INFO StartLogger - Initializing string literals data
16 Apr 2026 15:24:32,630  INFO StartLogger - Creating modules
16 Apr 2026 15:24:32,630  INFO StartLogger - Initializing localizer
16 Apr 2026 15:24:33,627  INFO StartLogger - Initializing dependencies
16 Apr 2026 15:24:33,893  INFO StartLogger - Initializing modules order
16 Apr 2026 15:24:33,898  INFO StartLogger - Initializing metacodes and classes
16 Apr 2026 15:24:34,889  INFO StartLogger - Error starting server, server will be stopped
16 Apr 2026 15:24:34,894  INFO StartLogger - Server is stopping...
16 Apr 2026 15:24:34,895  INFO StartLogger - Logics instance is stopping...
16 Apr 2026 15:24:34,898  INFO StartLogger - Logics instance has stopped...
16 Apr 2026 15:24:34,906  INFO StartLogger - Server has stopped...
16 Apr 2026 15:30:19,874  INFO StartLogger - Server is starting...
16 Apr 2026 15:30:19,995  INFO StartLogger - Current version: 6.2-SNAPSHOT (373)
16 Apr 2026 15:30:19,997  INFO StartLogger - Java version: 21.0.10
16 Apr 2026 15:30:19,998  INFO StartLogger - Class path: .:./*:../server.jar
16 Apr 2026 15:30:20,010  INFO StartLogger - JVM arguments: []
16 Apr 2026 15:30:21,705  INFO StartLogger - Logics instance is starting...
16 Apr 2026 15:30:21,740  INFO StartLogger - Initializing BusinessLogics
16 Apr 2026 15:30:21,772  INFO StartLogger - Initializing string literals data
16 Apr 2026 15:30:21,773  INFO StartLogger - Creating modules
16 Apr 2026 15:30:21,773  INFO StartLogger - Initializing localizer
16 Apr 2026 15:30:22,664  INFO StartLogger - Initializing dependencies
16 Apr 2026 15:30:22,887  INFO StartLogger - Initializing modules order
16 Apr 2026 15:30:22,891  INFO StartLogger - Initializing metacodes and classes
16 Apr 2026 15:30:23,981  INFO StartLogger - Error starting server, server will be stopped
16 Apr 2026 15:30:23,981  INFO StartLogger - Server is stopping...
16 Apr 2026 15:30:23,982  INFO StartLogger - Logics instance is stopping...
16 Apr 2026 15:30:23,983  INFO StartLogger - Logics instance has stopped...
16 Apr 2026 15:30:23,986  INFO StartLogger - Server has stopped...
16 Apr 2026 15:55:42,707  INFO StartLogger - Server is starting...
16 Apr 2026 15:55:43,335  INFO StartLogger - Current version: 6.2-SNAPSHOT (373)
16 Apr 2026 15:55:43,341  INFO StartLogger - Java version: 21.0.10
16 Apr 2026 15:55:43,341  INFO StartLogger - Class path: .:./*:../server.jar
16 Apr 2026 15:55:43,378  INFO StartLogger - JVM arguments: []
16 Apr 2026 15:55:46,324  INFO StartLogger - Logics instance is starting...
16 Apr 2026 15:55:46,369  INFO StartLogger - Initializing BusinessLogics
16 Apr 2026 15:55:46,422  INFO StartLogger - Initializing string literals data
16 Apr 2026 15:55:46,422  INFO StartLogger - Initializing localizer
16 Apr 2026 15:55:46,422  INFO StartLogger - Creating modules
16 Apr 2026 15:55:47,560  INFO StartLogger - Initializing dependencies
16 Apr 2026 15:55:47,899  INFO StartLogger - Initializing modules order
16 Apr 2026 15:55:47,912  INFO StartLogger - Initializing metacodes and classes
16 Apr 2026 15:55:51,730  INFO StartLogger - Error starting server, server will be stopped
16 Apr 2026 15:55:51,732  INFO StartLogger - Server is stopping...
16 Apr 2026 15:55:51,733  INFO StartLogger - Logics instance is stopping...
16 Apr 2026 15:55:51,735  INFO StartLogger - Logics instance has stopped...
16 Apr 2026 15:55:51,739  INFO StartLogger - Server has stopped...
16 Apr 2026 16:01:52,794  INFO StartLogger - Server is starting...
16 Apr 2026 16:01:52,989  INFO StartLogger - Current version: 6.2-SNAPSHOT (373)
16 Apr 2026 16:01:52,992  INFO StartLogger - Java version: 21.0.10
16 Apr 2026 16:01:52,993  INFO StartLogger - Class path: .:./*:../server.jar
16 Apr 2026 16:01:53,010  INFO StartLogger - JVM arguments: []
16 Apr 2026 16:01:54,984  INFO StartLogger - Logics instance is starting...
16 Apr 2026 16:01:55,043  INFO StartLogger - Initializing BusinessLogics
16 Apr 2026 16:01:55,107  INFO StartLogger - Initializing string literals data
16 Apr 2026 16:01:55,108  INFO StartLogger - Initializing localizer
16 Apr 2026 16:01:55,109  INFO StartLogger - Creating modules
16 Apr 2026 16:01:56,389  INFO StartLogger - Initializing dependencies
16 Apr 2026 16:01:56,596  INFO StartLogger - Initializing modules order
16 Apr 2026 16:01:56,598  INFO StartLogger - Initializing metacodes and classes
16 Apr 2026 16:01:57,473  INFO StartLogger - Error starting server, server will be stopped
16 Apr 2026 16:01:57,474  INFO StartLogger - Server is stopping...
16 Apr 2026 16:01:57,475  INFO StartLogger - Logics instance is stopping...
16 Apr 2026 16:01:57,477  INFO StartLogger - Logics instance has stopped...
16 Apr 2026 16:01:57,481  INFO StartLogger - Server has stopped...
16 Apr 2026 16:06:45,364  INFO StartLogger - Server is starting...
16 Apr 2026 16:06:45,537  INFO StartLogger - Current version: 6.2-SNAPSHOT (373)
16 Apr 2026 16:06:45,539  INFO StartLogger - Java version: 21.0.10
16 Apr 2026 16:06:45,540  INFO StartLogger - Class path: .:./*:../server.jar
16 Apr 2026 16:06:45,558  INFO StartLogger - JVM arguments: []
16 Apr 2026 16:06:47,720  INFO StartLogger - Logics instance is starting...
16 Apr 2026 16:06:47,774  INFO StartLogger - Initializing BusinessLogics
16 Apr 2026 16:06:47,858  INFO StartLogger - Initializing string literals data
16 Apr 2026 16:06:47,860  INFO StartLogger - Initializing localizer
16 Apr 2026 16:06:47,863  INFO StartLogger - Creating modules
16 Apr 2026 16:06:49,508  INFO StartLogger - Initializing dependencies
16 Apr 2026 16:06:49,982  INFO StartLogger - Initializing modules order
16 Apr 2026 16:06:49,986  INFO StartLogger - Initializing metacodes and classes
16 Apr 2026 16:06:51,696  INFO StartLogger - Error starting server, server will be stopped
16 Apr 2026 16:06:51,698  INFO StartLogger - Server is stopping...
16 Apr 2026 16:06:51,698  INFO StartLogger - Logics instance is stopping...
16 Apr 2026 16:06:51,872  INFO StartLogger - Logics instance has stopped...
16 Apr 2026 16:06:52,048  INFO StartLogger - Server has stopped...
16 Apr 2026 16:08:15,619  INFO StartLogger - Server is starting...
16 Apr 2026 16:08:15,773  INFO StartLogger - Current version: 6.2-SNAPSHOT (373)
16 Apr 2026 16:08:15,776  INFO StartLogger - Java version: 21.0.10
16 Apr 2026 16:08:15,776  INFO StartLogger - Class path: .:./*:../server.jar
16 Apr 2026 16:08:15,794  INFO StartLogger - JVM arguments: []
16 Apr 2026 16:08:17,801  INFO StartLogger - Logics instance is starting...
16 Apr 2026 16:08:17,836  INFO StartLogger - Initializing BusinessLogics
16 Apr 2026 16:08:17,870  INFO StartLogger - Initializing string literals data
16 Apr 2026 16:08:17,870  INFO StartLogger - Creating modules
16 Apr 2026 16:08:17,870  INFO StartLogger - Initializing localizer
16 Apr 2026 16:08:18,941  INFO StartLogger - Initializing dependencies
16 Apr 2026 16:08:19,271  INFO StartLogger - Initializing modules order
16 Apr 2026 16:08:19,277  INFO StartLogger - Initializing metacodes and classes
16 Apr 2026 16:08:20,307  INFO StartLogger - Error starting server, server will be stopped
16 Apr 2026 16:08:20,308  INFO StartLogger - Server is stopping...
16 Apr 2026 16:08:20,311  INFO StartLogger - Logics instance is stopping...
16 Apr 2026 16:08:20,313  INFO StartLogger - Logics instance has stopped...
16 Apr 2026 16:08:20,317  INFO StartLogger - Server has stopped...
16 Apr 2026 16:09:14,519  INFO StartLogger - Server is starting...
16 Apr 2026 16:09:14,662  INFO StartLogger - Current version: 6.2-SNAPSHOT (373)
16 Apr 2026 16:09:14,664  INFO StartLogger - Java version: 21.0.10
16 Apr 2026 16:09:14,665  INFO StartLogger - Class path: .:./*:../server.jar
16 Apr 2026 16:09:14,678  INFO StartLogger - JVM arguments: []
16 Apr 2026 16:09:16,713  INFO StartLogger - Logics instance is starting...
16 Apr 2026 16:09:16,746  INFO StartLogger - Initializing BusinessLogics
16 Apr 2026 16:09:16,777  INFO StartLogger - Initializing string literals data
16 Apr 2026 16:09:16,778  INFO StartLogger - Initializing localizer
16 Apr 2026 16:09:16,778  INFO StartLogger - Creating modules
16 Apr 2026 16:09:17,776  INFO StartLogger - Initializing dependencies
16 Apr 2026 16:09:18,161  INFO StartLogger - Initializing modules order
16 Apr 2026 16:09:18,166  INFO StartLogger - Initializing metacodes and classes
16 Apr 2026 16:09:18,907  INFO StartLogger - Error starting server, server will be stopped
16 Apr 2026 16:09:18,908  INFO StartLogger - Server is stopping...
16 Apr 2026 16:09:18,909  INFO StartLogger - Logics instance is stopping...
16 Apr 2026 16:09:18,910  INFO StartLogger - Logics instance has stopped...
16 Apr 2026 16:09:18,913  INFO StartLogger - Server has stopped...
16 Apr 2026 16:09:51,026  INFO StartLogger - Server is starting...
16 Apr 2026 16:09:51,188  INFO StartLogger - Current version: 6.2-SNAPSHOT (373)
16 Apr 2026 16:09:51,190  INFO StartLogger - Java version: 21.0.10
16 Apr 2026 16:09:51,191  INFO StartLogger - Class path: .:./*:../server.jar
16 Apr 2026 16:09:51,205  INFO StartLogger - JVM arguments: []
16 Apr 2026 16:09:52,859  INFO StartLogger - Logics instance is starting...
16 Apr 2026 16:09:52,892  INFO StartLogger - Initializing BusinessLogics
16 Apr 2026 16:09:52,926  INFO StartLogger - Initializing string literals data
16 Apr 2026 16:09:52,926  INFO StartLogger - Initializing localizer
16 Apr 2026 16:09:52,927  INFO StartLogger - Creating modules
16 Apr 2026 16:09:54,009  INFO StartLogger - Initializing dependencies
16 Apr 2026 16:09:54,289  INFO StartLogger - Initializing modules order
16 Apr 2026 16:09:54,293  INFO StartLogger - Initializing metacodes and classes
16 Apr 2026 16:09:55,130  INFO StartLogger - Error starting server, server will be stopped
16 Apr 2026 16:09:55,133  INFO StartLogger - Server is stopping...
16 Apr 2026 16:09:55,133  INFO StartLogger - Logics instance is stopping...
16 Apr 2026 16:09:55,135  INFO StartLogger - Logics instance has stopped...
16 Apr 2026 16:09:55,137  INFO StartLogger - Server has stopped...
16 Apr 2026 16:10:11,030  INFO StartLogger - Server is starting...
16 Apr 2026 16:10:11,172  INFO StartLogger - Current version: 6.2-SNAPSHOT (373)
16 Apr 2026 16:10:11,175  INFO StartLogger - Java version: 21.0.10
16 Apr 2026 16:10:11,175  INFO StartLogger - Class path: .:./*:../server.jar
16 Apr 2026 16:10:11,188  INFO StartLogger - JVM arguments: []
16 Apr 2026 16:10:12,861  INFO StartLogger - Logics instance is starting...
16 Apr 2026 16:10:12,913  INFO StartLogger - Initializing BusinessLogics
16 Apr 2026 16:10:12,962  INFO StartLogger - Initializing string literals data
16 Apr 2026 16:10:12,963  INFO StartLogger - Creating modules
16 Apr 2026 16:10:12,962  INFO StartLogger - Initializing localizer
16 Apr 2026 16:10:13,880  INFO StartLogger - Initializing dependencies
16 Apr 2026 16:10:14,107  INFO StartLogger - Initializing modules order
16 Apr 2026 16:10:14,111  INFO StartLogger - Initializing metacodes and classes
16 Apr 2026 16:10:14,867  INFO StartLogger - Error starting server, server will be stopped
16 Apr 2026 16:10:14,868  INFO StartLogger - Server is stopping...
16 Apr 2026 16:10:14,868  INFO StartLogger - Logics instance is stopping...
16 Apr 2026 16:10:14,870  INFO StartLogger - Logics instance has stopped...
16 Apr 2026 16:10:14,871  INFO StartLogger - Server has stopped...
16 Apr 2026 16:10:49,458  INFO StartLogger - Server is starting...
16 Apr 2026 16:10:49,601  INFO StartLogger - Current version: 6.2-SNAPSHOT (373)
16 Apr 2026 16:10:49,603  INFO StartLogger - Java version: 21.0.10
16 Apr 2026 16:10:49,604  INFO StartLogger - Class path: .:./*:../server.jar
16 Apr 2026 16:10:49,616  INFO StartLogger - JVM arguments: []
16 Apr 2026 16:10:51,377  INFO StartLogger - Logics instance is starting...
16 Apr 2026 16:10:51,417  INFO StartLogger - Initializing BusinessLogics
16 Apr 2026 16:10:51,453  INFO StartLogger - Initializing string literals data
16 Apr 2026 16:10:51,453  INFO StartLogger - Initializing localizer
16 Apr 2026 16:10:51,454  INFO StartLogger - Creating modules
16 Apr 2026 16:10:52,386  INFO StartLogger - Initializing dependencies
16 Apr 2026 16:10:52,643  INFO StartLogger - Initializing modules order
16 Apr 2026 16:10:52,646  INFO StartLogger - Initializing metacodes and classes
16 Apr 2026 16:10:53,561  INFO StartLogger - Error starting server, server will be stopped
16 Apr 2026 16:10:53,562  INFO StartLogger - Server is stopping...
16 Apr 2026 16:10:53,563  INFO StartLogger - Logics instance is stopping...
16 Apr 2026 16:10:53,565  INFO StartLogger - Logics instance has stopped...
16 Apr 2026 16:10:53,568  INFO StartLogger - Server has stopped...
16 Apr 2026 16:11:11,991  INFO StartLogger - Server is starting...
16 Apr 2026 16:11:12,155  INFO StartLogger - Current version: 6.2-SNAPSHOT (373)
16 Apr 2026 16:11:12,158  INFO StartLogger - Java version: 21.0.10
16 Apr 2026 16:11:12,158  INFO StartLogger - Class path: .:./*:../server.jar
16 Apr 2026 16:11:12,170  INFO StartLogger - JVM arguments: []
16 Apr 2026 16:11:13,825  INFO StartLogger - Logics instance is starting...
16 Apr 2026 16:11:13,865  INFO StartLogger - Initializing BusinessLogics
16 Apr 2026 16:11:13,897  INFO StartLogger - Initializing string literals data
16 Apr 2026 16:11:13,913  INFO StartLogger - Initializing localizer
16 Apr 2026 16:11:13,914  INFO StartLogger - Creating modules
16 Apr 2026 16:11:14,794  INFO StartLogger - Initializing dependencies
16 Apr 2026 16:11:15,040  INFO StartLogger - Initializing modules order
16 Apr 2026 16:11:15,047  INFO StartLogger - Initializing metacodes and classes
16 Apr 2026 16:11:15,821  INFO StartLogger - Error starting server, server will be stopped
16 Apr 2026 16:11:15,822  INFO StartLogger - Server is stopping...
16 Apr 2026 16:11:15,823  INFO StartLogger - Logics instance is stopping...
16 Apr 2026 16:11:15,824  INFO StartLogger - Logics instance has stopped...
16 Apr 2026 16:11:15,825  INFO StartLogger - Server has stopped...
16 Apr 2026 16:12:03,710  INFO StartLogger - Server is starting...
16 Apr 2026 16:12:03,846  INFO StartLogger - Current version: 6.2-SNAPSHOT (373)
16 Apr 2026 16:12:03,849  INFO StartLogger - Java version: 21.0.10
16 Apr 2026 16:12:03,850  INFO StartLogger - Class path: .:./*:../server.jar
16 Apr 2026 16:12:03,862  INFO StartLogger - JVM arguments: []
16 Apr 2026 16:12:05,725  INFO StartLogger - Logics instance is starting...
16 Apr 2026 16:12:05,754  INFO StartLogger - Initializing BusinessLogics
16 Apr 2026 16:12:05,800  INFO StartLogger - Initializing string literals data
16 Apr 2026 16:12:05,801  INFO StartLogger - Creating modules
16 Apr 2026 16:12:05,800  INFO StartLogger - Initializing localizer
16 Apr 2026 16:12:06,688  INFO StartLogger - Initializing dependencies
16 Apr 2026 16:12:06,923  INFO StartLogger - Initializing modules order
16 Apr 2026 16:12:06,928  INFO StartLogger - Initializing metacodes and classes
16 Apr 2026 16:12:07,801  INFO StartLogger - Initializing object class
16 Apr 2026 16:12:07,806  INFO StartLogger - Initializing tables
16 Apr 2026 16:12:07,900  INFO StartLogger - Initializing class tables
16 Apr 2026 16:12:08,027  INFO StartLogger - Initializing full tables with one key
16 Apr 2026 16:12:08,030  INFO StartLogger - Initializing main logic
16 Apr 2026 16:12:08,048  INFO StartLogger - Initializing main logic for module : #1 of 55 System (actual: 1)
16 Apr 2026 16:12:08,928  INFO StartLogger - Initializing main logic for module : #2 of 55 Com (actual: 49)
16 Apr 2026 16:12:08,929  INFO StartLogger - Initializing main logic for module : #5 of 55 AppMenu (actual: 32)
16 Apr 2026 16:12:08,929  INFO StartLogger - Initializing main logic for module : #4 of 55 DefaultData (actual: 12)
16 Apr 2026 16:12:08,929  INFO StartLogger - Initializing main logic for module : #9 of 55 Time (actual: 2)
16 Apr 2026 16:12:08,928  INFO StartLogger - Initializing main logic for module : #3 of 55 MasterData (actual: 7)
16 Apr 2026 16:12:08,929  INFO StartLogger - Initializing main logic for module : #7 of 55 Integration (actual: 46)
16 Apr 2026 16:12:08,929  INFO StartLogger - Initializing main logic for module : #8 of 55 Sound (actual: 27)
16 Apr 2026 16:12:08,935  INFO StartLogger - Initializing main logic for module : #11 of 55 UserEvents (actual: 15)
16 Apr 2026 16:12:08,934  INFO StartLogger - Initializing main logic for module : #10 of 55 Printer (actual: 10)
16 Apr 2026 16:12:08,938  INFO StartLogger - Initializing main logic for module : #13 of 55 Numerator (actual: 13)
16 Apr 2026 16:12:08,929  INFO StartLogger - Initializing main logic for module : #6 of 55 Image (actual: 11)
16 Apr 2026 16:12:08,937  INFO StartLogger - Initializing main logic for module : #12 of 55 ProcessUtils (actual: 29)
16 Apr 2026 16:12:09,468  INFO StartLogger - Initializing main logic for module : #14 of 55 Utils (actual: 3)
16 Apr 2026 16:12:09,657  INFO StartLogger - Initializing main logic for module : #15 of 55 Excel (actual: 18)
16 Apr 2026 16:12:09,658  INFO StartLogger - Initializing main logic for module : #18 of 55 Hierarchy (actual: 17)
16 Apr 2026 16:12:09,658  INFO StartLogger - Initializing main logic for module : #17 of 55 Authentication (actual: 4)
16 Apr 2026 16:12:09,657  INFO StartLogger - Initializing main logic for module : #16 of 55 Schedule (actual: 55)
16 Apr 2026 16:12:09,658  INFO StartLogger - Initializing main logic for module : #19 of 55 I18n (actual: 26)
16 Apr 2026 16:12:09,953  INFO StartLogger - Initializing main logic for module : #20 of 55 Document (actual: 14)
16 Apr 2026 16:12:09,953  INFO StartLogger - Initializing main logic for module : #23 of 55 Reflection (actual: 5)
16 Apr 2026 16:12:09,953  INFO StartLogger - Initializing main logic for module : #22 of 55 ProcessMonitor (actual: 44)
16 Apr 2026 16:12:09,953  INFO StartLogger - Initializing main logic for module : #21 of 55 Historizable (actual: 16)
16 Apr 2026 16:12:10,278  INFO StartLogger - Initializing main logic for module : #24 of 55 Messenger (actual: 24)
16 Apr 2026 16:12:10,278  INFO StartLogger - Initializing main logic for module : #25 of 55 SystemEvents (actual: 6)
16 Apr 2026 16:12:10,304  INFO StartLogger - Initializing main logic for module : #26 of 55 Skype (actual: 53)
16 Apr 2026 16:12:10,304  INFO StartLogger - Initializing main logic for module : #29 of 55 Telegram (actual: 50)
16 Apr 2026 16:12:10,304  INFO StartLogger - Initializing main logic for module : #28 of 55 Whatsapp (actual: 25)
16 Apr 2026 16:12:10,304  INFO StartLogger - Initializing main logic for module : #27 of 55 Slack (actual: 39)
16 Apr 2026 16:12:10,305  INFO StartLogger - Initializing main logic for module : #30 of 55 Viber (actual: 31)
16 Apr 2026 16:12:10,563  INFO StartLogger - Initializing main logic for module : #31 of 55 Word (actual: 8)
16 Apr 2026 16:12:10,564  INFO StartLogger - Initializing main logic for module : #35 of 55 Carousel (actual: 9)
16 Apr 2026 16:12:10,564  INFO StartLogger - Initializing main logic for module : #33 of 55 WebSocket (actual: 51)
16 Apr 2026 16:12:10,564  INFO StartLogger - Initializing main logic for module : #34 of 55 FrappeGantt (actual: 41)
16 Apr 2026 16:12:10,563  INFO StartLogger - Initializing main logic for module : #32 of 55 Email (actual: 19)
16 Apr 2026 16:12:10,567  INFO StartLogger - Initializing main logic for module : #39 of 55 RabbitMQ (actual: 52)
16 Apr 2026 16:12:10,568  INFO StartLogger - Initializing main logic for module : #40 of 55 OpenCV (actual: 54)
16 Apr 2026 16:12:10,565  INFO StartLogger - Initializing main logic for module : #38 of 55 Geo (actual: 30)
16 Apr 2026 16:12:10,564  INFO StartLogger - Initializing main logic for module : #37 of 55 Chart (actual: 48)
16 Apr 2026 16:12:10,564  INFO StartLogger - Initializing main logic for module : #36 of 55 Icon (actual: 40)
16 Apr 2026 16:12:10,577  INFO StartLogger - Initializing main logic for module : #41 of 55 QZTray (actual: 28)
16 Apr 2026 16:12:10,591  INFO StartLogger - Initializing main logic for module : #42 of 55 JKanban (actual: 38)
16 Apr 2026 16:12:10,724  INFO StartLogger - Initializing main logic for module : #43 of 55 Security (actual: 20)
16 Apr 2026 16:12:10,907  INFO StartLogger - Initializing main logic for module : #44 of 55 Service (actual: 21)
16 Apr 2026 16:12:11,203  INFO StartLogger - Initializing main logic for module : #45 of 55 Profiler (actual: 22)
16 Apr 2026 16:12:11,204  INFO StartLogger - Initializing main logic for module : #49 of 55 Eval (actual: 23)
16 Apr 2026 16:12:11,203  INFO StartLogger - Initializing main logic for module : #48 of 55 Chat (actual: 47)
16 Apr 2026 16:12:11,203  INFO StartLogger - Initializing main logic for module : #47 of 55 SQLUtils (actual: 45)
16 Apr 2026 16:12:11,203  INFO StartLogger - Initializing main logic for module : #46 of 55 Scheduler (actual: 42)
16 Apr 2026 16:12:11,324  INFO StartLogger - Initializing main logic for module : #50 of 55 Backup (actual: 43)
16 Apr 2026 16:12:11,375  INFO StartLogger - Error starting server, server will be stopped
16 Apr 2026 16:12:11,376  INFO StartLogger - Server is stopping...
16 Apr 2026 16:12:11,377  INFO StartLogger - Logics instance is stopping...
16 Apr 2026 16:12:11,378  INFO StartLogger - Logics instance has stopped...
16 Apr 2026 16:12:11,380  INFO StartLogger - Server has stopped...
16 Apr 2026 16:13:14,159  INFO StartLogger - Server is starting...
16 Apr 2026 16:13:14,302  INFO StartLogger - Current version: 6.2-SNAPSHOT (373)
16 Apr 2026 16:13:14,305  INFO StartLogger - Java version: 21.0.10
16 Apr 2026 16:13:14,305  INFO StartLogger - Class path: .:./*:../server.jar
16 Apr 2026 16:13:14,338  INFO StartLogger - JVM arguments: []
16 Apr 2026 16:13:16,137  INFO StartLogger - Logics instance is starting...
16 Apr 2026 16:13:16,174  INFO StartLogger - Initializing BusinessLogics
16 Apr 2026 16:13:16,214  INFO StartLogger - Initializing string literals data
16 Apr 2026 16:13:16,215  INFO StartLogger - Initializing localizer
16 Apr 2026 16:13:16,215  INFO StartLogger - Creating modules
16 Apr 2026 16:13:17,185  INFO StartLogger - Initializing dependencies
16 Apr 2026 16:13:17,661  INFO StartLogger - Initializing modules order
16 Apr 2026 16:13:17,665  INFO StartLogger - Initializing metacodes and classes
16 Apr 2026 16:13:18,714  INFO StartLogger - Initializing object class
16 Apr 2026 16:13:18,725  INFO StartLogger - Initializing tables
16 Apr 2026 16:13:18,802  INFO StartLogger - Initializing class tables
16 Apr 2026 16:13:18,986  INFO StartLogger - Initializing full tables with one key
16 Apr 2026 16:13:18,988  INFO StartLogger - Initializing main logic
16 Apr 2026 16:13:19,004  INFO StartLogger - Initializing main logic for module : #1 of 55 System (actual: 1)
16 Apr 2026 16:13:19,845  INFO StartLogger - Initializing main logic for module : #2 of 55 Com (actual: 49)
16 Apr 2026 16:13:19,845  INFO StartLogger - Initializing main logic for module : #4 of 55 UserEvents (actual: 15)
16 Apr 2026 16:13:19,845  INFO StartLogger - Initializing main logic for module : #3 of 55 MasterData (actual: 7)
16 Apr 2026 16:13:19,846  INFO StartLogger - Initializing main logic for module : #9 of 55 Time (actual: 2)
16 Apr 2026 16:13:19,846  INFO StartLogger - Initializing main logic for module : #8 of 55 Sound (actual: 27)
16 Apr 2026 16:13:19,846  INFO StartLogger - Initializing main logic for module : #7 of 55 AppMenu (actual: 32)
16 Apr 2026 16:13:19,845  INFO StartLogger - Initializing main logic for module : #5 of 55 DefaultData (actual: 12)
16 Apr 2026 16:13:19,845  INFO StartLogger - Initializing main logic for module : #6 of 55 Image (actual: 11)
16 Apr 2026 16:13:19,850  INFO StartLogger - Initializing main logic for module : #12 of 55 Student (actual: 33)
16 Apr 2026 16:13:19,849  INFO StartLogger - Initializing main logic for module : #10 of 55 Printer (actual: 10)
16 Apr 2026 16:13:19,852  INFO StartLogger - Initializing main logic for module : #13 of 55 Discipline (actual: 34)
16 Apr 2026 16:13:19,850  INFO StartLogger - Initializing main logic for module : #11 of 55 Integration (actual: 46)
16 Apr 2026 16:13:19,876  INFO StartLogger - Initializing main logic for module : #14 of 55 Numerator (actual: 13)
16 Apr 2026 16:13:19,883  INFO StartLogger - Initializing main logic for module : #15 of 55 ProcessUtils (actual: 29)
16 Apr 2026 16:13:20,509  INFO StartLogger - Initializing main logic for module : #16 of 55 Utils (actual: 3)
16 Apr 2026 16:13:20,751  INFO StartLogger - Initializing main logic for module : #17 of 55 I18n (actual: 26)
16 Apr 2026 16:13:20,751  INFO StartLogger - Initializing main logic for module : #20 of 55 Excel (actual: 18)
16 Apr 2026 16:13:20,751  INFO StartLogger - Initializing main logic for module : #19 of 55 Hierarchy (actual: 17)
16 Apr 2026 16:13:20,751  INFO StartLogger - Initializing main logic for module : #18 of 55 Authentication (actual: 4)
16 Apr 2026 16:13:20,751  INFO StartLogger - Initializing main logic for module : #21 of 55 Schedule (actual: 55)
16 Apr 2026 16:13:21,294  INFO StartLogger - Initializing main logic for module : #22 of 55 Document (actual: 14)
16 Apr 2026 16:13:21,295  INFO StartLogger - Initializing main logic for module : #25 of 55 Historizable (actual: 16)
16 Apr 2026 16:13:21,295  INFO StartLogger - Initializing main logic for module : #24 of 55 Reflection (actual: 5)
16 Apr 2026 16:13:21,294  INFO StartLogger - Initializing main logic for module : #23 of 55 ProcessMonitor (actual: 44)
16 Apr 2026 16:13:21,688  INFO StartLogger - Initializing main logic for module : #26 of 55 Messenger (actual: 24)
16 Apr 2026 16:13:21,688  INFO StartLogger - Initializing main logic for module : #27 of 55 SystemEvents (actual: 6)
16 Apr 2026 16:13:21,785  INFO StartLogger - Initializing main logic for module : #28 of 55 Telegram (actual: 50)
16 Apr 2026 16:13:21,786  INFO StartLogger - Initializing main logic for module : #32 of 55 Viber (actual: 31)
16 Apr 2026 16:13:21,786  INFO StartLogger - Initializing main logic for module : #31 of 55 Slack (actual: 39)
16 Apr 2026 16:13:21,785  INFO StartLogger - Initializing main logic for module : #29 of 55 Whatsapp (actual: 25)
16 Apr 2026 16:13:21,786  INFO StartLogger - Initializing main logic for module : #30 of 55 Skype (actual: 53)
16 Apr 2026 16:13:22,037  INFO StartLogger - Initializing main logic for module : #33 of 55 WebSocket (actual: 51)
16 Apr 2026 16:13:22,038  INFO StartLogger - Initializing main logic for module : #38 of 55 QZTray (actual: 28)
16 Apr 2026 16:13:22,037  INFO StartLogger - Initializing main logic for module : #37 of 55 RabbitMQ (actual: 52)
16 Apr 2026 16:13:22,037  INFO StartLogger - Initializing main logic for module : #36 of 55 Word (actual: 8)
16 Apr 2026 16:13:22,037  INFO StartLogger - Initializing main logic for module : #35 of 55 Carousel (actual: 9)
16 Apr 2026 16:13:22,037  INFO StartLogger - Initializing main logic for module : #34 of 55 FrappeGantt (actual: 41)
16 Apr 2026 16:13:22,038  INFO StartLogger - Initializing main logic for module : #39 of 55 Chart (actual: 48)
16 Apr 2026 16:13:22,038  INFO StartLogger - Initializing main logic for module : #40 of 55 Email (actual: 19)
16 Apr 2026 16:13:22,075  INFO StartLogger - Initializing main logic for module : #42 of 55 Geo (actual: 30)
16 Apr 2026 16:13:22,044  INFO StartLogger - Initializing main logic for module : #41 of 55 Icon (actual: 40)
16 Apr 2026 16:13:22,077  INFO StartLogger - Initializing main logic for module : #44 of 55 JKanban (actual: 38)
16 Apr 2026 16:13:22,076  INFO StartLogger - Initializing main logic for module : #43 of 55 OpenCV (actual: 54)
16 Apr 2026 16:13:22,184  INFO StartLogger - Initializing main logic for module : #45 of 55 Security (actual: 20)
16 Apr 2026 16:13:22,392  INFO StartLogger - Initializing main logic for module : #46 of 55 Service (actual: 21)
16 Apr 2026 16:13:22,644  INFO StartLogger - Initializing main logic for module : #47 of 55 Scheduler (actual: 42)
16 Apr 2026 16:13:22,645  INFO StartLogger - Initializing main logic for module : #50 of 55 SQLUtils (actual: 45)
16 Apr 2026 16:13:22,645  INFO StartLogger - Initializing main logic for module : #49 of 55 Profiler (actual: 22)
16 Apr 2026 16:13:22,645  INFO StartLogger - Initializing main logic for module : #51 of 55 Eval (actual: 23)
16 Apr 2026 16:13:22,644  INFO StartLogger - Initializing main logic for module : #48 of 55 Chat (actual: 47)
16 Apr 2026 16:13:22,736  INFO StartLogger - Initializing main logic for module : #52 of 55 Backup (actual: 43)
16 Apr 2026 16:13:22,780  INFO StartLogger - Error starting server, server will be stopped
16 Apr 2026 16:13:22,781  INFO StartLogger - Server is stopping...
16 Apr 2026 16:13:22,781  INFO StartLogger - Logics instance is stopping...
16 Apr 2026 16:13:22,782  INFO StartLogger - Logics instance has stopped...
16 Apr 2026 16:13:22,785  INFO StartLogger - Server has stopped...
16 Apr 2026 16:15:46,086  INFO StartLogger - Server is starting...
16 Apr 2026 16:15:46,243  INFO StartLogger - Current version: 6.2-SNAPSHOT (373)
16 Apr 2026 16:15:46,245  INFO StartLogger - Java version: 21.0.10
16 Apr 2026 16:15:46,246  INFO StartLogger - Class path: .:./*:../server.jar
16 Apr 2026 16:15:46,258  INFO StartLogger - JVM arguments: []
16 Apr 2026 16:15:47,859  INFO StartLogger - Logics instance is starting...
16 Apr 2026 16:15:47,888  INFO StartLogger - Initializing BusinessLogics
16 Apr 2026 16:15:47,921  INFO StartLogger - Initializing string literals data
16 Apr 2026 16:15:47,922  INFO StartLogger - Initializing localizer
16 Apr 2026 16:15:47,922  INFO StartLogger - Creating modules
16 Apr 2026 16:15:48,975  INFO StartLogger - Initializing dependencies
16 Apr 2026 16:15:49,234  INFO StartLogger - Initializing modules order
16 Apr 2026 16:15:49,244  INFO StartLogger - Initializing metacodes and classes
16 Apr 2026 16:15:50,054  INFO StartLogger - Initializing object class
16 Apr 2026 16:15:50,059  INFO StartLogger - Initializing tables
16 Apr 2026 16:15:50,135  INFO StartLogger - Initializing class tables
16 Apr 2026 16:15:50,250  INFO StartLogger - Initializing full tables with one key
16 Apr 2026 16:15:50,252  INFO StartLogger - Initializing main logic
16 Apr 2026 16:15:50,272  INFO StartLogger - Initializing main logic for module : #1 of 55 System (actual: 1)
16 Apr 2026 16:15:51,044  INFO StartLogger - Initializing main logic for module : #2 of 55 Integration (actual: 46)
16 Apr 2026 16:15:51,044  INFO StartLogger - Initializing main logic for module : #6 of 55 Com (actual: 49)
16 Apr 2026 16:15:51,044  INFO StartLogger - Initializing main logic for module : #5 of 55 Sound (actual: 27)
16 Apr 2026 16:15:51,044  INFO StartLogger - Initializing main logic for module : #4 of 55 ProcessUtils (actual: 29)
16 Apr 2026 16:15:51,044  INFO StartLogger - Initializing main logic for module : #3 of 55 Time (actual: 2)
16 Apr 2026 16:15:51,048  INFO StartLogger - Initializing main logic for module : #10 of 55 MasterData (actual: 7)
16 Apr 2026 16:15:51,045  INFO StartLogger - Initializing main logic for module : #9 of 55 UserEvents (actual: 15)
16 Apr 2026 16:15:51,045  INFO StartLogger - Initializing main logic for module : #8 of 55 Printer (actual: 10)
16 Apr 2026 16:15:51,045  INFO StartLogger - Initializing main logic for module : #7 of 55 AppMenu (actual: 32)
16 Apr 2026 16:15:51,050  INFO StartLogger - Initializing main logic for module : #12 of 55 DefaultData (actual: 12)
16 Apr 2026 16:15:51,049  INFO StartLogger - Initializing main logic for module : #11 of 55 Image (actual: 11)
16 Apr 2026 16:15:51,060  INFO StartLogger - Initializing main logic for module : #13 of 55 Discipline (actual: 34)
16 Apr 2026 16:15:51,061  INFO StartLogger - Initializing main logic for module : #14 of 55 Student (actual: 33)
16 Apr 2026 16:15:51,068  INFO StartLogger - Initializing main logic for module : #15 of 55 Numerator (actual: 13)
16 Apr 2026 16:15:51,753  INFO StartLogger - Initializing main logic for module : #16 of 55 Utils (actual: 3)
16 Apr 2026 16:15:51,948  INFO StartLogger - Initializing main logic for module : #17 of 55 I18n (actual: 26)
16 Apr 2026 16:15:51,949  INFO StartLogger - Initializing main logic for module : #20 of 55 Hierarchy (actual: 17)
16 Apr 2026 16:15:51,948  INFO StartLogger - Initializing main logic for module : #19 of 55 Authentication (actual: 4)
16 Apr 2026 16:15:51,948  INFO StartLogger - Initializing main logic for module : #18 of 55 Excel (actual: 18)
16 Apr 2026 16:15:51,949  INFO StartLogger - Initializing main logic for module : #21 of 55 Schedule (actual: 55)
16 Apr 2026 16:15:52,367  INFO StartLogger - Initializing main logic for module : #22 of 55 Reflection (actual: 5)
16 Apr 2026 16:15:52,368  INFO StartLogger - Initializing main logic for module : #25 of 55 ProcessMonitor (actual: 44)
16 Apr 2026 16:15:52,368  INFO StartLogger - Initializing main logic for module : #24 of 55 Document (actual: 14)
16 Apr 2026 16:15:52,367  INFO StartLogger - Initializing main logic for module : #23 of 55 Historizable (actual: 16)
16 Apr 2026 16:15:52,609  INFO StartLogger - Initializing main logic for module : #26 of 55 Messenger (actual: 24)
16 Apr 2026 16:15:52,609  INFO StartLogger - Initializing main logic for module : #27 of 55 SystemEvents (actual: 6)
16 Apr 2026 16:15:52,634  INFO StartLogger - Initializing main logic for module : #28 of 55 Slack (actual: 39)
16 Apr 2026 16:15:52,634  INFO StartLogger - Initializing main logic for module : #32 of 55 Skype (actual: 53)
16 Apr 2026 16:15:52,634  INFO StartLogger - Initializing main logic for module : #31 of 55 Viber (actual: 31)
16 Apr 2026 16:15:52,634  INFO StartLogger - Initializing main logic for module : #30 of 55 Telegram (actual: 50)
16 Apr 2026 16:15:52,634  INFO StartLogger - Initializing main logic for module : #29 of 55 Whatsapp (actual: 25)
16 Apr 2026 16:15:52,886  INFO StartLogger - Initializing main logic for module : #33 of 55 Email (actual: 19)
16 Apr 2026 16:15:52,886  INFO StartLogger - Initializing main logic for module : #35 of 55 Geo (actual: 30)
16 Apr 2026 16:15:52,887  INFO StartLogger - Initializing main logic for module : #37 of 55 QZTray (actual: 28)
16 Apr 2026 16:15:52,886  INFO StartLogger - Initializing main logic for module : #34 of 55 OpenCV (actual: 54)
16 Apr 2026 16:15:52,888  INFO StartLogger - Initializing main logic for module : #40 of 55 Word (actual: 8)
16 Apr 2026 16:15:52,888  INFO StartLogger - Initializing main logic for module : #39 of 55 Icon (actual: 40)
16 Apr 2026 16:15:52,887  INFO StartLogger - Initializing main logic for module : #38 of 55 FrappeGantt (actual: 41)
16 Apr 2026 16:15:52,886  INFO StartLogger - Initializing main logic for module : #36 of 55 WebSocket (actual: 51)
16 Apr 2026 16:15:52,908  INFO StartLogger - Initializing main logic for module : #41 of 55 RabbitMQ (actual: 52)
16 Apr 2026 16:15:52,915  INFO StartLogger - Initializing main logic for module : #42 of 55 Carousel (actual: 9)
16 Apr 2026 16:15:52,921  INFO StartLogger - Initializing main logic for module : #43 of 55 JKanban (actual: 38)
16 Apr 2026 16:15:52,924  INFO StartLogger - Initializing main logic for module : #44 of 55 Chart (actual: 48)
16 Apr 2026 16:15:53,047  INFO StartLogger - Initializing main logic for module : #45 of 55 Security (actual: 20)
16 Apr 2026 16:15:53,312  INFO StartLogger - Initializing main logic for module : #46 of 55 Service (actual: 21)
16 Apr 2026 16:15:53,572  INFO StartLogger - Initializing main logic for module : #47 of 55 Eval (actual: 23)
16 Apr 2026 16:15:53,572  INFO StartLogger - Initializing main logic for module : #51 of 55 Scheduler (actual: 42)
16 Apr 2026 16:15:53,572  INFO StartLogger - Initializing main logic for module : #50 of 55 Chat (actual: 47)
16 Apr 2026 16:15:53,572  INFO StartLogger - Initializing main logic for module : #48 of 55 SQLUtils (actual: 45)
16 Apr 2026 16:15:53,572  INFO StartLogger - Initializing main logic for module : #49 of 55 Profiler (actual: 22)
16 Apr 2026 16:15:53,662  INFO StartLogger - Initializing main logic for module : #52 of 55 Backup (actual: 43)
16 Apr 2026 16:15:53,721  INFO StartLogger - Error starting server, server will be stopped
16 Apr 2026 16:15:53,722  INFO StartLogger - Server is stopping...
16 Apr 2026 16:15:53,722  INFO StartLogger - Logics instance is stopping...
16 Apr 2026 16:15:53,723  INFO StartLogger - Logics instance has stopped...
16 Apr 2026 16:15:53,725  INFO StartLogger - Server has stopped...
16 Apr 2026 16:17:45,054  INFO StartLogger - Server is starting...
16 Apr 2026 16:17:45,201  INFO StartLogger - Current version: 6.2-SNAPSHOT (373)
16 Apr 2026 16:17:45,204  INFO StartLogger - Java version: 21.0.10
16 Apr 2026 16:17:45,205  INFO StartLogger - Class path: .:./*:../server.jar
16 Apr 2026 16:17:45,215  INFO StartLogger - JVM arguments: []
16 Apr 2026 16:17:46,938  INFO StartLogger - Logics instance is starting...
16 Apr 2026 16:17:46,976  INFO StartLogger - Initializing BusinessLogics
16 Apr 2026 16:17:47,018  INFO StartLogger - Initializing string literals data
16 Apr 2026 16:17:47,019  INFO StartLogger - Creating modules
16 Apr 2026 16:17:47,018  INFO StartLogger - Initializing localizer
16 Apr 2026 16:17:48,036  INFO StartLogger - Initializing dependencies
16 Apr 2026 16:17:48,300  INFO StartLogger - Initializing modules order
16 Apr 2026 16:17:48,305  INFO StartLogger - Initializing metacodes and classes
16 Apr 2026 16:17:49,092  INFO StartLogger - Initializing object class
16 Apr 2026 16:17:49,099  INFO StartLogger - Initializing tables
16 Apr 2026 16:17:49,199  INFO StartLogger - Initializing class tables
16 Apr 2026 16:17:49,386  INFO StartLogger - Initializing full tables with one key
16 Apr 2026 16:17:49,388  INFO StartLogger - Initializing main logic
16 Apr 2026 16:17:49,408  INFO StartLogger - Initializing main logic for module : #1 of 55 System (actual: 1)
16 Apr 2026 16:17:50,366  INFO StartLogger - Initializing main logic for module : #2 of 55 Com (actual: 49)
16 Apr 2026 16:17:50,367  INFO StartLogger - Initializing main logic for module : #5 of 55 Time (actual: 2)
16 Apr 2026 16:17:50,367  INFO StartLogger - Initializing main logic for module : #8 of 55 AppMenu (actual: 32)
16 Apr 2026 16:17:50,366  INFO StartLogger - Initializing main logic for module : #4 of 55 Integration (actual: 46)
16 Apr 2026 16:17:50,366  INFO StartLogger - Initializing main logic for module : #3 of 55 DefaultData (actual: 12)
16 Apr 2026 16:17:50,367  INFO StartLogger - Initializing main logic for module : #9 of 55 Printer (actual: 10)
16 Apr 2026 16:17:50,367  INFO StartLogger - Initializing main logic for module : #7 of 55 Sound (actual: 27)
16 Apr 2026 16:17:50,367  INFO StartLogger - Initializing main logic for module : #6 of 55 Image (actual: 11)
16 Apr 2026 16:17:50,372  INFO StartLogger - Initializing main logic for module : #12 of 55 Student (actual: 33)
16 Apr 2026 16:17:50,370  INFO StartLogger - Initializing main logic for module : #10 of 55 UserEvents (actual: 15)
16 Apr 2026 16:17:50,372  INFO StartLogger - Initializing main logic for module : #11 of 55 MasterData (actual: 7)
16 Apr 2026 16:17:50,379  INFO StartLogger - Initializing main logic for module : #13 of 55 Discipline (actual: 34)
16 Apr 2026 16:17:50,379  INFO StartLogger - Initializing main logic for module : #14 of 55 ProcessUtils (actual: 29)
16 Apr 2026 16:17:50,381  INFO StartLogger - Initializing main logic for module : #15 of 55 Numerator (actual: 13)
16 Apr 2026 16:17:51,235  INFO StartLogger - Initializing main logic for module : #16 of 55 Question (actual: 35)
16 Apr 2026 16:17:51,358  INFO StartLogger - Initializing main logic for module : #17 of 55 Utils (actual: 3)
16 Apr 2026 16:17:51,785  INFO StartLogger - Initializing main logic for module : #18 of 55 Hierarchy (actual: 17)
16 Apr 2026 16:17:51,785  INFO StartLogger - Initializing main logic for module : #19 of 55 TestingSession (actual: 36)
16 Apr 2026 16:17:51,787  INFO StartLogger - Initializing main logic for module : #23 of 55 I18n (actual: 26)
16 Apr 2026 16:17:51,786  INFO StartLogger - Initializing main logic for module : #22 of 55 Excel (actual: 18)
16 Apr 2026 16:17:51,786  INFO StartLogger - Initializing main logic for module : #21 of 55 Schedule (actual: 55)
16 Apr 2026 16:17:51,786  INFO StartLogger - Initializing main logic for module : #20 of 55 Authentication (actual: 4)
16 Apr 2026 16:17:51,839  INFO StartLogger - Initializing main logic for module : #24 of 55 PerformanceReport (actual: 37)
16 Apr 2026 16:17:52,452  INFO StartLogger - Initializing main logic for module : #25 of 55 Historizable (actual: 16)
16 Apr 2026 16:17:52,452  INFO StartLogger - Initializing main logic for module : #27 of 55 Document (actual: 14)
16 Apr 2026 16:17:52,453  INFO StartLogger - Initializing main logic for module : #28 of 55 ProcessMonitor (actual: 44)
16 Apr 2026 16:17:52,452  INFO StartLogger - Initializing main logic for module : #26 of 55 Reflection (actual: 5)
16 Apr 2026 16:17:52,740  INFO StartLogger - Initializing main logic for module : #29 of 55 Messenger (actual: 24)
16 Apr 2026 16:17:52,740  INFO StartLogger - Initializing main logic for module : #30 of 55 SystemEvents (actual: 6)
16 Apr 2026 16:17:52,769  INFO StartLogger - Initializing main logic for module : #31 of 55 Viber (actual: 31)
16 Apr 2026 16:17:52,769  INFO StartLogger - Initializing main logic for module : #35 of 55 Whatsapp (actual: 25)
16 Apr 2026 16:17:52,769  INFO StartLogger - Initializing main logic for module : #34 of 55 Telegram (actual: 50)
16 Apr 2026 16:17:52,769  INFO StartLogger - Initializing main logic for module : #33 of 55 Skype (actual: 53)
16 Apr 2026 16:17:52,769  INFO StartLogger - Initializing main logic for module : #32 of 55 Slack (actual: 39)
16 Apr 2026 16:17:53,069  INFO StartLogger - Initializing main logic for module : #36 of 55 FrappeGantt (actual: 41)
16 Apr 2026 16:17:53,070  INFO StartLogger - Initializing main logic for module : #40 of 55 Email (actual: 19)
16 Apr 2026 16:17:53,070  INFO StartLogger - Initializing main logic for module : #38 of 55 Icon (actual: 40)
16 Apr 2026 16:17:53,070  INFO StartLogger - Initializing main logic for module : #39 of 55 WebSocket (actual: 51)
16 Apr 2026 16:17:53,072  INFO StartLogger - Initializing main logic for module : #44 of 55 Word (actual: 8)
16 Apr 2026 16:17:53,070  INFO StartLogger - Initializing main logic for module : #43 of 55 Geo (actual: 30)
16 Apr 2026 16:17:53,069  INFO StartLogger - Initializing main logic for module : #37 of 55 Chart (actual: 48)
16 Apr 2026 16:17:53,070  INFO StartLogger - Initializing main logic for module : #41 of 55 RabbitMQ (actual: 52)
16 Apr 2026 16:17:53,070  INFO StartLogger - Initializing main logic for module : #42 of 55 QZTray (actual: 28)
16 Apr 2026 16:17:53,090  INFO StartLogger - Initializing main logic for module : #45 of 55 OpenCV (actual: 54)
16 Apr 2026 16:17:53,104  INFO StartLogger - Initializing main logic for module : #46 of 55 Carousel (actual: 9)
16 Apr 2026 16:17:53,104  INFO StartLogger - Initializing main logic for module : #47 of 55 JKanban (actual: 38)
16 Apr 2026 16:17:53,235  INFO StartLogger - Initializing main logic for module : #48 of 55 Security (actual: 20)
16 Apr 2026 16:17:53,557  INFO StartLogger - Initializing main logic for module : #49 of 55 Service (actual: 21)
16 Apr 2026 16:17:53,928  INFO StartLogger - Initializing main logic for module : #50 of 55 Eval (actual: 23)
16 Apr 2026 16:17:53,929  INFO StartLogger - Initializing main logic for module : #53 of 55 Scheduler (actual: 42)
16 Apr 2026 16:17:53,928  INFO StartLogger - Initializing main logic for module : #51 of 55 SQLUtils (actual: 45)
16 Apr 2026 16:17:53,929  INFO StartLogger - Initializing main logic for module : #52 of 55 Chat (actual: 47)
16 Apr 2026 16:17:53,929  INFO StartLogger - Initializing main logic for module : #54 of 55 Profiler (actual: 22)
16 Apr 2026 16:17:54,051  INFO StartLogger - Initializing main logic for module : #55 of 55 Backup (actual: 43)
16 Apr 2026 16:17:54,119  INFO StartLogger - Finalizing groups
16 Apr 2026 16:17:54,119  INFO StartLogger - Finalizing classes
16 Apr 2026 16:17:54,119  INFO StartLogger - Checking for duplicate elements
16 Apr 2026 16:17:54,192  INFO StartLogger - Initializing class dialog forms
16 Apr 2026 16:17:54,192  INFO StartLogger - Filling implicit cases
16 Apr 2026 16:17:54,194  INFO StartLogger - Finalizing abstract actions
16 Apr 2026 16:17:54,195  INFO StartLogger - Initializing abstract properties
16 Apr 2026 16:17:54,272  INFO StartLogger - Initializing fields for data and materialized properties
16 Apr 2026 16:17:54,272  INFO StartLogger - Initializing class aggr props
16 Apr 2026 16:17:54,272  INFO StartLogger - Checking abstract
16 Apr 2026 16:17:54,272  INFO StartLogger - Looking for recursions in abstract actions
16 Apr 2026 16:17:54,668  INFO StartLogger - Setting up drill-down
16 Apr 2026 16:17:54,687  INFO StartLogger - Setting up property policy
16 Apr 2026 16:17:54,795  INFO StartLogger - Initializing indices
16 Apr 2026 16:17:54,797  INFO StartLogger - Finalizing tables
16 Apr 2026 16:17:54,855  INFO StartLogger - Finalizing navigator elements
16 Apr 2026 16:17:54,894  INFO StartLogger - Initializing reflection events
16 Apr 2026 16:17:54,898  INFO StartLogger - Setting up action policy
16 Apr 2026 16:17:57,199  INFO StartLogger - Setting user logging for properties
16 Apr 2026 16:17:57,272  INFO StartLogger - Setting user materialized for properties
16 Apr 2026 16:17:57,280  INFO StartLogger - Setting user not null constraints for properties
16 Apr 2026 16:17:57,298  INFO StartLogger - Disabling input list
16 Apr 2026 16:17:57,321  INFO StartLogger - Setting user select for properties
16 Apr 2026 16:17:57,356  INFO StartLogger - Setting up loggables
16 Apr 2026 16:17:57,356  INFO StartLogger - Finalizing forms
16 Apr 2026 16:17:57,367  INFO StartLogger - Initializing class data indexes
16 Apr 2026 16:17:57,489  INFO StartLogger - Finalizing properties
16 Apr 2026 16:17:57,577  INFO StartLogger - Synchronizing DB
16 Apr 2026 16:17:57,694  INFO StartLogger - Module Machinery has been dropped
16 Apr 2026 16:17:57,715  INFO StartLogger - Error starting server, server will be stopped
16 Apr 2026 16:17:57,716  INFO StartLogger - Server is stopping...
16 Apr 2026 16:17:57,717  INFO StartLogger - Logics instance is stopping...
16 Apr 2026 16:17:57,719  INFO StartLogger - Logics instance has stopped...
16 Apr 2026 16:17:57,721  INFO StartLogger - Server has stopped...
16 Apr 2026 16:19:11,081  INFO StartLogger - Server is starting...
16 Apr 2026 16:19:11,689  INFO StartLogger - Current version: 6.2-SNAPSHOT (373)
16 Apr 2026 16:19:11,694  INFO StartLogger - Java version: 21.0.10
16 Apr 2026 16:19:11,695  INFO StartLogger - Class path: .:./*:../server.jar
16 Apr 2026 16:19:11,727  INFO StartLogger - JVM arguments: []
16 Apr 2026 16:19:14,724  INFO StartLogger - Logics instance is starting...
16 Apr 2026 16:19:14,838  INFO StartLogger - Initializing BusinessLogics
16 Apr 2026 16:19:14,919  INFO StartLogger - Initializing localizer
16 Apr 2026 16:19:14,920  INFO StartLogger - Initializing string literals data
16 Apr 2026 16:19:14,921  INFO StartLogger - Creating modules
16 Apr 2026 16:19:16,953  INFO StartLogger - Initializing dependencies
16 Apr 2026 16:19:17,438  INFO StartLogger - Initializing modules order
16 Apr 2026 16:19:17,444  INFO StartLogger - Initializing metacodes and classes
16 Apr 2026 16:19:19,823  INFO StartLogger - Initializing object class
16 Apr 2026 16:19:19,835  INFO StartLogger - Initializing tables
16 Apr 2026 16:19:20,099  INFO StartLogger - Initializing class tables
16 Apr 2026 16:19:20,735  INFO StartLogger - Initializing full tables with one key
16 Apr 2026 16:19:20,738  INFO StartLogger - Initializing main logic
16 Apr 2026 16:19:20,796  INFO StartLogger - Initializing main logic for module : #1 of 55 System (actual: 1)
16 Apr 2026 16:19:22,915  INFO StartLogger - Initializing main logic for module : #2 of 55 DefaultData (actual: 12)
16 Apr 2026 16:19:22,916  INFO StartLogger - Initializing main logic for module : #9 of 55 MasterData (actual: 7)
16 Apr 2026 16:19:22,916  INFO StartLogger - Initializing main logic for module : #8 of 55 UserEvents (actual: 15)
16 Apr 2026 16:19:22,916  INFO StartLogger - Initializing main logic for module : #7 of 55 Image (actual: 11)
16 Apr 2026 16:19:22,916  INFO StartLogger - Initializing main logic for module : #6 of 55 Com (actual: 49)
16 Apr 2026 16:19:22,915  INFO StartLogger - Initializing main logic for module : #4 of 55 ProcessUtils (actual: 29)
16 Apr 2026 16:19:22,915  INFO StartLogger - Initializing main logic for module : #5 of 55 Printer (actual: 10)
16 Apr 2026 16:19:22,927  INFO StartLogger - Initializing main logic for module : #11 of 55 AppMenu (actual: 32)
16 Apr 2026 16:19:22,915  INFO StartLogger - Initializing main logic for module : #3 of 55 Time (actual: 2)
16 Apr 2026 16:19:22,931  INFO StartLogger - Initializing main logic for module : #13 of 55 Student (actual: 33)
16 Apr 2026 16:19:22,928  INFO StartLogger - Initializing main logic for module : #12 of 55 Numerator (actual: 13)
16 Apr 2026 16:19:22,940  INFO StartLogger - Initializing main logic for module : #14 of 55 Discipline (actual: 34)
16 Apr 2026 16:19:22,924  INFO StartLogger - Initializing main logic for module : #10 of 55 Integration (actual: 46)
16 Apr 2026 16:19:22,953  INFO StartLogger - Initializing main logic for module : #15 of 55 Sound (actual: 27)
16 Apr 2026 16:19:24,044  INFO StartLogger - Initializing main logic for module : #16 of 55 Question (actual: 35)
16 Apr 2026 16:19:24,154  INFO StartLogger - Initializing main logic for module : #17 of 55 Utils (actual: 3)
16 Apr 2026 16:19:24,879  INFO StartLogger - Initializing main logic for module : #18 of 55 Schedule (actual: 55)
16 Apr 2026 16:19:24,880  INFO StartLogger - Initializing main logic for module : #22 of 55 Hierarchy (actual: 17)
16 Apr 2026 16:19:24,880  INFO StartLogger - Initializing main logic for module : #23 of 55 Authentication (actual: 4)
16 Apr 2026 16:19:24,880  INFO StartLogger - Initializing main logic for module : #21 of 55 TestingSession (actual: 36)
16 Apr 2026 16:19:24,879  INFO StartLogger - Initializing main logic for module : #19 of 55 I18n (actual: 26)
16 Apr 2026 16:19:24,880  INFO StartLogger - Initializing main logic for module : #20 of 55 Excel (actual: 18)
16 Apr 2026 16:19:24,946  INFO StartLogger - Initializing main logic for module : #24 of 55 PerformanceReport (actual: 37)
16 Apr 2026 16:19:26,555  INFO StartLogger - Initializing main logic for module : #25 of 55 Reflection (actual: 5)
16 Apr 2026 16:19:26,558  INFO StartLogger - Initializing main logic for module : #26 of 55 Document (actual: 14)
16 Apr 2026 16:19:26,556  INFO StartLogger - Initializing main logic for module : #28 of 55 Historizable (actual: 16)
16 Apr 2026 16:19:26,556  INFO StartLogger - Initializing main logic for module : #27 of 55 ProcessMonitor (actual: 44)
16 Apr 2026 16:19:27,062  INFO StartLogger - Initializing main logic for module : #29 of 55 Messenger (actual: 24)
16 Apr 2026 16:19:27,062  INFO StartLogger - Initializing main logic for module : #30 of 55 SystemEvents (actual: 6)
16 Apr 2026 16:19:27,116  INFO StartLogger - Initializing main logic for module : #31 of 55 Viber (actual: 31)
16 Apr 2026 16:19:27,117  INFO StartLogger - Initializing main logic for module : #35 of 55 Slack (actual: 39)
16 Apr 2026 16:19:27,117  INFO StartLogger - Initializing main logic for module : #33 of 55 Skype (actual: 53)
16 Apr 2026 16:19:27,116  INFO StartLogger - Initializing main logic for module : #32 of 55 Telegram (actual: 50)
16 Apr 2026 16:19:27,116  INFO StartLogger - Initializing main logic for module : #34 of 55 Whatsapp (actual: 25)
16 Apr 2026 16:19:27,949  INFO StartLogger - Initializing main logic for module : #36 of 55 JKanban (actual: 38)
16 Apr 2026 16:19:27,950  INFO StartLogger - Initializing main logic for module : #40 of 55 Chart (actual: 48)
16 Apr 2026 16:19:27,950  INFO StartLogger - Initializing main logic for module : #39 of 55 RabbitMQ (actual: 52)
16 Apr 2026 16:19:27,950  INFO StartLogger - Initializing main logic for module : #41 of 55 Email (actual: 19)
16 Apr 2026 16:19:27,950  INFO StartLogger - Initializing main logic for module : #42 of 55 Icon (actual: 40)
16 Apr 2026 16:19:27,955  INFO StartLogger - Initializing main logic for module : #45 of 55 WebSocket (actual: 51)
16 Apr 2026 16:19:27,950  INFO StartLogger - Initializing main logic for module : #43 of 55 Geo (actual: 30)
16 Apr 2026 16:19:27,949  INFO StartLogger - Initializing main logic for module : #37 of 55 FrappeGantt (actual: 41)
16 Apr 2026 16:19:27,949  INFO StartLogger - Initializing main logic for module : #38 of 55 Carousel (actual: 9)
16 Apr 2026 16:19:27,954  INFO StartLogger - Initializing main logic for module : #44 of 55 Word (actual: 8)
16 Apr 2026 16:19:27,975  INFO StartLogger - Initializing main logic for module : #46 of 55 OpenCV (actual: 54)
16 Apr 2026 16:19:27,998  INFO StartLogger - Initializing main logic for module : #47 of 55 QZTray (actual: 28)
16 Apr 2026 16:19:28,304  INFO StartLogger - Initializing main logic for module : #48 of 55 Security (actual: 20)
16 Apr 2026 16:19:29,008  INFO StartLogger - Initializing main logic for module : #49 of 55 Service (actual: 21)
16 Apr 2026 16:19:29,584  INFO StartLogger - Initializing main logic for module : #50 of 55 Chat (actual: 47)
16 Apr 2026 16:19:29,585  INFO StartLogger - Initializing main logic for module : #51 of 55 Scheduler (actual: 42)
16 Apr 2026 16:19:29,585  INFO StartLogger - Initializing main logic for module : #52 of 55 SQLUtils (actual: 45)
16 Apr 2026 16:19:29,587  INFO StartLogger - Initializing main logic for module : #54 of 55 Eval (actual: 23)
16 Apr 2026 16:19:29,585  INFO StartLogger - Initializing main logic for module : #53 of 55 Profiler (actual: 22)
16 Apr 2026 16:19:29,850  INFO StartLogger - Initializing main logic for module : #55 of 55 Backup (actual: 43)
16 Apr 2026 16:19:30,052  INFO StartLogger - Finalizing groups
16 Apr 2026 16:19:30,052  INFO StartLogger - Finalizing classes
16 Apr 2026 16:19:30,052  INFO StartLogger - Checking for duplicate elements
16 Apr 2026 16:19:30,248  INFO StartLogger - Initializing class dialog forms
16 Apr 2026 16:19:30,248  INFO StartLogger - Filling implicit cases
16 Apr 2026 16:19:30,278  INFO StartLogger - Finalizing abstract actions
16 Apr 2026 16:19:30,278  INFO StartLogger - Initializing abstract properties
16 Apr 2026 16:19:30,631  INFO StartLogger - Looking for recursions in abstract actions
16 Apr 2026 16:19:30,632  INFO StartLogger - Initializing fields for data and materialized properties
16 Apr 2026 16:19:30,633  INFO StartLogger - Checking abstract
16 Apr 2026 16:19:30,633  INFO StartLogger - Initializing class aggr props
16 Apr 2026 16:19:30,893  INFO StartLogger - Setting up property policy
16 Apr 2026 16:19:31,284  INFO StartLogger - Finalizing navigator elements
16 Apr 2026 16:19:31,394  INFO StartLogger - Setting up drill-down
16 Apr 2026 16:19:32,579  INFO StartLogger - Initializing indices
16 Apr 2026 16:19:32,581  INFO StartLogger - Setting up action policy
16 Apr 2026 16:19:32,580  INFO StartLogger - Finalizing tables
16 Apr 2026 16:19:32,630  INFO StartLogger - Initializing reflection events
16 Apr 2026 16:19:49,239  INFO StartLogger - Finalizing forms
16 Apr 2026 16:19:49,239  INFO StartLogger - Setting up loggables
16 Apr 2026 16:19:49,239  INFO StartLogger - Initializing class data indexes
16 Apr 2026 16:19:49,426  INFO StartLogger - Finalizing properties
16 Apr 2026 16:19:49,536  INFO StartLogger - Synchronizing DB
16 Apr 2026 16:19:50,227  INFO StartLogger - Checking indexes
16 Apr 2026 16:19:50,243  INFO StartLogger - Creating tables
16 Apr 2026 16:19:53,450  INFO StartLogger - Updating stats
16 Apr 2026 16:19:53,655  INFO StartLogger - Adding indexes
16 Apr 2026 16:19:53,809  INFO StartLogger - Packing tables
16 Apr 2026 16:19:53,810  INFO StartLogger - Filling static objects ids
16 Apr 2026 16:19:54,399  INFO StartLogger - Prereading form property events
16 Apr 2026 16:19:54,845  INFO StartLogger - Initializing lazy properties
16 Apr 2026 16:19:54,904  INFO StartLogger - Reading global events / materialized properties links
16 Apr 2026 16:19:54,904  INFO StartLogger - Looking for recursions in abstract properties
16 Apr 2026 16:19:56,548  INFO StartLogger - Building global events / materialized properties list
16 Apr 2026 16:19:56,604  INFO StartLogger - Reading local events links
16 Apr 2026 16:19:56,640  INFO StartLogger - Building local events list
16 Apr 2026 16:19:56,670  INFO StartLogger - Writing static objects changes
16 Apr 2026 16:20:11,939  INFO StartLogger - Migrating reflection properties and actions
16 Apr 2026 16:20:12,229  INFO StartLogger - Recalculating materializations
16 Apr 2026 16:20:23,678  INFO StartLogger - Initializing security manager
16 Apr 2026 16:20:23,680  INFO StartLogger - Starting security manager
16 Apr 2026 16:20:26,374  INFO StartLogger - Starting RMI manager
16 Apr 2026 16:20:26,432  INFO StartLogger - Synchronizing icons
16 Apr 2026 16:20:26,433  INFO StartLogger - Executing onInit action started
16 Apr 2026 16:20:26,432  INFO StartLogger - Initializing actions' debugger
16 Apr 2026 16:20:31,452  INFO StartLogger - Executing onInit action finished, 5019ms
16 Apr 2026 16:20:31,453  INFO StartLogger - Executing onStarted action started
16 Apr 2026 16:20:40,036  INFO SystemLogger - Setting hostname: null
16 Apr 2026 16:20:40,081  INFO StartLogger - Starting Scheduler
16 Apr 2026 16:20:40,551  INFO SystemLogger - ChangeCurrentDate started: from null to 2026-04-16
16 Apr 2026 16:20:40,555  INFO SystemLogger - Change current time snapshots to 2026-04-16T16:20:40.551772563, 2026-04-16T16:20:40.551804957Z
16 Apr 2026 16:20:40,628  INFO SystemLogger - ChangeCurrentDate finished
16 Apr 2026 16:20:43,684  INFO StartLogger - Executing onStarted action finished, 12231ms
16 Apr 2026 16:21:02,496  INFO StartLogger - Prereading auto icons
16 Apr 2026 16:21:13,160  INFO StartLogger - Prereading auto icons finished, 0ms
16 Apr 2026 16:21:13,161  INFO StartLogger - Exporting RMI logics object (port: 7652) started
16 Apr 2026 16:21:13,177  INFO StartLogger - Exporting RMI logics object (port: 7652) finished, 16ms
16 Apr 2026 16:21:13,179  INFO SystemLogger - Binding ExternalHTTPServer
16 Apr 2026 16:21:13,217  INFO SystemLogger - Binding WebSocketServer
16 Apr 2026 16:21:13,236  INFO HttpServerLogger - RabbitMQServer: onStarted
16 Apr 2026 16:21:13,246  INFO StartLogger - Prereading caches for properties
16 Apr 2026 16:21:13,246  INFO StartLogger - Reading modules hash
16 Apr 2026 16:21:13,247  INFO StartLogger - Prereading caches for properties finished, 0ms
16 Apr 2026 16:21:13,265  INFO StartLogger - Comparing modulesHash: old null, new 76d0890e
16 Apr 2026 16:21:13,268  INFO StartLogger - Synchronizing group properties started
16 Apr 2026 16:21:13,268  INFO StartLogger - Synchronizing actions started
16 Apr 2026 16:21:13,268  INFO StartLogger - Synchronizing forms started
16 Apr 2026 16:21:14,684  INFO StartLogger - Synchronizing forms finished, 1416ms
16 Apr 2026 16:21:14,685  INFO StartLogger - Synchronizing group objects started
16 Apr 2026 16:21:15,915  INFO StartLogger - Synchronizing group objects finished, 1230ms
16 Apr 2026 16:21:15,916  INFO StartLogger - Migrating property draws started
16 Apr 2026 16:21:15,929  INFO StartLogger - Migrating property draws finished, 13ms
16 Apr 2026 16:21:15,931  INFO StartLogger - Synchronizing property draws started
16 Apr 2026 16:21:16,960  INFO StartLogger - Synchronizing group properties finished, 3692ms
16 Apr 2026 16:21:23,521  INFO StartLogger - Synchronizing property draws finished, 7590ms
16 Apr 2026 16:21:31,378  INFO StartLogger - Synchronizing actions finished, 18110ms
16 Apr 2026 16:21:31,379  INFO StartLogger - Synchronizing properties started
16 Apr 2026 16:21:39,121  INFO StartLogger - Synchronizing properties finished, 7742ms
16 Apr 2026 16:21:39,123  INFO StartLogger - Migrating navigator elements started
16 Apr 2026 16:21:39,123  INFO StartLogger - Synchronizing tables started
16 Apr 2026 16:21:39,123  INFO StartLogger - Synchronizing action parents started
16 Apr 2026 16:21:39,127  INFO StartLogger - Migrating navigator elements finished, 4ms
16 Apr 2026 16:21:39,134  INFO StartLogger - Synchronizing navigator elements properties started
16 Apr 2026 16:21:41,759  INFO StartLogger - Synchronizing navigator elements properties finished, 2625ms
16 Apr 2026 16:21:41,760  INFO StartLogger - Synchronizing navigator elements actions started
16 Apr 2026 16:21:44,151  INFO StartLogger - Synchronizing navigator elements actions finished, 2391ms
16 Apr 2026 16:21:44,153  INFO StartLogger - Synchronizing navigator element parents started
16 Apr 2026 16:21:47,465  INFO StartLogger - Synchronizing navigator element parents finished, 3313ms
16 Apr 2026 16:21:48,663  INFO StartLogger - Synchronizing action parents finished, 9540ms
16 Apr 2026 16:21:48,664  INFO StartLogger - Synchronizing property parents started
16 Apr 2026 16:21:48,681  INFO StartLogger - Synchronizing tables finished, 9558ms
16 Apr 2026 16:21:49,943  INFO StartLogger - Synchronizing property parents finished, 1279ms
16 Apr 2026 16:21:49,943  INFO StartLogger - Prereading security policies
16 Apr 2026 16:21:49,943  INFO StartLogger - Recalculating stats and materializations at the first start
16 Apr 2026 16:21:49,947  INFO StartLogger - Writing modulesHash 76d0890e started
16 Apr 2026 16:21:49,972  INFO StartLogger - Writing modulesHash 76d0890e finished, 25ms
16 Apr 2026 16:21:52,964  INFO StartLogger - Cleaning obsolete caches started
16 Apr 2026 16:21:53,362  INFO StartLogger - Cleaning obsolete caches finished, 398ms
16 Apr 2026 16:21:53,363  INFO StartLogger - Executing onFinallyStarted started
16 Apr 2026 16:21:57,294  INFO StartLogger - Setting up Scheduled Task: Обслуживание БД
16 Apr 2026 16:21:57,982  INFO StartLogger - Executing onFinallyStarted finished, 4619ms
16 Apr 2026 16:21:57,984  INFO StartLogger - Logics instance has successfully started
16 Apr 2026 16:21:57,988  INFO StartLogger - Desktop Client is available at:
16 Apr 2026 16:21:57,989  INFO StartLogger - Java Web Start (with auto update, requires JDK): https://download.lsfusion.org/java/lsfusion-client-6.2-SNAPSHOT.jnlp
16 Apr 2026 16:21:57,990  INFO StartLogger - Server has successfully started in 168387 ms
16 Apr 2026 16:23:07,364  INFO StartLogger - Executing shutdown hook
16 Apr 2026 16:23:07,365  INFO StartLogger - Server is stopping...
16 Apr 2026 16:23:07,366  INFO StartLogger - Logics instance is stopping...
16 Apr 2026 16:23:07,368  INFO StartLogger - Stopping remote logics loader
16 Apr 2026 16:23:07,384  INFO StartLogger - Server has stopped...
16 Apr 2026 16:23:32,758  INFO StartLogger - Server is starting...
16 Apr 2026 16:23:33,241  INFO StartLogger - Current version: 6.2-SNAPSHOT (373)
16 Apr 2026 16:23:33,250  INFO StartLogger - Java version: 21.0.10
16 Apr 2026 16:23:33,251  INFO StartLogger - Class path: .:./*:../server.jar
16 Apr 2026 16:23:33,287  INFO StartLogger - JVM arguments: []
16 Apr 2026 16:23:36,046  INFO StartLogger - Logics instance is starting...
16 Apr 2026 16:23:36,101  INFO StartLogger - Initializing BusinessLogics
16 Apr 2026 16:23:36,172  INFO StartLogger - Initializing localizer
16 Apr 2026 16:23:36,172  INFO StartLogger - Initializing string literals data
16 Apr 2026 16:23:36,174  INFO StartLogger - Creating modules
16 Apr 2026 16:23:38,900  INFO StartLogger - Initializing dependencies
16 Apr 2026 16:23:39,217  INFO StartLogger - Initializing modules order
16 Apr 2026 16:23:39,222  INFO StartLogger - Initializing metacodes and classes
16 Apr 2026 16:23:40,295  INFO StartLogger - Initializing object class
16 Apr 2026 16:23:40,302  INFO StartLogger - Initializing tables
16 Apr 2026 16:23:40,448  INFO StartLogger - Initializing class tables
16 Apr 2026 16:23:40,663  INFO StartLogger - Initializing full tables with one key
16 Apr 2026 16:23:40,666  INFO StartLogger - Initializing main logic
16 Apr 2026 16:23:40,698  INFO StartLogger - Initializing main logic for module : #1 of 55 System (actual: 1)
16 Apr 2026 16:23:42,124  INFO StartLogger - Initializing main logic for module : #2 of 55 MasterData (actual: 7)
16 Apr 2026 16:23:42,125  INFO StartLogger - Initializing main logic for module : #6 of 55 Com (actual: 49)
16 Apr 2026 16:23:42,125  INFO StartLogger - Initializing main logic for module : #5 of 55 Image (actual: 11)
16 Apr 2026 16:23:42,125  INFO StartLogger - Initializing main logic for module : #4 of 55 AppMenu (actual: 32)
16 Apr 2026 16:23:42,125  INFO StartLogger - Initializing main logic for module : #3 of 55 UserEvents (actual: 15)
16 Apr 2026 16:23:42,126  INFO StartLogger - Initializing main logic for module : #9 of 55 Time (actual: 2)
16 Apr 2026 16:23:42,129  INFO StartLogger - Initializing main logic for module : #10 of 55 Printer (actual: 10)
16 Apr 2026 16:23:42,135  INFO StartLogger - Initializing main logic for module : #11 of 55 Student (actual: 33)
16 Apr 2026 16:23:42,137  INFO StartLogger - Initializing main logic for module : #12 of 55 Discipline (actual: 34)
16 Apr 2026 16:23:42,126  INFO StartLogger - Initializing main logic for module : #7 of 55 DefaultData (actual: 12)
16 Apr 2026 16:23:42,126  INFO StartLogger - Initializing main logic for module : #8 of 55 Integration (actual: 46)
16 Apr 2026 16:23:42,203  INFO StartLogger - Initializing main logic for module : #13 of 55 Sound (actual: 27)
16 Apr 2026 16:23:42,214  INFO StartLogger - Initializing main logic for module : #14 of 55 ProcessUtils (actual: 29)
16 Apr 2026 16:23:42,214  INFO StartLogger - Initializing main logic for module : #15 of 55 Numerator (actual: 13)
16 Apr 2026 16:23:43,543  INFO StartLogger - Initializing main logic for module : #16 of 55 Question (actual: 35)
16 Apr 2026 16:23:43,825  INFO StartLogger - Initializing main logic for module : #17 of 55 Utils (actual: 3)
16 Apr 2026 16:23:44,300  INFO StartLogger - Initializing main logic for module : #18 of 55 Hierarchy (actual: 17)
16 Apr 2026 16:23:44,300  INFO StartLogger - Initializing main logic for module : #21 of 55 Excel (actual: 18)
16 Apr 2026 16:23:44,300  INFO StartLogger - Initializing main logic for module : #19 of 55 Authentication (actual: 4)
16 Apr 2026 16:23:44,300  INFO StartLogger - Initializing main logic for module : #20 of 55 TestingSession (actual: 36)
16 Apr 2026 16:23:44,301  INFO StartLogger - Initializing main logic for module : #23 of 55 I18n (actual: 26)
16 Apr 2026 16:23:44,301  INFO StartLogger - Initializing main logic for module : #22 of 55 Schedule (actual: 55)
16 Apr 2026 16:23:44,351  INFO StartLogger - Initializing main logic for module : #24 of 55 PerformanceReport (actual: 37)
16 Apr 2026 16:23:45,082  INFO StartLogger - Initializing main logic for module : #25 of 55 Historizable (actual: 16)
16 Apr 2026 16:23:45,084  INFO StartLogger - Initializing main logic for module : #26 of 55 Document (actual: 14)
16 Apr 2026 16:23:45,086  INFO StartLogger - Initializing main logic for module : #28 of 55 Reflection (actual: 5)
16 Apr 2026 16:23:45,086  INFO StartLogger - Initializing main logic for module : #27 of 55 ProcessMonitor (actual: 44)
16 Apr 2026 16:23:46,878  INFO StartLogger - Initializing main logic for module : #29 of 55 Messenger (actual: 24)
16 Apr 2026 16:23:46,879  INFO StartLogger - Initializing main logic for module : #30 of 55 SystemEvents (actual: 6)
16 Apr 2026 16:23:46,985  INFO StartLogger - Initializing main logic for module : #31 of 55 Telegram (actual: 50)
16 Apr 2026 16:23:46,985  INFO StartLogger - Initializing main logic for module : #33 of 55 Viber (actual: 31)
16 Apr 2026 16:23:46,986  INFO StartLogger - Initializing main logic for module : #35 of 55 Skype (actual: 53)
16 Apr 2026 16:23:46,985  INFO StartLogger - Initializing main logic for module : #32 of 55 Slack (actual: 39)
16 Apr 2026 16:23:46,985  INFO StartLogger - Initializing main logic for module : #34 of 55 Whatsapp (actual: 25)
16 Apr 2026 16:23:47,395  INFO StartLogger - Initializing main logic for module : #36 of 55 RabbitMQ (actual: 52)
16 Apr 2026 16:23:47,396  INFO StartLogger - Initializing main logic for module : #40 of 55 Word (actual: 8)
16 Apr 2026 16:23:47,396  INFO StartLogger - Initializing main logic for module : #39 of 55 Geo (actual: 30)
16 Apr 2026 16:23:47,396  INFO StartLogger - Initializing main logic for module : #37 of 55 Icon (actual: 40)
16 Apr 2026 16:23:47,396  INFO StartLogger - Initializing main logic for module : #42 of 55 Chart (actual: 48)
16 Apr 2026 16:23:47,398  INFO StartLogger - Initializing main logic for module : #43 of 55 WebSocket (actual: 51)
16 Apr 2026 16:23:47,403  INFO StartLogger - Initializing main logic for module : #44 of 55 QZTray (actual: 28)
16 Apr 2026 16:23:47,396  INFO StartLogger - Initializing main logic for module : #38 of 55 OpenCV (actual: 54)
16 Apr 2026 16:23:47,396  INFO StartLogger - Initializing main logic for module : #41 of 55 Email (actual: 19)
16 Apr 2026 16:23:47,451  INFO StartLogger - Initializing main logic for module : #45 of 55 Carousel (actual: 9)
16 Apr 2026 16:23:47,454  INFO StartLogger - Initializing main logic for module : #46 of 55 FrappeGantt (actual: 41)
16 Apr 2026 16:23:47,467  INFO StartLogger - Initializing main logic for module : #47 of 55 JKanban (actual: 38)
16 Apr 2026 16:23:47,631  INFO StartLogger - Initializing main logic for module : #48 of 55 Security (actual: 20)
16 Apr 2026 16:23:47,919  INFO StartLogger - Initializing main logic for module : #49 of 55 Service (actual: 21)
16 Apr 2026 16:23:48,330  INFO StartLogger - Initializing main logic for module : #50 of 55 Profiler (actual: 22)
16 Apr 2026 16:23:48,331  INFO StartLogger - Initializing main logic for module : #54 of 55 SQLUtils (actual: 45)
16 Apr 2026 16:23:48,331  INFO StartLogger - Initializing main logic for module : #53 of 55 Eval (actual: 23)
16 Apr 2026 16:23:48,330  INFO StartLogger - Initializing main logic for module : #52 of 55 Scheduler (actual: 42)
16 Apr 2026 16:23:48,330  INFO StartLogger - Initializing main logic for module : #51 of 55 Chat (actual: 47)
16 Apr 2026 16:23:48,610  INFO StartLogger - Initializing main logic for module : #55 of 55 Backup (actual: 43)
16 Apr 2026 16:23:48,705  INFO StartLogger - Finalizing groups
16 Apr 2026 16:23:48,705  INFO StartLogger - Finalizing classes
16 Apr 2026 16:23:48,705  INFO StartLogger - Checking for duplicate elements
16 Apr 2026 16:23:48,853  INFO StartLogger - Initializing class dialog forms
16 Apr 2026 16:23:48,853  INFO StartLogger - Filling implicit cases
16 Apr 2026 16:23:48,860  INFO StartLogger - Initializing abstract properties
16 Apr 2026 16:23:48,860  INFO StartLogger - Finalizing abstract actions
16 Apr 2026 16:23:49,003  INFO StartLogger - Looking for recursions in abstract actions
16 Apr 2026 16:23:49,004  INFO StartLogger - Checking abstract
16 Apr 2026 16:23:49,010  INFO StartLogger - Initializing fields for data and materialized properties
16 Apr 2026 16:23:49,017  INFO StartLogger - Initializing class aggr props
16 Apr 2026 16:23:49,086  INFO StartLogger - Setting up property policy
16 Apr 2026 16:23:49,086  INFO StartLogger - Finalizing navigator elements
16 Apr 2026 16:23:49,086  INFO StartLogger - Setting up drill-down
16 Apr 2026 16:23:50,039  INFO StartLogger - Setting up action policy
16 Apr 2026 16:23:50,039  INFO StartLogger - Initializing indices
16 Apr 2026 16:23:50,039  INFO StartLogger - Finalizing tables
16 Apr 2026 16:23:50,456  INFO StartLogger - Initializing reflection events
16 Apr 2026 16:23:53,263  INFO StartLogger - Setting user logging for properties
16 Apr 2026 16:23:53,307  INFO StartLogger - Setting user materialized for properties
16 Apr 2026 16:23:53,313  INFO StartLogger - Setting user not null constraints for properties
16 Apr 2026 16:23:53,328  INFO StartLogger - Disabling input list
16 Apr 2026 16:23:53,355  INFO StartLogger - Setting user select for properties
16 Apr 2026 16:23:53,380  INFO StartLogger - Setting up loggables
16 Apr 2026 16:23:53,380  INFO StartLogger - Initializing class data indexes
16 Apr 2026 16:23:53,380  INFO StartLogger - Finalizing forms
16 Apr 2026 16:23:53,545  INFO StartLogger - Finalizing properties
16 Apr 2026 16:23:53,581  INFO StartLogger - Synchronizing DB
16 Apr 2026 16:23:53,735  INFO StartLogger - Checking indexes
16 Apr 2026 16:23:53,815  INFO StartLogger - Applying migration script (0.0 -> 0.0)
16 Apr 2026 16:23:54,689  INFO StartLogger - Creating tables
16 Apr 2026 16:23:54,705  INFO StartLogger - Updating stats
16 Apr 2026 16:23:54,812  INFO StartLogger - Adding indexes
16 Apr 2026 16:23:54,814  INFO StartLogger - Packing tables
16 Apr 2026 16:23:54,816  INFO StartLogger - Filling static objects ids
16 Apr 2026 16:23:55,615  INFO StartLogger - Prereading form property events
16 Apr 2026 16:23:56,108  INFO StartLogger - Initializing lazy properties
16 Apr 2026 16:23:56,283  INFO StartLogger - Looking for recursions in abstract properties
16 Apr 2026 16:23:56,284  INFO StartLogger - Reading global events / materialized properties links
16 Apr 2026 16:23:58,492  INFO StartLogger - Building global events / materialized properties list
16 Apr 2026 16:23:58,600  INFO StartLogger - Reading local events links
16 Apr 2026 16:23:58,663  INFO StartLogger - Building local events list
16 Apr 2026 16:23:58,724  INFO StartLogger - Writing static objects changes
16 Apr 2026 16:24:00,426  INFO StartLogger - Migrating reflection properties and actions
16 Apr 2026 16:24:00,486  INFO StartLogger - Recalculating materializations
16 Apr 2026 16:24:00,964  INFO StartLogger - Initializing security manager
16 Apr 2026 16:24:00,965  INFO StartLogger - Starting security manager
16 Apr 2026 16:24:01,095  INFO StartLogger - Starting RMI manager
16 Apr 2026 16:24:01,147  INFO StartLogger - Executing onInit action started
16 Apr 2026 16:24:01,148  INFO StartLogger - Synchronizing icons
16 Apr 2026 16:24:01,147  INFO StartLogger - Initializing actions' debugger
16 Apr 2026 16:24:01,672  INFO StartLogger - Executing onInit action finished, 525ms
16 Apr 2026 16:24:01,675  INFO StartLogger - Executing onStarted action started
16 Apr 2026 16:24:02,684  INFO StartLogger - Prereading auto icons
16 Apr 2026 16:24:15,309  INFO SystemLogger - Setting hostname: null
16 Apr 2026 16:24:15,404  INFO StartLogger - Starting Scheduler
16 Apr 2026 16:24:15,449  INFO StartLogger - Prereading auto icons finished, 0ms
16 Apr 2026 16:24:15,546  INFO SystemLogger - Change current time snapshots to 2026-04-16T16:24:15.545773083, 2026-04-16T16:24:15.545805563Z
16 Apr 2026 16:24:18,428  INFO StartLogger - Executing onStarted action finished, 16753ms
16 Apr 2026 16:24:18,430  INFO StartLogger - Exporting RMI logics object (port: 7652) started
16 Apr 2026 16:24:18,453  INFO StartLogger - Exporting RMI logics object (port: 7652) finished, 23ms
16 Apr 2026 16:24:18,456  INFO SystemLogger - Binding ExternalHTTPServer
16 Apr 2026 16:24:18,509  INFO SystemLogger - Binding WebSocketServer
16 Apr 2026 16:24:18,529  INFO HttpServerLogger - RabbitMQServer: onStarted
16 Apr 2026 16:24:18,548  INFO StartLogger - Reading modules hash
16 Apr 2026 16:24:18,549  INFO StartLogger - Prereading caches for properties
16 Apr 2026 16:24:18,553  INFO StartLogger - Prereading caches for properties finished, 0ms
16 Apr 2026 16:24:18,575  INFO StartLogger - Comparing modulesHash: old 76d0890e, new 76d0890e
16 Apr 2026 16:24:18,581  INFO StartLogger - Synchronizing navigator element parents started
16 Apr 2026 16:24:18,586  INFO StartLogger - Synchronizing navigator element parents finished, 5ms
16 Apr 2026 16:24:18,596  INFO StartLogger - Prereading security policies
16 Apr 2026 16:24:18,612  INFO StartLogger - Recalculating stats and materializations at the first start
16 Apr 2026 16:24:18,644  INFO StartLogger - Writing modulesHash 76d0890e started
16 Apr 2026 16:24:18,829  INFO StartLogger - Writing modulesHash 76d0890e finished, 185ms
16 Apr 2026 16:24:22,080  INFO StartLogger - Cleaning obsolete caches started
16 Apr 2026 16:24:22,103  INFO StartLogger - Cleaning obsolete caches finished, 23ms
16 Apr 2026 16:24:22,106  INFO StartLogger - Executing onFinallyStarted started
16 Apr 2026 16:24:22,186  INFO StartLogger - Executing onFinallyStarted finished, 80ms
16 Apr 2026 16:24:22,190  INFO StartLogger - Logics instance has successfully started
16 Apr 2026 16:24:22,193  INFO StartLogger - Desktop Client is available at:
16 Apr 2026 16:24:22,195  INFO StartLogger - Java Web Start (with auto update, requires JDK): https://download.lsfusion.org/java/lsfusion-client-6.2-SNAPSHOT.jnlp
16 Apr 2026 16:24:22,197  INFO StartLogger - Server has successfully started in 50832 ms
16 Apr 2026 16:27:58,796  INFO StartLogger - Executing shutdown hook
16 Apr 2026 16:27:58,798  INFO StartLogger - Server is stopping...
16 Apr 2026 16:27:58,799  INFO StartLogger - Logics instance is stopping...
16 Apr 2026 16:27:58,800  INFO StartLogger - Stopping remote logics loader
16 Apr 2026 16:27:58,803  INFO StartLogger - Server has stopped...
16 Apr 2026 16:28:03,263  INFO StartLogger - Server is starting...
16 Apr 2026 16:28:03,543  INFO StartLogger - Current version: 6.2-SNAPSHOT (373)
16 Apr 2026 16:28:03,546  INFO StartLogger - Java version: 21.0.10
16 Apr 2026 16:28:03,546  INFO StartLogger - Class path: .:./*:../server.jar
16 Apr 2026 16:28:03,569  INFO StartLogger - JVM arguments: []
16 Apr 2026 16:28:05,597  INFO StartLogger - Logics instance is starting...
16 Apr 2026 16:28:05,642  INFO StartLogger - Initializing BusinessLogics
16 Apr 2026 16:28:05,681  INFO StartLogger - Initializing string literals data
16 Apr 2026 16:28:05,681  INFO StartLogger - Initializing localizer
16 Apr 2026 16:28:05,682  INFO StartLogger - Creating modules
16 Apr 2026 16:28:06,827  INFO StartLogger - Initializing dependencies
16 Apr 2026 16:28:07,146  INFO StartLogger - Initializing modules order
16 Apr 2026 16:28:07,151  INFO StartLogger - Initializing metacodes and classes
16 Apr 2026 16:28:08,459  INFO StartLogger - Initializing object class
16 Apr 2026 16:28:08,464  INFO StartLogger - Initializing tables
16 Apr 2026 16:28:08,556  INFO StartLogger - Initializing class tables
16 Apr 2026 16:28:08,765  INFO StartLogger - Initializing full tables with one key
16 Apr 2026 16:28:08,768  INFO StartLogger - Initializing main logic
16 Apr 2026 16:28:08,864  INFO StartLogger - Initializing main logic for module : #1 of 55 System (actual: 1)
16 Apr 2026 16:28:09,689  INFO StartLogger - Initializing main logic for module : #2 of 55 Printer (actual: 10)
16 Apr 2026 16:28:09,702  INFO StartLogger - Initializing main logic for module : #7 of 55 Sound (actual: 27)
16 Apr 2026 16:28:09,690  INFO StartLogger - Initializing main logic for module : #6 of 55 AppMenu (actual: 32)
16 Apr 2026 16:28:09,689  INFO StartLogger - Initializing main logic for module : #4 of 55 Integration (actual: 46)
16 Apr 2026 16:28:09,689  INFO StartLogger - Initializing main logic for module : #3 of 55 Time (actual: 2)
16 Apr 2026 16:28:09,690  INFO StartLogger - Initializing main logic for module : #5 of 55 Com (actual: 49)
16 Apr 2026 16:28:09,703  INFO StartLogger - Initializing main logic for module : #8 of 55 MasterData (actual: 7)
16 Apr 2026 16:28:09,703  INFO StartLogger - Initializing main logic for module : #9 of 55 UserEvents (actual: 15)
16 Apr 2026 16:28:09,714  INFO StartLogger - Initializing main logic for module : #10 of 55 Image (actual: 11)
16 Apr 2026 16:28:09,722  INFO StartLogger - Initializing main logic for module : #14 of 55 ProcessUtils (actual: 29)
16 Apr 2026 16:28:09,715  INFO StartLogger - Initializing main logic for module : #11 of 55 DefaultData (actual: 12)
16 Apr 2026 16:28:09,718  INFO StartLogger - Initializing main logic for module : #13 of 55 Discipline (actual: 34)
16 Apr 2026 16:28:09,718  INFO StartLogger - Initializing main logic for module : #12 of 55 Student (actual: 33)
16 Apr 2026 16:28:09,743  INFO StartLogger - Initializing main logic for module : #15 of 55 Numerator (actual: 13)
16 Apr 2026 16:28:10,404  INFO StartLogger - Initializing main logic for module : #16 of 55 Question (actual: 35)
16 Apr 2026 16:28:10,519  INFO StartLogger - Initializing main logic for module : #17 of 55 Utils (actual: 3)
16 Apr 2026 16:28:10,843  INFO StartLogger - Initializing main logic for module : #18 of 55 TestingSession (actual: 36)
16 Apr 2026 16:28:10,843  INFO StartLogger - Initializing main logic for module : #20 of 55 Excel (actual: 18)
16 Apr 2026 16:28:10,843  INFO StartLogger - Initializing main logic for module : #19 of 55 Authentication (actual: 4)
16 Apr 2026 16:28:10,844  INFO StartLogger - Initializing main logic for module : #23 of 55 Schedule (actual: 55)
16 Apr 2026 16:28:10,844  INFO StartLogger - Initializing main logic for module : #22 of 55 Hierarchy (actual: 17)
16 Apr 2026 16:28:10,843  INFO StartLogger - Initializing main logic for module : #21 of 55 I18n (actual: 26)
16 Apr 2026 16:28:10,897  INFO StartLogger - Initializing main logic for module : #24 of 55 PerformanceReport (actual: 37)
16 Apr 2026 16:28:11,363  INFO StartLogger - Initializing main logic for module : #25 of 55 ProcessMonitor (actual: 44)
16 Apr 2026 16:28:11,364  INFO StartLogger - Initializing main logic for module : #28 of 55 Reflection (actual: 5)
16 Apr 2026 16:28:11,363  INFO StartLogger - Initializing main logic for module : #26 of 55 Historizable (actual: 16)
16 Apr 2026 16:28:11,364  INFO StartLogger - Initializing main logic for module : #27 of 55 Document (actual: 14)
16 Apr 2026 16:28:11,651  INFO StartLogger - Initializing main logic for module : #29 of 55 Messenger (actual: 24)
16 Apr 2026 16:28:11,651  INFO StartLogger - Initializing main logic for module : #30 of 55 SystemEvents (actual: 6)
16 Apr 2026 16:28:11,690  INFO StartLogger - Initializing main logic for module : #31 of 55 Viber (actual: 31)
16 Apr 2026 16:28:11,691  INFO StartLogger - Initializing main logic for module : #34 of 55 Skype (actual: 53)
16 Apr 2026 16:28:11,690  INFO StartLogger - Initializing main logic for module : #33 of 55 Whatsapp (actual: 25)
16 Apr 2026 16:28:11,690  INFO StartLogger - Initializing main logic for module : #32 of 55 Telegram (actual: 50)
16 Apr 2026 16:28:11,691  INFO StartLogger - Initializing main logic for module : #35 of 55 Slack (actual: 39)
16 Apr 2026 16:28:12,218  INFO StartLogger - Initializing main logic for module : #36 of 55 Carousel (actual: 9)
16 Apr 2026 16:28:12,219  INFO StartLogger - Initializing main logic for module : #40 of 55 JKanban (actual: 38)
16 Apr 2026 16:28:12,218  INFO StartLogger - Initializing main logic for module : #37 of 55 RabbitMQ (actual: 52)
16 Apr 2026 16:28:12,219  INFO StartLogger - Initializing main logic for module : #43 of 55 Email (actual: 19)
16 Apr 2026 16:28:12,219  INFO StartLogger - Initializing main logic for module : #42 of 55 OpenCV (actual: 54)
16 Apr 2026 16:28:12,219  INFO StartLogger - Initializing main logic for module : #41 of 55 WebSocket (actual: 51)
16 Apr 2026 16:28:12,219  INFO StartLogger - Initializing main logic for module : #39 of 55 Geo (actual: 30)
16 Apr 2026 16:28:12,218  INFO StartLogger - Initializing main logic for module : #38 of 55 Chart (actual: 48)
16 Apr 2026 16:28:12,223  INFO StartLogger - Initializing main logic for module : #45 of 55 Word (actual: 8)
16 Apr 2026 16:28:12,221  INFO StartLogger - Initializing main logic for module : #44 of 55 Icon (actual: 40)
16 Apr 2026 16:28:12,258  INFO StartLogger - Initializing main logic for module : #46 of 55 QZTray (actual: 28)
16 Apr 2026 16:28:12,269  INFO StartLogger - Initializing main logic for module : #47 of 55 FrappeGantt (actual: 41)
16 Apr 2026 16:28:12,488  INFO StartLogger - Initializing main logic for module : #48 of 55 Security (actual: 20)
16 Apr 2026 16:28:13,144  INFO StartLogger - Initializing main logic for module : #49 of 55 Service (actual: 21)
16 Apr 2026 16:28:13,619  INFO StartLogger - Initializing main logic for module : #50 of 55 Eval (actual: 23)
16 Apr 2026 16:28:13,619  INFO StartLogger - Initializing main logic for module : #52 of 55 Scheduler (actual: 42)
16 Apr 2026 16:28:13,619  INFO StartLogger - Initializing main logic for module : #51 of 55 Chat (actual: 47)
16 Apr 2026 16:28:13,620  INFO StartLogger - Initializing main logic for module : #54 of 55 Profiler (actual: 22)
16 Apr 2026 16:28:13,619  INFO StartLogger - Initializing main logic for module : #53 of 55 SQLUtils (actual: 45)
16 Apr 2026 16:28:13,795  INFO StartLogger - Initializing main logic for module : #55 of 55 Backup (actual: 43)
16 Apr 2026 16:28:13,858  INFO StartLogger - Finalizing groups
16 Apr 2026 16:28:13,859  INFO StartLogger - Finalizing classes
16 Apr 2026 16:28:13,858  INFO StartLogger - Checking for duplicate elements
16 Apr 2026 16:28:13,913  INFO StartLogger - Initializing class dialog forms
16 Apr 2026 16:28:13,913  INFO StartLogger - Filling implicit cases
16 Apr 2026 16:28:13,915  INFO StartLogger - Finalizing abstract actions
16 Apr 2026 16:28:13,915  INFO StartLogger - Initializing abstract properties
16 Apr 2026 16:28:13,999  INFO StartLogger - Looking for recursions in abstract actions
16 Apr 2026 16:28:14,002  INFO StartLogger - Initializing class aggr props
16 Apr 2026 16:28:14,000  INFO StartLogger - Initializing fields for data and materialized properties
16 Apr 2026 16:28:14,003  INFO StartLogger - Checking abstract
16 Apr 2026 16:28:14,286  INFO StartLogger - Setting up property policy
16 Apr 2026 16:28:14,441  INFO StartLogger - Finalizing navigator elements
16 Apr 2026 16:28:14,456  INFO StartLogger - Setting up drill-down
16 Apr 2026 16:28:14,715  INFO StartLogger - Finalizing tables
16 Apr 2026 16:28:14,719  INFO StartLogger - Initializing indices
16 Apr 2026 16:28:14,835  INFO StartLogger - Initializing reflection events
16 Apr 2026 16:28:14,868  INFO StartLogger - Setting up action policy
16 Apr 2026 16:28:16,821  INFO StartLogger - Setting user logging for properties
16 Apr 2026 16:28:16,860  INFO StartLogger - Setting user materialized for properties
16 Apr 2026 16:28:16,866  INFO StartLogger - Setting user not null constraints for properties
16 Apr 2026 16:28:16,880  INFO StartLogger - Disabling input list
16 Apr 2026 16:28:16,892  INFO StartLogger - Setting user select for properties
16 Apr 2026 16:28:16,905  INFO StartLogger - Setting up loggables
16 Apr 2026 16:28:16,906  INFO StartLogger - Initializing class data indexes
16 Apr 2026 16:28:16,905  INFO StartLogger - Finalizing forms
16 Apr 2026 16:28:16,976  INFO StartLogger - Finalizing properties
16 Apr 2026 16:28:17,021  INFO StartLogger - Synchronizing DB
16 Apr 2026 16:28:17,117  INFO StartLogger - Checking indexes
16 Apr 2026 16:28:17,134  INFO StartLogger - Applying migration script (0.0 -> 0.0)
16 Apr 2026 16:28:17,224  INFO StartLogger - Creating tables
16 Apr 2026 16:28:17,233  INFO StartLogger - Updating stats
16 Apr 2026 16:28:17,286  INFO StartLogger - Adding indexes
16 Apr 2026 16:28:17,287  INFO StartLogger - Packing tables
16 Apr 2026 16:28:17,288  INFO StartLogger - Filling static objects ids
16 Apr 2026 16:28:17,645  INFO StartLogger - Prereading form property events
16 Apr 2026 16:28:18,127  INFO StartLogger - Initializing lazy properties
16 Apr 2026 16:28:18,309  INFO StartLogger - Looking for recursions in abstract properties
16 Apr 2026 16:28:18,314  INFO StartLogger - Reading global events / materialized properties links
16 Apr 2026 16:28:20,163  INFO StartLogger - Building global events / materialized properties list
16 Apr 2026 16:28:20,215  INFO StartLogger - Reading local events links
16 Apr 2026 16:28:20,273  INFO StartLogger - Building local events list
16 Apr 2026 16:28:20,322  INFO StartLogger - Writing static objects changes
16 Apr 2026 16:28:21,412  INFO StartLogger - Migrating reflection properties and actions
16 Apr 2026 16:28:21,473  INFO StartLogger - Recalculating materializations
16 Apr 2026 16:28:21,882  INFO StartLogger - Initializing security manager
16 Apr 2026 16:28:21,883  INFO StartLogger - Starting security manager
16 Apr 2026 16:28:21,980  INFO StartLogger - Starting RMI manager
16 Apr 2026 16:28:22,007  INFO StartLogger - Initializing actions' debugger
16 Apr 2026 16:28:22,008  INFO StartLogger - Synchronizing icons
16 Apr 2026 16:28:22,008  INFO StartLogger - Executing onInit action started
16 Apr 2026 16:28:22,452  INFO StartLogger - Executing onInit action finished, 444ms
16 Apr 2026 16:28:22,454  INFO StartLogger - Executing onStarted action started
16 Apr 2026 16:28:22,994  INFO StartLogger - Prereading auto icons
16 Apr 2026 16:28:35,149  INFO SystemLogger - Setting hostname: null
16 Apr 2026 16:28:35,234  INFO StartLogger - Starting Scheduler
16 Apr 2026 16:28:35,449  INFO SystemLogger - Change current time snapshots to 2026-04-16T16:28:35.448944476, 2026-04-16T16:28:35.449004435Z
16 Apr 2026 16:28:36,046  INFO StartLogger - Prereading auto icons finished, 0ms
16 Apr 2026 16:28:36,303  INFO StartLogger - Executing onStarted action finished, 13849ms
16 Apr 2026 16:28:36,304  INFO StartLogger - Exporting RMI logics object (port: 7652) started
16 Apr 2026 16:28:36,315  INFO StartLogger - Exporting RMI logics object (port: 7652) finished, 11ms
16 Apr 2026 16:28:36,317  INFO SystemLogger - Binding ExternalHTTPServer
16 Apr 2026 16:28:36,341  INFO SystemLogger - Binding WebSocketServer
16 Apr 2026 16:28:36,355  INFO HttpServerLogger - RabbitMQServer: onStarted
16 Apr 2026 16:28:36,368  INFO StartLogger - Prereading caches for properties
16 Apr 2026 16:28:36,368  INFO StartLogger - Reading modules hash
16 Apr 2026 16:28:36,369  INFO StartLogger - Prereading caches for properties finished, 0ms
16 Apr 2026 16:28:36,373  INFO StartLogger - Comparing modulesHash: old 76d0890e, new 76d0890e
16 Apr 2026 16:28:36,375  INFO StartLogger - Synchronizing navigator element parents started
16 Apr 2026 16:28:36,377  INFO StartLogger - Synchronizing navigator element parents finished, 2ms
16 Apr 2026 16:28:36,378  INFO StartLogger - Prereading security policies
16 Apr 2026 16:28:36,378  INFO StartLogger - Recalculating stats and materializations at the first start
16 Apr 2026 16:28:36,388  INFO StartLogger - Writing modulesHash 76d0890e started
16 Apr 2026 16:28:36,422  INFO StartLogger - Writing modulesHash 76d0890e finished, 34ms
16 Apr 2026 16:28:39,029  INFO StartLogger - Cleaning obsolete caches started
16 Apr 2026 16:28:39,050  INFO StartLogger - Cleaning obsolete caches finished, 21ms
16 Apr 2026 16:28:39,054  INFO StartLogger - Executing onFinallyStarted started
16 Apr 2026 16:28:39,161  INFO StartLogger - Executing onFinallyStarted finished, 107ms
16 Apr 2026 16:28:39,163  INFO StartLogger - Logics instance has successfully started
16 Apr 2026 16:28:39,165  INFO StartLogger - Desktop Client is available at:
16 Apr 2026 16:28:39,166  INFO StartLogger - Java Web Start (with auto update, requires JDK): https://download.lsfusion.org/java/lsfusion-client-6.2-SNAPSHOT.jnlp
16 Apr 2026 16:28:39,167  INFO StartLogger - Server has successfully started in 37010 ms
16 Apr 2026 16:31:15,558  INFO StartLogger - Executing shutdown hook
16 Apr 2026 16:31:15,561  INFO StartLogger - Server is stopping...
16 Apr 2026 16:31:15,563  INFO StartLogger - Logics instance is stopping...
16 Apr 2026 16:31:15,566  INFO StartLogger - Stopping remote logics loader
16 Apr 2026 16:31:15,569  INFO StartLogger - Logics instance has stopped...
16 Apr 2026 16:31:15,581  INFO StartLogger - Server has stopped...
16 Apr 2026 16:32:32,080  INFO StartLogger - Server is starting...
16 Apr 2026 16:32:32,414  INFO StartLogger - Current version: 6.2-SNAPSHOT (373)
16 Apr 2026 16:32:32,421  INFO StartLogger - Java version: 21.0.10
16 Apr 2026 16:32:32,422  INFO StartLogger - Class path: .:./*:../server.jar
16 Apr 2026 16:32:32,457  INFO StartLogger - JVM arguments: []
16 Apr 2026 16:32:35,005  INFO StartLogger - Logics instance is starting...
16 Apr 2026 16:32:35,075  INFO StartLogger - Initializing BusinessLogics
16 Apr 2026 16:32:35,149  INFO StartLogger - Initializing string literals data
16 Apr 2026 16:32:35,150  INFO StartLogger - Initializing localizer
16 Apr 2026 16:32:35,149  INFO StartLogger - Creating modules
16 Apr 2026 16:32:37,121  INFO StartLogger - Initializing dependencies
16 Apr 2026 16:32:37,541  INFO StartLogger - Initializing modules order
16 Apr 2026 16:32:37,550  INFO StartLogger - Initializing metacodes and classes
16 Apr 2026 16:32:39,475  INFO StartLogger - Initializing object class
16 Apr 2026 16:32:39,485  INFO StartLogger - Initializing tables
16 Apr 2026 16:32:39,617  INFO StartLogger - Initializing class tables
16 Apr 2026 16:32:39,942  INFO StartLogger - Initializing full tables with one key
16 Apr 2026 16:32:39,944  INFO StartLogger - Initializing main logic
16 Apr 2026 16:32:39,983  INFO StartLogger - Initializing main logic for module : #1 of 55 System (actual: 1)
16 Apr 2026 16:32:41,480  INFO StartLogger - Initializing main logic for module : #2 of 55 Printer (actual: 10)
16 Apr 2026 16:32:41,481  INFO StartLogger - Initializing main logic for module : #3 of 55 ProcessUtils (actual: 29)
16 Apr 2026 16:32:41,484  INFO StartLogger - Initializing main logic for module : #7 of 55 UserEvents (actual: 15)
16 Apr 2026 16:32:41,484  INFO StartLogger - Initializing main logic for module : #6 of 55 Time (actual: 2)
16 Apr 2026 16:32:41,484  INFO StartLogger - Initializing main logic for module : #5 of 55 Com (actual: 49)
16 Apr 2026 16:32:41,484  INFO StartLogger - Initializing main logic for module : #4 of 55 Image (actual: 11)
16 Apr 2026 16:32:41,488  INFO StartLogger - Initializing main logic for module : #10 of 55 Integration (actual: 46)
16 Apr 2026 16:32:41,485  INFO StartLogger - Initializing main logic for module : #8 of 55 DefaultData (actual: 12)
16 Apr 2026 16:32:41,485  INFO StartLogger - Initializing main logic for module : #9 of 55 MasterData (actual: 7)
16 Apr 2026 16:32:41,501  INFO StartLogger - Initializing main logic for module : #11 of 55 AppMenu (actual: 32)
16 Apr 2026 16:32:41,508  INFO StartLogger - Initializing main logic for module : #12 of 55 Sound (actual: 27)
16 Apr 2026 16:32:41,519  INFO StartLogger - Initializing main logic for module : #13 of 55 Student (actual: 33)
16 Apr 2026 16:32:41,524  INFO StartLogger - Initializing main logic for module : #15 of 55 Numerator (actual: 13)
16 Apr 2026 16:32:41,519  INFO StartLogger - Initializing main logic for module : #14 of 55 Discipline (actual: 34)
16 Apr 2026 16:32:42,686  INFO StartLogger - Initializing main logic for module : #16 of 55 Question (actual: 35)
16 Apr 2026 16:32:42,898  INFO StartLogger - Initializing main logic for module : #17 of 55 Utils (actual: 3)
16 Apr 2026 16:32:43,561  INFO StartLogger - Initializing main logic for module : #18 of 55 TestingSession (actual: 36)
16 Apr 2026 16:32:43,562  INFO StartLogger - Initializing main logic for module : #20 of 55 Hierarchy (actual: 17)
16 Apr 2026 16:32:43,561  INFO StartLogger - Initializing main logic for module : #19 of 55 I18n (actual: 26)
16 Apr 2026 16:32:43,563  INFO StartLogger - Initializing main logic for module : #23 of 55 Authentication (actual: 4)
16 Apr 2026 16:32:43,562  INFO StartLogger - Initializing main logic for module : #21 of 55 Excel (actual: 18)
16 Apr 2026 16:32:43,563  INFO StartLogger - Initializing main logic for module : #22 of 55 Schedule (actual: 55)
16 Apr 2026 16:32:43,595  INFO StartLogger - Initializing main logic for module : #24 of 55 PerformanceReport (actual: 37)
16 Apr 2026 16:32:44,260  INFO StartLogger - Initializing main logic for module : #25 of 55 Document (actual: 14)
16 Apr 2026 16:32:44,260  INFO StartLogger - Initializing main logic for module : #28 of 55 Historizable (actual: 16)
16 Apr 2026 16:32:44,260  INFO StartLogger - Initializing main logic for module : #27 of 55 ProcessMonitor (actual: 44)
16 Apr 2026 16:32:44,260  INFO StartLogger - Initializing main logic for module : #26 of 55 Reflection (actual: 5)
16 Apr 2026 16:32:44,833  INFO StartLogger - Initializing main logic for module : #29 of 55 SystemEvents (actual: 6)
16 Apr 2026 16:32:44,833  INFO StartLogger - Initializing main logic for module : #30 of 55 Messenger (actual: 24)
16 Apr 2026 16:32:44,899  INFO StartLogger - Initializing main logic for module : #31 of 55 Slack (actual: 39)
16 Apr 2026 16:32:44,900  INFO StartLogger - Initializing main logic for module : #33 of 55 Telegram (actual: 50)
16 Apr 2026 16:32:44,900  INFO StartLogger - Initializing main logic for module : #34 of 55 Viber (actual: 31)
16 Apr 2026 16:32:44,904  INFO StartLogger - Initializing main logic for module : #35 of 55 Skype (actual: 53)
16 Apr 2026 16:32:44,899  INFO StartLogger - Initializing main logic for module : #32 of 55 Whatsapp (actual: 25)
16 Apr 2026 16:32:45,507  INFO StartLogger - Initializing main logic for module : #36 of 55 Email (actual: 19)
16 Apr 2026 16:32:45,508  INFO StartLogger - Initializing main logic for module : #39 of 55 OpenCV (actual: 54)
16 Apr 2026 16:32:45,508  INFO StartLogger - Initializing main logic for module : #38 of 55 RabbitMQ (actual: 52)
16 Apr 2026 16:32:45,508  INFO StartLogger - Initializing main logic for module : #37 of 55 Chart (actual: 48)
16 Apr 2026 16:32:45,509  INFO StartLogger - Initializing main logic for module : #43 of 55 Geo (actual: 30)
16 Apr 2026 16:32:45,508  INFO StartLogger - Initializing main logic for module : #40 of 55 Word (actual: 8)
16 Apr 2026 16:32:45,508  INFO StartLogger - Initializing main logic for module : #41 of 55 JKanban (actual: 38)
16 Apr 2026 16:32:45,509  INFO StartLogger - Initializing main logic for module : #42 of 55 Icon (actual: 40)
16 Apr 2026 16:32:45,523  INFO StartLogger - Initializing main logic for module : #45 of 55 QZTray (actual: 28)
16 Apr 2026 16:32:45,518  INFO StartLogger - Initializing main logic for module : #44 of 55 WebSocket (actual: 51)
16 Apr 2026 16:32:45,542  INFO StartLogger - Initializing main logic for module : #46 of 55 Carousel (actual: 9)
16 Apr 2026 16:32:45,545  INFO StartLogger - Initializing main logic for module : #47 of 55 FrappeGantt (actual: 41)
16 Apr 2026 16:32:45,733  INFO StartLogger - Initializing main logic for module : #48 of 55 Security (actual: 20)
16 Apr 2026 16:32:46,138  INFO StartLogger - Initializing main logic for module : #49 of 55 Service (actual: 21)
16 Apr 2026 16:32:46,525  INFO StartLogger - Initializing main logic for module : #50 of 55 Scheduler (actual: 42)
16 Apr 2026 16:32:46,525  INFO StartLogger - Initializing main logic for module : #52 of 55 SQLUtils (actual: 45)
16 Apr 2026 16:32:46,526  INFO StartLogger - Initializing main logic for module : #54 of 55 Chat (actual: 47)
16 Apr 2026 16:32:46,525  INFO StartLogger - Initializing main logic for module : #51 of 55 Profiler (actual: 22)
16 Apr 2026 16:32:46,525  INFO StartLogger - Initializing main logic for module : #53 of 55 Eval (actual: 23)
16 Apr 2026 16:32:46,669  INFO StartLogger - Initializing main logic for module : #55 of 55 Backup (actual: 43)
16 Apr 2026 16:32:46,825  INFO StartLogger - Finalizing groups
16 Apr 2026 16:32:46,825  INFO StartLogger - Finalizing classes
16 Apr 2026 16:32:46,825  INFO StartLogger - Checking for duplicate elements
16 Apr 2026 16:32:46,898  INFO StartLogger - Initializing class dialog forms
16 Apr 2026 16:32:46,898  INFO StartLogger - Filling implicit cases
16 Apr 2026 16:32:46,901  INFO StartLogger - Finalizing abstract actions
16 Apr 2026 16:32:46,901  INFO StartLogger - Initializing abstract properties
16 Apr 2026 16:32:47,013  INFO StartLogger - Checking abstract
16 Apr 2026 16:32:47,013  INFO StartLogger - Initializing fields for data and materialized properties
16 Apr 2026 16:32:47,013  INFO StartLogger - Looking for recursions in abstract actions
16 Apr 2026 16:32:47,013  INFO StartLogger - Initializing class aggr props
16 Apr 2026 16:32:49,889  INFO StartLogger - Setting up property policy
16 Apr 2026 16:32:49,934  INFO StartLogger - Finalizing navigator elements
16 Apr 2026 16:32:49,992  INFO StartLogger - Setting up drill-down
16 Apr 2026 16:32:50,636  INFO StartLogger - Setting up action policy
16 Apr 2026 16:32:50,873  INFO StartLogger - Finalizing tables
16 Apr 2026 16:32:50,884  INFO StartLogger - Initializing indices
16 Apr 2026 16:32:50,895  INFO StartLogger - Initializing reflection events
16 Apr 2026 16:32:53,197  INFO StartLogger - Setting up loggables
16 Apr 2026 16:32:53,197  INFO StartLogger - Initializing class data indexes
16 Apr 2026 16:32:53,197  INFO StartLogger - Finalizing forms
16 Apr 2026 16:32:53,329  INFO StartLogger - Finalizing properties
16 Apr 2026 16:32:53,458  INFO StartLogger - Synchronizing DB
16 Apr 2026 16:32:56,901  INFO StartLogger - Checking indexes
16 Apr 2026 16:32:56,912  INFO StartLogger - Creating tables
16 Apr 2026 16:33:00,171  INFO StartLogger - Updating stats
16 Apr 2026 16:33:00,511  INFO StartLogger - Adding indexes
16 Apr 2026 16:33:00,760  INFO StartLogger - Packing tables
16 Apr 2026 16:33:00,761  INFO StartLogger - Filling static objects ids
16 Apr 2026 16:33:01,396  INFO StartLogger - Prereading form property events
16 Apr 2026 16:33:02,267  INFO StartLogger - Initializing lazy properties
16 Apr 2026 16:33:02,338  INFO StartLogger - Looking for recursions in abstract properties
16 Apr 2026 16:33:02,338  INFO StartLogger - Reading global events / materialized properties links
16 Apr 2026 16:33:04,943  INFO StartLogger - Building global events / materialized properties list
16 Apr 2026 16:33:05,037  INFO StartLogger - Reading local events links
16 Apr 2026 16:33:05,122  INFO StartLogger - Building local events list
16 Apr 2026 16:33:05,226  INFO StartLogger - Writing static objects changes
16 Apr 2026 16:33:20,786  INFO StartLogger - Migrating reflection properties and actions
16 Apr 2026 16:33:20,843  INFO StartLogger - Recalculating materializations
16 Apr 2026 16:33:25,631  INFO StartLogger - Initializing security manager
16 Apr 2026 16:33:25,633  INFO StartLogger - Starting security manager
16 Apr 2026 16:33:29,277  INFO StartLogger - Starting RMI manager
16 Apr 2026 16:33:29,327  INFO StartLogger - Executing onInit action started
16 Apr 2026 16:33:29,328  INFO StartLogger - Synchronizing icons
16 Apr 2026 16:33:29,328  INFO StartLogger - Initializing actions' debugger
16 Apr 2026 16:33:38,073  INFO StartLogger - Executing onInit action finished, 8746ms
16 Apr 2026 16:33:38,076  INFO StartLogger - Executing onStarted action started
16 Apr 2026 16:33:54,643  INFO SystemLogger - Setting hostname: null
16 Apr 2026 16:33:54,689  INFO StartLogger - Starting Scheduler
16 Apr 2026 16:33:54,820  INFO SystemLogger - Change current time snapshots to 2026-04-16T16:33:54.819787680, 2026-04-16T16:33:54.819822341Z
16 Apr 2026 16:33:54,836  INFO SystemLogger - ChangeCurrentDate started: from null to 2026-04-16
16 Apr 2026 16:33:54,905  INFO SystemLogger - ChangeCurrentDate finished
16 Apr 2026 16:34:00,756  INFO StartLogger - Executing onStarted action finished, 22680ms
16 Apr 2026 16:34:28,326  INFO StartLogger - Prereading auto icons
16 Apr 2026 16:34:53,490  INFO StartLogger - Prereading auto icons finished, 0ms
16 Apr 2026 16:34:53,494  INFO StartLogger - Exporting RMI logics object (port: 7652) started
16 Apr 2026 16:34:53,551  INFO StartLogger - Exporting RMI logics object (port: 7652) finished, 58ms
16 Apr 2026 16:34:53,556  INFO SystemLogger - Binding ExternalHTTPServer
16 Apr 2026 16:34:53,694  INFO SystemLogger - Binding WebSocketServer
16 Apr 2026 16:34:53,732  INFO HttpServerLogger - RabbitMQServer: onStarted
16 Apr 2026 16:34:53,751  INFO StartLogger - Reading modules hash
16 Apr 2026 16:34:53,752  INFO StartLogger - Prereading caches for properties
16 Apr 2026 16:34:53,754  INFO StartLogger - Prereading caches for properties finished, 0ms
16 Apr 2026 16:34:53,779  INFO StartLogger - Comparing modulesHash: old null, new 76d0890e
16 Apr 2026 16:34:53,783  INFO StartLogger - Synchronizing actions started
16 Apr 2026 16:34:53,784  INFO StartLogger - Synchronizing forms started
16 Apr 2026 16:34:53,784  INFO StartLogger - Synchronizing group properties started
16 Apr 2026 16:34:55,598  INFO StartLogger - Synchronizing forms finished, 1814ms
16 Apr 2026 16:34:55,600  INFO StartLogger - Synchronizing group objects started
16 Apr 2026 16:34:57,433  INFO StartLogger - Synchronizing group objects finished, 1833ms
16 Apr 2026 16:34:57,435  INFO StartLogger - Migrating property draws started
16 Apr 2026 16:34:57,442  INFO StartLogger - Migrating property draws finished, 7ms
16 Apr 2026 16:34:57,445  INFO StartLogger - Synchronizing property draws started
16 Apr 2026 16:34:59,329  INFO StartLogger - Synchronizing group properties finished, 5545ms
16 Apr 2026 16:35:06,743  INFO StartLogger - Synchronizing property draws finished, 9298ms
16 Apr 2026 16:35:25,677  INFO StartLogger - Synchronizing actions finished, 31894ms
16 Apr 2026 16:35:25,679  INFO StartLogger - Synchronizing properties started
16 Apr 2026 16:35:43,235  INFO StartLogger - Synchronizing properties finished, 17556ms
16 Apr 2026 16:35:43,237  INFO StartLogger - Synchronizing action parents started
16 Apr 2026 16:35:43,237  INFO StartLogger - Synchronizing tables started
16 Apr 2026 16:35:43,238  INFO StartLogger - Migrating navigator elements started
16 Apr 2026 16:35:43,244  INFO StartLogger - Migrating navigator elements finished, 6ms
16 Apr 2026 16:35:43,246  INFO StartLogger - Synchronizing navigator elements properties started
16 Apr 2026 16:35:45,397  INFO StartLogger - Synchronizing navigator elements properties finished, 2151ms
16 Apr 2026 16:35:45,400  INFO StartLogger - Synchronizing navigator elements actions started
16 Apr 2026 16:35:47,712  INFO StartLogger - Synchronizing navigator elements actions finished, 2312ms
16 Apr 2026 16:35:47,714  INFO StartLogger - Synchronizing navigator element parents started
16 Apr 2026 16:35:51,501  INFO StartLogger - Synchronizing navigator element parents finished, 3787ms
16 Apr 2026 16:35:52,618  INFO StartLogger - Synchronizing tables finished, 9381ms
16 Apr 2026 16:35:52,864  INFO StartLogger - Synchronizing action parents finished, 9627ms
16 Apr 2026 16:35:52,866  INFO StartLogger - Synchronizing property parents started
16 Apr 2026 16:35:55,955  INFO StartLogger - Synchronizing property parents finished, 3089ms
16 Apr 2026 16:35:55,958  INFO StartLogger - Prereading security policies
16 Apr 2026 16:35:55,958  INFO StartLogger - Recalculating stats and materializations at the first start
16 Apr 2026 16:35:55,971  INFO StartLogger - Writing modulesHash 76d0890e started
16 Apr 2026 16:35:56,077  INFO StartLogger - Writing modulesHash 76d0890e finished, 106ms
16 Apr 2026 16:36:02,496  INFO StartLogger - Cleaning obsolete caches started
16 Apr 2026 16:36:02,517  INFO StartLogger - Cleaning obsolete caches finished, 21ms
16 Apr 2026 16:36:02,519  INFO StartLogger - Executing onFinallyStarted started
16 Apr 2026 16:36:05,681  INFO StartLogger - Setting up Scheduled Task: Обслуживание БД
16 Apr 2026 16:36:06,288  INFO StartLogger - Executing onFinallyStarted finished, 3768ms
16 Apr 2026 16:36:06,289  INFO StartLogger - Logics instance has successfully started
16 Apr 2026 16:36:06,298  INFO StartLogger - Desktop Client is available at:
16 Apr 2026 16:36:06,300  INFO StartLogger - Java Web Start (with auto update, requires JDK): https://download.lsfusion.org/java/lsfusion-client-6.2-SNAPSHOT.jnlp
16 Apr 2026 16:36:06,302  INFO StartLogger - Server has successfully started in 215402 ms
16 Apr 2026 17:04:13,019  INFO SystemLogger - Change current time snapshots to 2026-04-16T17:04:13.017484227, 2026-04-16T17:04:13.017491278Z
16 Apr 2026 17:05:47,323  INFO StartLogger - Executing shutdown hook
16 Apr 2026 17:05:47,325  INFO StartLogger - Server is stopping...
16 Apr 2026 17:05:47,327  INFO StartLogger - Logics instance is stopping...
16 Apr 2026 17:05:47,334  INFO StartLogger - Stopping remote logics loader
16 Apr 2026 17:05:47,347  INFO StartLogger - Logics instance has stopped...
16 Apr 2026 17:05:47,370  INFO StartLogger - Server has stopped...
16 Apr 2026 17:05:54,537  INFO StartLogger - Server is starting...
16 Apr 2026 17:05:55,427  INFO StartLogger - Current version: 6.2-SNAPSHOT (373)
16 Apr 2026 17:05:55,435  INFO StartLogger - Java version: 21.0.10
16 Apr 2026 17:05:55,436  INFO StartLogger - Class path: .:./*:../server.jar
16 Apr 2026 17:05:55,486  INFO StartLogger - JVM arguments: []
16 Apr 2026 17:05:59,114  INFO StartLogger - Logics instance is starting...
16 Apr 2026 17:05:59,157  INFO StartLogger - Initializing BusinessLogics
16 Apr 2026 17:05:59,239  INFO StartLogger - Initializing string literals data
16 Apr 2026 17:05:59,239  INFO StartLogger - Initializing localizer
16 Apr 2026 17:05:59,243  INFO StartLogger - Creating modules
16 Apr 2026 17:06:01,248  INFO StartLogger - Initializing dependencies
16 Apr 2026 17:06:01,624  INFO StartLogger - Initializing modules order
16 Apr 2026 17:06:01,627  INFO StartLogger - Initializing metacodes and classes
16 Apr 2026 17:06:02,597  INFO StartLogger - Error starting server, server will be stopped
16 Apr 2026 17:06:02,598  INFO StartLogger - Server is stopping...
16 Apr 2026 17:06:02,598  INFO StartLogger - Logics instance is stopping...
16 Apr 2026 17:06:02,599  INFO StartLogger - Logics instance has stopped...
16 Apr 2026 17:06:02,602  INFO StartLogger - Server has stopped...
16 Apr 2026 17:07:58,618  INFO StartLogger - Server is starting...
16 Apr 2026 17:07:58,872  INFO StartLogger - Current version: 6.2-SNAPSHOT (373)
16 Apr 2026 17:07:58,875  INFO StartLogger - Java version: 21.0.10
16 Apr 2026 17:07:58,876  INFO StartLogger - Class path: .:./*:../server.jar
16 Apr 2026 17:07:58,892  INFO StartLogger - JVM arguments: []
16 Apr 2026 17:08:01,382  INFO StartLogger - Logics instance is starting...
16 Apr 2026 17:08:01,409  INFO StartLogger - Initializing BusinessLogics
16 Apr 2026 17:08:01,440  INFO StartLogger - Initializing string literals data
16 Apr 2026 17:08:01,440  INFO StartLogger - Creating modules
16 Apr 2026 17:08:01,440  INFO StartLogger - Initializing localizer
16 Apr 2026 17:08:02,529  INFO StartLogger - Initializing dependencies
16 Apr 2026 17:08:02,787  INFO StartLogger - Initializing modules order
16 Apr 2026 17:08:02,795  INFO StartLogger - Initializing metacodes and classes
16 Apr 2026 17:08:04,068  INFO StartLogger - Initializing object class
16 Apr 2026 17:08:04,081  INFO StartLogger - Initializing tables
16 Apr 2026 17:08:04,231  INFO StartLogger - Initializing class tables
16 Apr 2026 17:08:04,448  INFO StartLogger - Initializing full tables with one key
16 Apr 2026 17:08:04,451  INFO StartLogger - Initializing main logic
16 Apr 2026 17:08:04,480  INFO StartLogger - Initializing main logic for module : #1 of 55 System (actual: 1)
16 Apr 2026 17:08:05,810  INFO StartLogger - Initializing main logic for module : #2 of 55 Sound (actual: 27)
16 Apr 2026 17:08:05,811  INFO StartLogger - Initializing main logic for module : #4 of 55 Printer (actual: 10)
16 Apr 2026 17:08:05,810  INFO StartLogger - Initializing main logic for module : #3 of 55 MasterData (actual: 7)
16 Apr 2026 17:08:05,813  INFO StartLogger - Initializing main logic for module : #9 of 55 UserEvents (actual: 15)
16 Apr 2026 17:08:05,812  INFO StartLogger - Initializing main logic for module : #8 of 55 AppMenu (actual: 32)
16 Apr 2026 17:08:05,812  INFO StartLogger - Initializing main logic for module : #7 of 55 Integration (actual: 46)
16 Apr 2026 17:08:05,815  INFO StartLogger - Initializing main logic for module : #10 of 55 DefaultData (actual: 12)
16 Apr 2026 17:08:05,829  INFO StartLogger - Initializing main logic for module : #11 of 55 Com (actual: 49)
16 Apr 2026 17:08:05,811  INFO StartLogger - Initializing main logic for module : #5 of 55 Image (actual: 11)
16 Apr 2026 17:08:05,811  INFO StartLogger - Initializing main logic for module : #6 of 55 Time (actual: 2)
16 Apr 2026 17:08:05,831  INFO StartLogger - Initializing main logic for module : #12 of 55 Student (actual: 33)
16 Apr 2026 17:08:05,844  INFO StartLogger - Initializing main logic for module : #13 of 55 Discipline (actual: 34)
16 Apr 2026 17:08:05,856  INFO StartLogger - Initializing main logic for module : #14 of 55 ProcessUtils (actual: 29)
16 Apr 2026 17:08:05,868  INFO StartLogger - Initializing main logic for module : #15 of 55 Numerator (actual: 13)
16 Apr 2026 17:08:07,039  INFO StartLogger - Initializing main logic for module : #16 of 55 Question (actual: 35)
16 Apr 2026 17:08:07,172  INFO StartLogger - Initializing main logic for module : #17 of 55 Utils (actual: 3)
16 Apr 2026 17:08:07,679  INFO StartLogger - Initializing main logic for module : #18 of 55 Excel (actual: 18)
16 Apr 2026 17:08:07,680  INFO StartLogger - Initializing main logic for module : #22 of 55 TestingSession (actual: 36)
16 Apr 2026 17:08:07,680  INFO StartLogger - Initializing main logic for module : #21 of 55 Schedule (actual: 55)
16 Apr 2026 17:08:07,680  INFO StartLogger - Initializing main logic for module : #20 of 55 Authentication (actual: 4)
16 Apr 2026 17:08:07,680  INFO StartLogger - Initializing main logic for module : #19 of 55 Hierarchy (actual: 17)
16 Apr 2026 17:08:07,682  INFO StartLogger - Initializing main logic for module : #23 of 55 I18n (actual: 26)
16 Apr 2026 17:08:07,738  INFO StartLogger - Initializing main logic for module : #24 of 55 PerformanceReport (actual: 37)
16 Apr 2026 17:08:08,390  INFO StartLogger - Initializing main logic for module : #25 of 55 Reflection (actual: 5)
16 Apr 2026 17:08:08,390  INFO StartLogger - Initializing main logic for module : #26 of 55 ProcessMonitor (actual: 44)
16 Apr 2026 17:08:08,392  INFO StartLogger - Initializing main logic for module : #28 of 55 Historizable (actual: 16)
16 Apr 2026 17:08:08,392  INFO StartLogger - Initializing main logic for module : #27 of 55 Document (actual: 14)
16 Apr 2026 17:08:08,798  INFO StartLogger - Initializing main logic for module : #29 of 55 Messenger (actual: 24)
16 Apr 2026 17:08:08,798  INFO StartLogger - Initializing main logic for module : #30 of 55 SystemEvents (actual: 6)
16 Apr 2026 17:08:08,842  INFO StartLogger - Initializing main logic for module : #31 of 55 Telegram (actual: 50)
16 Apr 2026 17:08:08,843  INFO StartLogger - Initializing main logic for module : #35 of 55 Viber (actual: 31)
16 Apr 2026 17:08:08,843  INFO StartLogger - Initializing main logic for module : #34 of 55 Whatsapp (actual: 25)
16 Apr 2026 17:08:08,842  INFO StartLogger - Initializing main logic for module : #33 of 55 Skype (actual: 53)
16 Apr 2026 17:08:08,842  INFO StartLogger - Initializing main logic for module : #32 of 55 Slack (actual: 39)
16 Apr 2026 17:08:09,294  INFO StartLogger - Initializing main logic for module : #36 of 55 Carousel (actual: 9)
16 Apr 2026 17:08:09,294  INFO StartLogger - Initializing main logic for module : #39 of 55 Email (actual: 19)
16 Apr 2026 17:08:09,294  INFO StartLogger - Initializing main logic for module : #38 of 55 OpenCV (actual: 54)
16 Apr 2026 17:08:09,294  INFO StartLogger - Initializing main logic for module : #37 of 55 JKanban (actual: 38)
16 Apr 2026 17:08:09,297  INFO StartLogger - Initializing main logic for module : #44 of 55 Geo (actual: 30)
16 Apr 2026 17:08:09,295  INFO StartLogger - Initializing main logic for module : #43 of 55 Icon (actual: 40)
16 Apr 2026 17:08:09,295  INFO StartLogger - Initializing main logic for module : #42 of 55 RabbitMQ (actual: 52)
16 Apr 2026 17:08:09,295  INFO StartLogger - Initializing main logic for module : #41 of 55 QZTray (actual: 28)
16 Apr 2026 17:08:09,295  INFO StartLogger - Initializing main logic for module : #40 of 55 Word (actual: 8)
16 Apr 2026 17:08:09,320  INFO StartLogger - Initializing main logic for module : #45 of 55 WebSocket (actual: 51)
16 Apr 2026 17:08:09,353  INFO StartLogger - Initializing main logic for module : #46 of 55 FrappeGantt (actual: 41)
16 Apr 2026 17:08:09,364  INFO StartLogger - Initializing main logic for module : #47 of 55 Chart (actual: 48)
16 Apr 2026 17:08:09,562  INFO StartLogger - Initializing main logic for module : #48 of 55 Security (actual: 20)
16 Apr 2026 17:08:10,034  INFO StartLogger - Initializing main logic for module : #49 of 55 Service (actual: 21)
16 Apr 2026 17:08:11,253  INFO StartLogger - Initializing main logic for module : #50 of 55 Chat (actual: 47)
16 Apr 2026 17:08:11,254  INFO StartLogger - Initializing main logic for module : #54 of 55 Eval (actual: 23)
16 Apr 2026 17:08:11,254  INFO StartLogger - Initializing main logic for module : #53 of 55 SQLUtils (actual: 45)
16 Apr 2026 17:08:11,254  INFO StartLogger - Initializing main logic for module : #52 of 55 Scheduler (actual: 42)
16 Apr 2026 17:08:11,254  INFO StartLogger - Initializing main logic for module : #51 of 55 Profiler (actual: 22)
16 Apr 2026 17:08:11,837  INFO StartLogger - Initializing main logic for module : #55 of 55 Backup (actual: 43)
16 Apr 2026 17:08:12,100  INFO StartLogger - Error starting server, server will be stopped
16 Apr 2026 17:08:12,101  INFO StartLogger - Server is stopping...
16 Apr 2026 17:08:12,103  INFO StartLogger - Logics instance is stopping...
16 Apr 2026 17:08:12,105  INFO StartLogger - Logics instance has stopped...
16 Apr 2026 17:08:12,108  INFO StartLogger - Server has stopped...
16 Apr 2026 17:35:08,157  INFO StartLogger - Server is starting...
16 Apr 2026 17:35:08,451  INFO StartLogger - Current version: 6.2-SNAPSHOT (373)
16 Apr 2026 17:35:08,456  INFO StartLogger - Java version: 21.0.10
16 Apr 2026 17:35:08,457  INFO StartLogger - Class path: .:./*:../server.jar
16 Apr 2026 17:35:08,500  INFO StartLogger - JVM arguments: []
16 Apr 2026 17:35:11,190  INFO StartLogger - Logics instance is starting...
16 Apr 2026 17:35:11,235  INFO StartLogger - Initializing BusinessLogics
16 Apr 2026 17:35:11,274  INFO StartLogger - Initializing string literals data
16 Apr 2026 17:35:11,274  INFO StartLogger - Creating modules
16 Apr 2026 17:35:11,274  INFO StartLogger - Initializing localizer
16 Apr 2026 17:35:12,140  INFO StartLogger - Initializing dependencies
16 Apr 2026 17:35:12,404  INFO StartLogger - Initializing modules order
16 Apr 2026 17:35:12,408  INFO StartLogger - Initializing metacodes and classes
16 Apr 2026 17:35:13,118  INFO StartLogger - Error starting server, server will be stopped
16 Apr 2026 17:35:13,119  INFO StartLogger - Server is stopping...
16 Apr 2026 17:35:13,120  INFO StartLogger - Logics instance is stopping...
16 Apr 2026 17:35:13,121  INFO StartLogger - Logics instance has stopped...
16 Apr 2026 17:35:13,124  INFO StartLogger - Server has stopped...
16 Apr 2026 17:36:23,404  INFO StartLogger - Server is starting...
16 Apr 2026 17:36:23,546  INFO StartLogger - Current version: 6.2-SNAPSHOT (373)
16 Apr 2026 17:36:23,548  INFO StartLogger - Java version: 21.0.10
16 Apr 2026 17:36:23,549  INFO StartLogger - Class path: .:./*:../server.jar
16 Apr 2026 17:36:23,561  INFO StartLogger - JVM arguments: []
16 Apr 2026 17:36:25,224  INFO StartLogger - Logics instance is starting...
16 Apr 2026 17:36:25,264  INFO StartLogger - Initializing BusinessLogics
16 Apr 2026 17:36:25,306  INFO StartLogger - Initializing string literals data
16 Apr 2026 17:36:25,306  INFO StartLogger - Creating modules
16 Apr 2026 17:36:25,306  INFO StartLogger - Initializing localizer
16 Apr 2026 17:36:26,406  INFO StartLogger - Initializing dependencies
16 Apr 2026 17:36:26,670  INFO StartLogger - Initializing modules order
16 Apr 2026 17:36:26,680  INFO StartLogger - Initializing metacodes and classes
16 Apr 2026 17:36:27,543  INFO StartLogger - Error starting server, server will be stopped
16 Apr 2026 17:36:27,544  INFO StartLogger - Server is stopping...
16 Apr 2026 17:36:27,545  INFO StartLogger - Logics instance is stopping...
16 Apr 2026 17:36:27,547  INFO StartLogger - Logics instance has stopped...
16 Apr 2026 17:36:27,549  INFO StartLogger - Server has stopped...
16 Apr 2026 17:36:43,911  INFO StartLogger - Server is starting...
16 Apr 2026 17:36:44,080  INFO StartLogger - Current version: 6.2-SNAPSHOT (373)
16 Apr 2026 17:36:44,082  INFO StartLogger - Java version: 21.0.10
16 Apr 2026 17:36:44,082  INFO StartLogger - Class path: .:./*:../server.jar
16 Apr 2026 17:36:44,094  INFO StartLogger - JVM arguments: []
16 Apr 2026 17:36:45,781  INFO StartLogger - Logics instance is starting...
16 Apr 2026 17:36:45,818  INFO StartLogger - Initializing BusinessLogics
16 Apr 2026 17:36:45,853  INFO StartLogger - Initializing string literals data
16 Apr 2026 17:36:45,854  INFO StartLogger - Creating modules
16 Apr 2026 17:36:45,854  INFO StartLogger - Initializing localizer
16 Apr 2026 17:36:47,045  INFO StartLogger - Initializing dependencies
16 Apr 2026 17:36:47,262  INFO StartLogger - Initializing modules order
16 Apr 2026 17:36:47,268  INFO StartLogger - Initializing metacodes and classes
16 Apr 2026 17:36:48,132  INFO StartLogger - Error starting server, server will be stopped
16 Apr 2026 17:36:48,133  INFO StartLogger - Server is stopping...
16 Apr 2026 17:36:48,134  INFO StartLogger - Logics instance is stopping...
16 Apr 2026 17:36:48,135  INFO StartLogger - Logics instance has stopped...
16 Apr 2026 17:36:48,137  INFO StartLogger - Server has stopped...
16 Apr 2026 17:37:30,053  INFO StartLogger - Server is starting...
16 Apr 2026 17:37:30,196  INFO StartLogger - Current version: 6.2-SNAPSHOT (373)
16 Apr 2026 17:37:30,198  INFO StartLogger - Java version: 21.0.10
16 Apr 2026 17:37:30,199  INFO StartLogger - Class path: .:./*:../server.jar
16 Apr 2026 17:37:30,209  INFO StartLogger - JVM arguments: []
16 Apr 2026 17:37:31,833  INFO StartLogger - Logics instance is starting...
16 Apr 2026 17:37:31,874  INFO StartLogger - Initializing BusinessLogics
16 Apr 2026 17:37:31,913  INFO StartLogger - Initializing string literals data
16 Apr 2026 17:37:31,913  INFO StartLogger - Creating modules
16 Apr 2026 17:37:31,913  INFO StartLogger - Initializing localizer
16 Apr 2026 17:37:32,968  INFO StartLogger - Initializing dependencies
16 Apr 2026 17:37:33,195  INFO StartLogger - Initializing modules order
16 Apr 2026 17:37:33,199  INFO StartLogger - Initializing metacodes and classes
16 Apr 2026 17:37:33,985  INFO StartLogger - Error starting server, server will be stopped
16 Apr 2026 17:37:33,986  INFO StartLogger - Server is stopping...
16 Apr 2026 17:37:33,987  INFO StartLogger - Logics instance is stopping...
16 Apr 2026 17:37:33,988  INFO StartLogger - Logics instance has stopped...
16 Apr 2026 17:37:33,989  INFO StartLogger - Server has stopped...
16 Apr 2026 17:38:00,310  INFO StartLogger - Server is starting...
16 Apr 2026 17:38:00,448  INFO StartLogger - Current version: 6.2-SNAPSHOT (373)
16 Apr 2026 17:38:00,450  INFO StartLogger - Java version: 21.0.10
16 Apr 2026 17:38:00,451  INFO StartLogger - Class path: .:./*:../server.jar
16 Apr 2026 17:38:00,462  INFO StartLogger - JVM arguments: []
16 Apr 2026 17:38:02,175  INFO StartLogger - Logics instance is starting...
16 Apr 2026 17:38:02,212  INFO StartLogger - Initializing BusinessLogics
16 Apr 2026 17:38:02,246  INFO StartLogger - Initializing string literals data
16 Apr 2026 17:38:02,246  INFO StartLogger - Initializing localizer
16 Apr 2026 17:38:02,246  INFO StartLogger - Creating modules
16 Apr 2026 17:38:03,395  INFO StartLogger - Initializing dependencies
16 Apr 2026 17:38:03,659  INFO StartLogger - Initializing modules order
16 Apr 2026 17:38:03,663  INFO StartLogger - Initializing metacodes and classes
16 Apr 2026 17:38:04,478  INFO StartLogger - Error starting server, server will be stopped
16 Apr 2026 17:38:04,479  INFO StartLogger - Server is stopping...
16 Apr 2026 17:38:04,480  INFO StartLogger - Logics instance is stopping...
16 Apr 2026 17:38:04,482  INFO StartLogger - Logics instance has stopped...
16 Apr 2026 17:38:04,484  INFO StartLogger - Server has stopped...
16 Apr 2026 17:38:56,890  INFO StartLogger - Server is starting...
16 Apr 2026 17:38:57,135  INFO StartLogger - Current version: 6.2-SNAPSHOT (373)
16 Apr 2026 17:38:57,137  INFO StartLogger - Java version: 21.0.10
16 Apr 2026 17:38:57,138  INFO StartLogger - Class path: .:./*:../server.jar
16 Apr 2026 17:38:57,156  INFO StartLogger - JVM arguments: []
16 Apr 2026 17:38:59,071  INFO StartLogger - Logics instance is starting...
16 Apr 2026 17:38:59,105  INFO StartLogger - Initializing BusinessLogics
16 Apr 2026 17:38:59,137  INFO StartLogger - Initializing string literals data
16 Apr 2026 17:38:59,137  INFO StartLogger - Creating modules
16 Apr 2026 17:38:59,137  INFO StartLogger - Initializing localizer
16 Apr 2026 17:39:00,196  INFO StartLogger - Initializing dependencies
16 Apr 2026 17:39:00,421  INFO StartLogger - Initializing modules order
16 Apr 2026 17:39:00,425  INFO StartLogger - Initializing metacodes and classes
16 Apr 2026 17:39:01,213  INFO StartLogger - Error starting server, server will be stopped
16 Apr 2026 17:39:01,215  INFO StartLogger - Server is stopping...
16 Apr 2026 17:39:01,216  INFO StartLogger - Logics instance is stopping...
16 Apr 2026 17:39:01,218  INFO StartLogger - Logics instance has stopped...
16 Apr 2026 17:39:01,220  INFO StartLogger - Server has stopped...
16 Apr 2026 17:40:08,718  INFO StartLogger - Server is starting...
16 Apr 2026 17:40:08,890  INFO StartLogger - Current version: 6.2-SNAPSHOT (373)
16 Apr 2026 17:40:08,892  INFO StartLogger - Java version: 21.0.10
16 Apr 2026 17:40:08,893  INFO StartLogger - Class path: .:./*:../server.jar
16 Apr 2026 17:40:08,906  INFO StartLogger - JVM arguments: []
16 Apr 2026 17:40:10,995  INFO StartLogger - Logics instance is starting...
16 Apr 2026 17:40:11,079  INFO StartLogger - Initializing BusinessLogics
16 Apr 2026 17:40:11,175  INFO StartLogger - Initializing string literals data
16 Apr 2026 17:40:11,175  INFO StartLogger - Initializing localizer
16 Apr 2026 17:40:11,176  INFO StartLogger - Creating modules
16 Apr 2026 17:40:12,054  INFO StartLogger - Initializing dependencies
16 Apr 2026 17:40:12,279  INFO StartLogger - Initializing modules order
16 Apr 2026 17:40:12,283  INFO StartLogger - Initializing metacodes and classes
16 Apr 2026 17:40:13,056  INFO StartLogger - Error starting server, server will be stopped
16 Apr 2026 17:40:13,057  INFO StartLogger - Server is stopping...
16 Apr 2026 17:40:13,057  INFO StartLogger - Logics instance is stopping...
16 Apr 2026 17:40:13,058  INFO StartLogger - Logics instance has stopped...
16 Apr 2026 17:40:13,060  INFO StartLogger - Server has stopped...
16 Apr 2026 17:41:04,234  INFO StartLogger - Server is starting...
16 Apr 2026 17:41:04,410  INFO StartLogger - Current version: 6.2-SNAPSHOT (373)
16 Apr 2026 17:41:04,413  INFO StartLogger - Java version: 21.0.10
16 Apr 2026 17:41:04,414  INFO StartLogger - Class path: .:./*:../server.jar
16 Apr 2026 17:41:04,429  INFO StartLogger - JVM arguments: []
16 Apr 2026 17:41:06,122  INFO StartLogger - Logics instance is starting...
16 Apr 2026 17:41:06,170  INFO StartLogger - Initializing BusinessLogics
16 Apr 2026 17:41:06,220  INFO StartLogger - Initializing string literals data
16 Apr 2026 17:41:06,220  INFO StartLogger - Creating modules
16 Apr 2026 17:41:06,220  INFO StartLogger - Initializing localizer
16 Apr 2026 17:41:07,411  INFO StartLogger - Initializing dependencies
16 Apr 2026 17:41:07,681  INFO StartLogger - Initializing modules order
16 Apr 2026 17:41:07,686  INFO StartLogger - Initializing metacodes and classes
16 Apr 2026 17:41:08,620  INFO StartLogger - Error starting server, server will be stopped
16 Apr 2026 17:41:08,622  INFO StartLogger - Server is stopping...
16 Apr 2026 17:41:08,623  INFO StartLogger - Logics instance is stopping...
16 Apr 2026 17:41:08,625  INFO StartLogger - Logics instance has stopped...
16 Apr 2026 17:41:08,628  INFO StartLogger - Server has stopped...
16 Apr 2026 17:41:43,535  INFO StartLogger - Server is starting...
16 Apr 2026 17:41:43,674  INFO StartLogger - Current version: 6.2-SNAPSHOT (373)
16 Apr 2026 17:41:43,675  INFO StartLogger - Java version: 21.0.10
16 Apr 2026 17:41:43,676  INFO StartLogger - Class path: .:./*:../server.jar
16 Apr 2026 17:41:43,687  INFO StartLogger - JVM arguments: []
16 Apr 2026 17:41:45,578  INFO StartLogger - Logics instance is starting...
16 Apr 2026 17:41:45,618  INFO StartLogger - Initializing BusinessLogics
16 Apr 2026 17:41:45,654  INFO StartLogger - Initializing string literals data
16 Apr 2026 17:41:45,655  INFO StartLogger - Creating modules
16 Apr 2026 17:41:45,654  INFO StartLogger - Initializing localizer
16 Apr 2026 17:41:46,736  INFO StartLogger - Initializing dependencies
16 Apr 2026 17:41:47,015  INFO StartLogger - Initializing modules order
16 Apr 2026 17:41:47,018  INFO StartLogger - Initializing metacodes and classes
16 Apr 2026 17:41:47,967  INFO StartLogger - Error starting server, server will be stopped
16 Apr 2026 17:41:47,968  INFO StartLogger - Server is stopping...
16 Apr 2026 17:41:47,968  INFO StartLogger - Logics instance is stopping...
16 Apr 2026 17:41:47,975  INFO StartLogger - Logics instance has stopped...
16 Apr 2026 17:41:47,978  INFO StartLogger - Server has stopped...
16 Apr 2026 17:42:47,242  INFO StartLogger - Server is starting...
16 Apr 2026 17:42:47,400  INFO StartLogger - Current version: 6.2-SNAPSHOT (373)
16 Apr 2026 17:42:47,402  INFO StartLogger - Java version: 21.0.10
16 Apr 2026 17:42:47,403  INFO StartLogger - Class path: .:./*:../server.jar
16 Apr 2026 17:42:47,417  INFO StartLogger - JVM arguments: []
16 Apr 2026 17:42:49,210  INFO StartLogger - Logics instance is starting...
16 Apr 2026 17:42:49,262  INFO StartLogger - Initializing BusinessLogics
16 Apr 2026 17:42:49,312  INFO StartLogger - Initializing string literals data
16 Apr 2026 17:42:49,314  INFO StartLogger - Creating modules
16 Apr 2026 17:42:49,313  INFO StartLogger - Initializing localizer
16 Apr 2026 17:42:50,407  INFO StartLogger - Initializing dependencies
16 Apr 2026 17:42:50,651  INFO StartLogger - Initializing modules order
16 Apr 2026 17:42:50,655  INFO StartLogger - Initializing metacodes and classes
16 Apr 2026 17:42:51,466  INFO StartLogger - Error starting server, server will be stopped
16 Apr 2026 17:42:51,467  INFO StartLogger - Server is stopping...
16 Apr 2026 17:42:51,468  INFO StartLogger - Logics instance is stopping...
16 Apr 2026 17:42:51,469  INFO StartLogger - Logics instance has stopped...
16 Apr 2026 17:42:51,471  INFO StartLogger - Server has stopped...
16 Apr 2026 17:43:02,847  INFO StartLogger - Server is starting...
16 Apr 2026 17:43:02,978  INFO StartLogger - Current version: 6.2-SNAPSHOT (373)
16 Apr 2026 17:43:02,980  INFO StartLogger - Java version: 21.0.10
16 Apr 2026 17:43:02,981  INFO StartLogger - Class path: .:./*:../server.jar
16 Apr 2026 17:43:02,991  INFO StartLogger - JVM arguments: []
16 Apr 2026 17:43:04,691  INFO StartLogger - Logics instance is starting...
16 Apr 2026 17:43:04,752  INFO StartLogger - Initializing BusinessLogics
16 Apr 2026 17:43:04,793  INFO StartLogger - Initializing localizer
16 Apr 2026 17:43:04,794  INFO StartLogger - Creating modules
16 Apr 2026 17:43:04,793  INFO StartLogger - Initializing string literals data
16 Apr 2026 17:43:05,701  INFO StartLogger - Initializing dependencies
16 Apr 2026 17:43:05,931  INFO StartLogger - Initializing modules order
16 Apr 2026 17:43:05,934  INFO StartLogger - Initializing metacodes and classes
16 Apr 2026 17:43:06,687  INFO StartLogger - Error starting server, server will be stopped
16 Apr 2026 17:43:06,688  INFO StartLogger - Server is stopping...
16 Apr 2026 17:43:06,689  INFO StartLogger - Logics instance is stopping...
16 Apr 2026 17:43:06,690  INFO StartLogger - Logics instance has stopped...
16 Apr 2026 17:43:06,692  INFO StartLogger - Server has stopped...
16 Apr 2026 17:43:19,410  INFO StartLogger - Server is starting...
16 Apr 2026 17:43:19,575  INFO StartLogger - Current version: 6.2-SNAPSHOT (373)
16 Apr 2026 17:43:19,578  INFO StartLogger - Java version: 21.0.10
16 Apr 2026 17:43:19,579  INFO StartLogger - Class path: .:./*:../server.jar
16 Apr 2026 17:43:19,594  INFO StartLogger - JVM arguments: []
16 Apr 2026 17:43:21,352  INFO StartLogger - Logics instance is starting...
16 Apr 2026 17:43:21,395  INFO StartLogger - Initializing BusinessLogics
16 Apr 2026 17:43:21,433  INFO StartLogger - Initializing string literals data
16 Apr 2026 17:43:21,434  INFO StartLogger - Initializing localizer
16 Apr 2026 17:43:21,434  INFO StartLogger - Creating modules
16 Apr 2026 17:43:22,569  INFO StartLogger - Initializing dependencies
16 Apr 2026 17:43:22,823  INFO StartLogger - Initializing modules order
16 Apr 2026 17:43:22,827  INFO StartLogger - Initializing metacodes and classes
16 Apr 2026 17:43:23,709  INFO StartLogger - Initializing object class
16 Apr 2026 17:43:23,720  INFO StartLogger - Initializing tables
16 Apr 2026 17:43:23,811  INFO StartLogger - Initializing class tables
16 Apr 2026 17:43:24,011  INFO StartLogger - Initializing full tables with one key
16 Apr 2026 17:43:24,013  INFO StartLogger - Initializing main logic
16 Apr 2026 17:43:24,038  INFO StartLogger - Initializing main logic for module : #1 of 55 System (actual: 1)
16 Apr 2026 17:43:25,045  INFO StartLogger - Initializing main logic for module : #2 of 55 AppMenu (actual: 32)
16 Apr 2026 17:43:25,046  INFO StartLogger - Initializing main logic for module : #4 of 55 Integration (actual: 46)
16 Apr 2026 17:43:25,046  INFO StartLogger - Initializing main logic for module : #5 of 55 Image (actual: 11)
16 Apr 2026 17:43:25,046  INFO StartLogger - Initializing main logic for module : #9 of 55 Time (actual: 2)
16 Apr 2026 17:43:25,045  INFO StartLogger - Initializing main logic for module : #3 of 55 ProcessUtils (actual: 29)
16 Apr 2026 17:43:25,046  INFO StartLogger - Initializing main logic for module : #6 of 55 Com (actual: 49)
16 Apr 2026 17:43:25,046  INFO StartLogger - Initializing main logic for module : #7 of 55 Printer (actual: 10)
16 Apr 2026 17:43:25,046  INFO StartLogger - Initializing main logic for module : #8 of 55 Sound (actual: 27)
16 Apr 2026 17:43:25,053  INFO StartLogger - Initializing main logic for module : #12 of 55 DefaultData (actual: 12)
16 Apr 2026 17:43:25,050  INFO StartLogger - Initializing main logic for module : #10 of 55 UserEvents (actual: 15)
16 Apr 2026 17:43:25,058  INFO StartLogger - Initializing main logic for module : #13 of 55 Student (actual: 33)
16 Apr 2026 17:43:25,053  INFO StartLogger - Initializing main logic for module : #11 of 55 MasterData (actual: 7)
16 Apr 2026 17:43:25,058  INFO StartLogger - Initializing main logic for module : #14 of 55 Discipline (actual: 34)
16 Apr 2026 17:43:25,087  INFO StartLogger - Initializing main logic for module : #15 of 55 Numerator (actual: 13)
16 Apr 2026 17:43:25,762  INFO StartLogger - Initializing main logic for module : #16 of 55 Question (actual: 35)
16 Apr 2026 17:43:25,833  INFO StartLogger - Initializing main logic for module : #17 of 55 Utils (actual: 3)
16 Apr 2026 17:43:26,178  INFO StartLogger - Initializing main logic for module : #18 of 55 Excel (actual: 18)
16 Apr 2026 17:43:26,179  INFO StartLogger - Initializing main logic for module : #22 of 55 Authentication (actual: 4)
16 Apr 2026 17:43:26,178  INFO StartLogger - Initializing main logic for module : #19 of 55 Hierarchy (actual: 17)
16 Apr 2026 17:43:26,179  INFO StartLogger - Initializing main logic for module : #20 of 55 I18n (actual: 26)
16 Apr 2026 17:43:26,179  INFO StartLogger - Initializing main logic for module : #21 of 55 TestingSession (actual: 36)
16 Apr 2026 17:43:26,179  INFO StartLogger - Initializing main logic for module : #23 of 55 Schedule (actual: 55)
16 Apr 2026 17:43:26,230  INFO StartLogger - Initializing main logic for module : #24 of 55 PerformanceReport (actual: 37)
16 Apr 2026 17:43:26,542  INFO StartLogger - Initializing main logic for module : #25 of 55 ProcessMonitor (actual: 44)
16 Apr 2026 17:43:26,542  INFO StartLogger - Initializing main logic for module : #28 of 55 Historizable (actual: 16)
16 Apr 2026 17:43:26,542  INFO StartLogger - Initializing main logic for module : #27 of 55 Document (actual: 14)
16 Apr 2026 17:43:26,542  INFO StartLogger - Initializing main logic for module : #26 of 55 Reflection (actual: 5)
16 Apr 2026 17:43:26,793  INFO StartLogger - Initializing main logic for module : #29 of 55 SystemEvents (actual: 6)
16 Apr 2026 17:43:26,793  INFO StartLogger - Initializing main logic for module : #30 of 55 Messenger (actual: 24)
16 Apr 2026 17:43:26,820  INFO StartLogger - Initializing main logic for module : #31 of 55 Viber (actual: 31)
16 Apr 2026 17:43:26,820  INFO StartLogger - Initializing main logic for module : #33 of 55 Skype (actual: 53)
16 Apr 2026 17:43:26,820  INFO StartLogger - Initializing main logic for module : #32 of 55 Whatsapp (actual: 25)
16 Apr 2026 17:43:26,820  INFO StartLogger - Initializing main logic for module : #34 of 55 Slack (actual: 39)
16 Apr 2026 17:43:26,821  INFO StartLogger - Initializing main logic for module : #35 of 55 Telegram (actual: 50)
16 Apr 2026 17:43:27,182  INFO StartLogger - Initializing main logic for module : #36 of 55 QZTray (actual: 28)
16 Apr 2026 17:43:27,184  INFO StartLogger - Initializing main logic for module : #37 of 55 RabbitMQ (actual: 52)
16 Apr 2026 17:43:27,186  INFO StartLogger - Initializing main logic for module : #39 of 55 OpenCV (actual: 54)
16 Apr 2026 17:43:27,187  INFO StartLogger - Initializing main logic for module : #40 of 55 Icon (actual: 40)
16 Apr 2026 17:43:27,185  INFO StartLogger - Initializing main logic for module : #38 of 55 Geo (actual: 30)
16 Apr 2026 17:43:27,187  INFO StartLogger - Initializing main logic for module : #42 of 55 JKanban (actual: 38)
16 Apr 2026 17:43:27,188  INFO StartLogger - Initializing main logic for module : #43 of 55 Email (actual: 19)
16 Apr 2026 17:43:27,187  INFO StartLogger - Initializing main logic for module : #41 of 55 Word (actual: 8)
16 Apr 2026 17:43:27,199  INFO StartLogger - Initializing main logic for module : #44 of 55 WebSocket (actual: 51)
16 Apr 2026 17:43:27,200  INFO StartLogger - Initializing main logic for module : #45 of 55 Carousel (actual: 9)
16 Apr 2026 17:43:27,208  INFO StartLogger - Initializing main logic for module : #46 of 55 FrappeGantt (actual: 41)
16 Apr 2026 17:43:27,210  INFO StartLogger - Initializing main logic for module : #47 of 55 Chart (actual: 48)
16 Apr 2026 17:43:27,362  INFO StartLogger - Initializing main logic for module : #48 of 55 Security (actual: 20)
16 Apr 2026 17:43:27,641  INFO StartLogger - Initializing main logic for module : #49 of 55 Service (actual: 21)
16 Apr 2026 17:43:27,973  INFO StartLogger - Initializing main logic for module : #50 of 55 Eval (actual: 23)
16 Apr 2026 17:43:27,973  INFO StartLogger - Initializing main logic for module : #53 of 55 Chat (actual: 47)
16 Apr 2026 17:43:27,973  INFO StartLogger - Initializing main logic for module : #52 of 55 Profiler (actual: 22)
16 Apr 2026 17:43:27,973  INFO StartLogger - Initializing main logic for module : #51 of 55 SQLUtils (actual: 45)
16 Apr 2026 17:43:27,973  INFO StartLogger - Initializing main logic for module : #54 of 55 Scheduler (actual: 42)
16 Apr 2026 17:43:28,072  INFO StartLogger - Initializing main logic for module : #55 of 55 Backup (actual: 43)
16 Apr 2026 17:43:28,105  INFO StartLogger - Finalizing groups
16 Apr 2026 17:43:28,105  INFO StartLogger - Finalizing classes
16 Apr 2026 17:43:28,105  INFO StartLogger - Checking for duplicate elements
16 Apr 2026 17:43:28,166  INFO StartLogger - Initializing class dialog forms
16 Apr 2026 17:43:28,166  INFO StartLogger - Filling implicit cases
16 Apr 2026 17:43:28,168  INFO StartLogger - Initializing abstract properties
16 Apr 2026 17:43:28,168  INFO StartLogger - Finalizing abstract actions
16 Apr 2026 17:43:28,235  INFO StartLogger - Checking abstract
16 Apr 2026 17:43:28,236  INFO StartLogger - Initializing fields for data and materialized properties
16 Apr 2026 17:43:28,235  INFO StartLogger - Initializing class aggr props
16 Apr 2026 17:43:28,235  INFO StartLogger - Looking for recursions in abstract actions
16 Apr 2026 17:43:28,571  INFO StartLogger - Setting up property policy
16 Apr 2026 17:43:28,573  INFO StartLogger - Finalizing navigator elements
16 Apr 2026 17:43:28,575  INFO StartLogger - Setting up drill-down
16 Apr 2026 17:43:28,748  INFO StartLogger - Initializing indices
16 Apr 2026 17:43:28,752  INFO StartLogger - Finalizing tables
16 Apr 2026 17:43:28,772  INFO StartLogger - Setting up action policy
16 Apr 2026 17:43:28,793  INFO StartLogger - Initializing reflection events
16 Apr 2026 17:43:31,047  INFO StartLogger - Setting user logging for properties
16 Apr 2026 17:43:31,088  INFO StartLogger - Setting user materialized for properties
16 Apr 2026 17:43:31,095  INFO StartLogger - Setting user not null constraints for properties
16 Apr 2026 17:43:31,108  INFO StartLogger - Disabling input list
16 Apr 2026 17:43:31,121  INFO StartLogger - Setting user select for properties
16 Apr 2026 17:43:31,145  INFO StartLogger - Setting up loggables
16 Apr 2026 17:43:31,145  INFO StartLogger - Initializing class data indexes
16 Apr 2026 17:43:31,145  INFO StartLogger - Finalizing forms
16 Apr 2026 17:43:31,222  INFO StartLogger - Finalizing properties
16 Apr 2026 17:43:31,275  INFO StartLogger - Synchronizing DB
16 Apr 2026 17:43:31,553  INFO StartLogger - Checking indexes
16 Apr 2026 17:43:31,598  INFO StartLogger - Applying migration script (0.0 -> 0.0)
16 Apr 2026 17:43:31,729  INFO StartLogger - Creating tables
16 Apr 2026 17:43:31,739  INFO StartLogger - Updating stats
16 Apr 2026 17:43:31,786  INFO StartLogger - Adding indexes
16 Apr 2026 17:43:31,787  INFO StartLogger - Packing tables
16 Apr 2026 17:43:31,788  INFO StartLogger - Filling static objects ids
16 Apr 2026 17:43:32,282  INFO StartLogger - Prereading form property events
16 Apr 2026 17:43:32,660  INFO StartLogger - Initializing lazy properties
16 Apr 2026 17:43:32,770  INFO StartLogger - Looking for recursions in abstract properties
16 Apr 2026 17:43:32,772  INFO StartLogger - Reading global events / materialized properties links
16 Apr 2026 17:43:34,145  INFO StartLogger - Building global events / materialized properties list
16 Apr 2026 17:43:34,203  INFO StartLogger - Reading local events links
16 Apr 2026 17:43:34,240  INFO StartLogger - Building local events list
16 Apr 2026 17:43:34,306  INFO StartLogger - Writing static objects changes
16 Apr 2026 17:43:35,411  INFO StartLogger - Migrating reflection properties and actions
16 Apr 2026 17:43:35,477  INFO StartLogger - Recalculating materializations
16 Apr 2026 17:43:35,746  INFO StartLogger - Initializing security manager
16 Apr 2026 17:43:35,747  INFO StartLogger - Starting security manager
16 Apr 2026 17:43:35,899  INFO StartLogger - Starting RMI manager
16 Apr 2026 17:43:35,953  INFO StartLogger - Executing onInit action started
16 Apr 2026 17:43:35,953  INFO StartLogger - Initializing actions' debugger
16 Apr 2026 17:43:35,954  INFO StartLogger - Synchronizing icons
16 Apr 2026 17:43:36,367  INFO StartLogger - Executing onInit action finished, 414ms
16 Apr 2026 17:43:36,370  INFO StartLogger - Executing onStarted action started
16 Apr 2026 17:43:37,943  INFO StartLogger - Prereading auto icons
16 Apr 2026 17:43:50,126  INFO SystemLogger - Setting hostname: null
16 Apr 2026 17:43:50,307  INFO StartLogger - Starting Scheduler
16 Apr 2026 17:43:50,838  INFO SystemLogger - Change current time snapshots to 2026-04-16T17:43:50.838198120, 2026-04-16T17:43:50.838233224Z
16 Apr 2026 17:43:53,771  INFO StartLogger - Executing onStarted action finished, 17401ms
16 Apr 2026 17:43:53,909  INFO StartLogger - Prereading auto icons finished, 0ms
16 Apr 2026 17:43:53,910  INFO StartLogger - Exporting RMI logics object (port: 7652) started
16 Apr 2026 17:43:53,928  INFO StartLogger - Exporting RMI logics object (port: 7652) finished, 18ms
16 Apr 2026 17:43:53,930  INFO SystemLogger - Binding ExternalHTTPServer
16 Apr 2026 17:43:53,979  INFO SystemLogger - Binding WebSocketServer
16 Apr 2026 17:43:53,999  INFO HttpServerLogger - RabbitMQServer: onStarted
16 Apr 2026 17:43:54,015  INFO StartLogger - Reading modules hash
16 Apr 2026 17:43:54,015  INFO StartLogger - Prereading caches for properties
16 Apr 2026 17:43:54,019  INFO StartLogger - Prereading caches for properties finished, 0ms
16 Apr 2026 17:43:54,026  INFO StartLogger - Comparing modulesHash: old 76d0890e, new 29a15fa0
16 Apr 2026 17:43:54,028  INFO StartLogger - Synchronizing actions started
16 Apr 2026 17:43:54,028  INFO StartLogger - Synchronizing group properties started
16 Apr 2026 17:43:54,028  INFO StartLogger - Synchronizing forms started
16 Apr 2026 17:43:54,785  INFO StartLogger - Synchronizing forms finished, 757ms
16 Apr 2026 17:43:54,792  INFO StartLogger - Synchronizing group objects started
16 Apr 2026 17:43:55,744  INFO StartLogger - Synchronizing group properties finished, 1716ms
16 Apr 2026 17:43:56,640  INFO StartLogger - Synchronizing group objects finished, 1848ms
16 Apr 2026 17:43:56,642  INFO StartLogger - Migrating property draws started
16 Apr 2026 17:43:56,649  INFO StartLogger - Migrating property draws finished, 7ms
16 Apr 2026 17:43:56,650  INFO StartLogger - Synchronizing property draws started
16 Apr 2026 17:44:54,558  INFO StartLogger - Synchronizing property draws finished, 57908ms
16 Apr 2026 17:55:06,603  INFO StartLogger - Server is starting...
16 Apr 2026 17:55:07,051  INFO StartLogger - Current version: 6.2-SNAPSHOT (373)
16 Apr 2026 17:55:07,058  INFO StartLogger - Java version: 21.0.10
16 Apr 2026 17:55:07,059  INFO StartLogger - Class path: .:./*:../server.jar
16 Apr 2026 17:55:07,092  INFO StartLogger - JVM arguments: []
16 Apr 2026 17:55:09,480  INFO StartLogger - Logics instance is starting...
16 Apr 2026 17:55:09,534  INFO StartLogger - Initializing BusinessLogics
16 Apr 2026 17:55:09,593  INFO StartLogger - Initializing localizer
16 Apr 2026 17:55:09,593  INFO StartLogger - Initializing string literals data
16 Apr 2026 17:55:09,594  INFO StartLogger - Creating modules
16 Apr 2026 17:55:11,647  INFO StartLogger - Initializing dependencies
16 Apr 2026 17:55:12,124  INFO StartLogger - Initializing modules order
16 Apr 2026 17:55:12,128  INFO StartLogger - Initializing metacodes and classes
16 Apr 2026 17:55:13,379  INFO StartLogger - Error starting server, server will be stopped
16 Apr 2026 17:55:13,381  INFO StartLogger - Server is stopping...
16 Apr 2026 17:55:13,381  INFO StartLogger - Logics instance is stopping...
16 Apr 2026 17:55:13,384  INFO StartLogger - Logics instance has stopped...
16 Apr 2026 17:55:13,387  INFO StartLogger - Server has stopped...
16 Apr 2026 17:56:26,925  INFO StartLogger - Server is starting...
16 Apr 2026 17:56:27,159  INFO StartLogger - Current version: 6.2-SNAPSHOT (373)
16 Apr 2026 17:56:27,162  INFO StartLogger - Java version: 21.0.10
16 Apr 2026 17:56:27,163  INFO StartLogger - Class path: .:./*:../server.jar
16 Apr 2026 17:56:27,180  INFO StartLogger - JVM arguments: []
16 Apr 2026 17:56:29,607  INFO StartLogger - Logics instance is starting...
16 Apr 2026 17:56:29,666  INFO StartLogger - Initializing BusinessLogics
16 Apr 2026 17:56:29,838  INFO StartLogger - Initializing string literals data
16 Apr 2026 17:56:29,838  INFO StartLogger - Initializing localizer
16 Apr 2026 17:56:29,848  INFO StartLogger - Creating modules
16 Apr 2026 17:56:31,376  INFO StartLogger - Initializing dependencies
16 Apr 2026 17:56:31,887  INFO StartLogger - Initializing modules order
16 Apr 2026 17:56:31,891  INFO StartLogger - Initializing metacodes and classes
16 Apr 2026 17:56:32,978  INFO StartLogger - Initializing object class
16 Apr 2026 17:56:32,984  INFO StartLogger - Initializing tables
16 Apr 2026 17:56:33,153  INFO StartLogger - Initializing class tables
16 Apr 2026 17:56:33,404  INFO StartLogger - Initializing full tables with one key
16 Apr 2026 17:56:33,408  INFO StartLogger - Initializing main logic
16 Apr 2026 17:56:33,448  INFO StartLogger - Initializing main logic for module : #1 of 55 System (actual: 1)
16 Apr 2026 17:56:34,891  INFO StartLogger - Initializing main logic for module : #2 of 55 ProcessUtils (actual: 29)
16 Apr 2026 17:56:34,892  INFO StartLogger - Initializing main logic for module : #6 of 55 Sound (actual: 27)
16 Apr 2026 17:56:34,891  INFO StartLogger - Initializing main logic for module : #4 of 55 UserEvents (actual: 15)
16 Apr 2026 17:56:34,892  INFO StartLogger - Initializing main logic for module : #5 of 55 Integration (actual: 46)
16 Apr 2026 17:56:34,892  INFO StartLogger - Initializing main logic for module : #8 of 55 Image (actual: 11)
16 Apr 2026 17:56:34,894  INFO StartLogger - Initializing main logic for module : #9 of 55 Time (actual: 2)
16 Apr 2026 17:56:34,894  INFO StartLogger - Initializing main logic for module : #10 of 55 Printer (actual: 10)
16 Apr 2026 17:56:34,891  INFO StartLogger - Initializing main logic for module : #3 of 55 DefaultData (actual: 12)
16 Apr 2026 17:56:34,906  INFO StartLogger - Initializing main logic for module : #12 of 55 Com (actual: 49)
16 Apr 2026 17:56:34,902  INFO StartLogger - Initializing main logic for module : #11 of 55 MasterData (actual: 7)
16 Apr 2026 17:56:34,892  INFO StartLogger - Initializing main logic for module : #7 of 55 AppMenu (actual: 32)
16 Apr 2026 17:56:34,917  INFO StartLogger - Initializing main logic for module : #13 of 55 Numerator (actual: 13)
16 Apr 2026 17:56:34,922  INFO StartLogger - Initializing main logic for module : #14 of 55 Student (actual: 33)
16 Apr 2026 17:56:34,925  INFO StartLogger - Initializing main logic for module : #15 of 55 Discipline (actual: 34)
16 Apr 2026 17:56:35,918  INFO StartLogger - Initializing main logic for module : #16 of 55 Utils (actual: 3)
16 Apr 2026 17:56:36,220  INFO StartLogger - Initializing main logic for module : #17 of 55 Hierarchy (actual: 17)
16 Apr 2026 17:56:36,220  INFO StartLogger - Initializing main logic for module : #21 of 55 Excel (actual: 18)
16 Apr 2026 17:56:36,220  INFO StartLogger - Initializing main logic for module : #18 of 55 I18n (actual: 26)
16 Apr 2026 17:56:36,220  INFO StartLogger - Initializing main logic for module : #19 of 55 Authentication (actual: 4)
16 Apr 2026 17:56:36,220  INFO StartLogger - Initializing main logic for module : #20 of 55 Schedule (actual: 55)
16 Apr 2026 17:56:36,910  INFO StartLogger - Initializing main logic for module : #22 of 55 Document (actual: 14)
16 Apr 2026 17:56:36,911  INFO StartLogger - Initializing main logic for module : #25 of 55 ProcessMonitor (actual: 44)
16 Apr 2026 17:56:36,911  INFO StartLogger - Initializing main logic for module : #24 of 55 Historizable (actual: 16)
16 Apr 2026 17:56:36,910  INFO StartLogger - Initializing main logic for module : #23 of 55 Reflection (actual: 5)
16 Apr 2026 17:56:37,187  INFO StartLogger - Initializing main logic for module : #26 of 55 Messenger (actual: 24)
16 Apr 2026 17:56:37,187  INFO StartLogger - Initializing main logic for module : #27 of 55 SystemEvents (actual: 6)
16 Apr 2026 17:56:37,217  INFO StartLogger - Initializing main logic for module : #28 of 55 Telegram (actual: 50)
16 Apr 2026 17:56:37,217  INFO StartLogger - Initializing main logic for module : #31 of 55 Skype (actual: 53)
16 Apr 2026 17:56:37,217  INFO StartLogger - Initializing main logic for module : #29 of 55 Slack (actual: 39)
16 Apr 2026 17:56:37,217  INFO StartLogger - Initializing main logic for module : #30 of 55 Whatsapp (actual: 25)
16 Apr 2026 17:56:37,218  INFO StartLogger - Initializing main logic for module : #32 of 55 Viber (actual: 31)
16 Apr 2026 17:56:37,574  INFO StartLogger - Initializing main logic for module : #33 of 55 Word (actual: 8)
16 Apr 2026 17:56:37,575  INFO StartLogger - Initializing main logic for module : #35 of 55 JKanban (actual: 38)
16 Apr 2026 17:56:37,575  INFO StartLogger - Initializing main logic for module : #34 of 55 Icon (actual: 40)
16 Apr 2026 17:56:37,576  INFO StartLogger - Initializing main logic for module : #40 of 55 Email (actual: 19)
16 Apr 2026 17:56:37,581  INFO StartLogger - Initializing main logic for module : #41 of 55 Geo (actual: 30)
16 Apr 2026 17:56:37,576  INFO StartLogger - Initializing main logic for module : #39 of 55 Chart (actual: 48)
16 Apr 2026 17:56:37,576  INFO StartLogger - Initializing main logic for module : #38 of 55 FrappeGantt (actual: 41)
16 Apr 2026 17:56:37,576  INFO StartLogger - Initializing main logic for module : #37 of 55 QZTray (actual: 28)
16 Apr 2026 17:56:37,576  INFO StartLogger - Initializing main logic for module : #36 of 55 OpenCV (actual: 54)
16 Apr 2026 17:56:37,589  INFO StartLogger - Initializing main logic for module : #42 of 55 RabbitMQ (actual: 52)
16 Apr 2026 17:56:37,591  INFO StartLogger - Initializing main logic for module : #43 of 55 WebSocket (actual: 51)
16 Apr 2026 17:56:37,621  INFO StartLogger - Initializing main logic for module : #44 of 55 Carousel (actual: 9)
16 Apr 2026 17:56:37,771  INFO StartLogger - Initializing main logic for module : #45 of 55 Security (actual: 20)
16 Apr 2026 17:56:38,192  INFO StartLogger - Initializing main logic for module : #46 of 55 Service (actual: 21)
16 Apr 2026 17:56:38,640  INFO StartLogger - Initializing main logic for module : #47 of 55 Eval (actual: 23)
16 Apr 2026 17:56:38,640  INFO StartLogger - Initializing main logic for module : #50 of 55 Scheduler (actual: 42)
16 Apr 2026 17:56:38,641  INFO StartLogger - Initializing main logic for module : #51 of 55 SQLUtils (actual: 45)
16 Apr 2026 17:56:38,640  INFO StartLogger - Initializing main logic for module : #49 of 55 Profiler (actual: 22)
16 Apr 2026 17:56:38,640  INFO StartLogger - Initializing main logic for module : #48 of 55 Chat (actual: 47)
16 Apr 2026 17:56:38,854  INFO StartLogger - Initializing main logic for module : #52 of 55 Backup (actual: 43)
16 Apr 2026 17:56:38,951  INFO StartLogger - Error starting server, server will be stopped
16 Apr 2026 17:56:38,952  INFO StartLogger - Server is stopping...
16 Apr 2026 17:56:38,953  INFO StartLogger - Logics instance is stopping...
16 Apr 2026 17:56:38,957  INFO StartLogger - Logics instance has stopped...
16 Apr 2026 17:56:38,962  INFO StartLogger - Server has stopped...
16 Apr 2026 17:57:25,906  INFO StartLogger - Server is starting...
16 Apr 2026 17:57:26,117  INFO StartLogger - Current version: 6.2-SNAPSHOT (373)
16 Apr 2026 17:57:26,120  INFO StartLogger - Java version: 21.0.10
16 Apr 2026 17:57:26,121  INFO StartLogger - Class path: .:./*:../server.jar
16 Apr 2026 17:57:26,138  INFO StartLogger - JVM arguments: []
16 Apr 2026 17:57:28,454  INFO StartLogger - Logics instance is starting...
16 Apr 2026 17:57:28,515  INFO StartLogger - Initializing BusinessLogics
16 Apr 2026 17:57:28,572  INFO StartLogger - Initializing string literals data
16 Apr 2026 17:57:28,573  INFO StartLogger - Creating modules
16 Apr 2026 17:57:28,572  INFO StartLogger - Initializing localizer
16 Apr 2026 17:57:30,026  INFO StartLogger - Initializing dependencies
16 Apr 2026 17:57:30,339  INFO StartLogger - Initializing modules order
16 Apr 2026 17:57:30,350  INFO StartLogger - Initializing metacodes and classes
16 Apr 2026 17:57:31,521  INFO StartLogger - Initializing object class
16 Apr 2026 17:57:31,527  INFO StartLogger - Initializing tables
16 Apr 2026 17:57:31,653  INFO StartLogger - Initializing class tables
16 Apr 2026 17:57:31,887  INFO StartLogger - Initializing full tables with one key
16 Apr 2026 17:57:31,891  INFO StartLogger - Initializing main logic
16 Apr 2026 17:57:31,924  INFO StartLogger - Initializing main logic for module : #1 of 55 System (actual: 1)
16 Apr 2026 17:57:33,310  INFO StartLogger - Initializing main logic for module : #2 of 55 Printer (actual: 10)
16 Apr 2026 17:57:33,311  INFO StartLogger - Initializing main logic for module : #5 of 55 AppMenu (actual: 32)
16 Apr 2026 17:57:33,311  INFO StartLogger - Initializing main logic for module : #4 of 55 UserEvents (actual: 15)
16 Apr 2026 17:57:33,312  INFO StartLogger - Initializing main logic for module : #7 of 55 Integration (actual: 46)
16 Apr 2026 17:57:33,312  INFO StartLogger - Initializing main logic for module : #8 of 55 DefaultData (actual: 12)
16 Apr 2026 17:57:33,313  INFO StartLogger - Initializing main logic for module : #9 of 55 Time (actual: 2)
16 Apr 2026 17:57:33,311  INFO StartLogger - Initializing main logic for module : #3 of 55 Com (actual: 49)
16 Apr 2026 17:57:33,321  INFO StartLogger - Initializing main logic for module : #11 of 55 Discipline (actual: 34)
16 Apr 2026 17:57:33,314  INFO StartLogger - Initializing main logic for module : #10 of 55 MasterData (actual: 7)
16 Apr 2026 17:57:33,312  INFO StartLogger - Initializing main logic for module : #6 of 55 Image (actual: 11)
16 Apr 2026 17:57:33,336  INFO StartLogger - Initializing main logic for module : #13 of 55 Sound (actual: 27)
16 Apr 2026 17:57:33,339  INFO StartLogger - Initializing main logic for module : #14 of 55 Numerator (actual: 13)
16 Apr 2026 17:57:33,334  INFO StartLogger - Initializing main logic for module : #12 of 55 Student (actual: 33)
16 Apr 2026 17:57:33,340  INFO StartLogger - Initializing main logic for module : #15 of 55 ProcessUtils (actual: 29)
16 Apr 2026 17:57:34,343  INFO StartLogger - Initializing main logic for module : #16 of 55 Question (actual: 35)
16 Apr 2026 17:57:34,493  INFO StartLogger - Initializing main logic for module : #17 of 55 Utils (actual: 3)
16 Apr 2026 17:57:34,814  INFO StartLogger - Initializing main logic for module : #18 of 55 Excel (actual: 18)
16 Apr 2026 17:57:34,814  INFO StartLogger - Initializing main logic for module : #19 of 55 Authentication (actual: 4)
16 Apr 2026 17:57:34,817  INFO StartLogger - Initializing main logic for module : #20 of 55 Schedule (actual: 55)
16 Apr 2026 17:57:34,820  INFO StartLogger - Initializing main logic for module : #23 of 55 Hierarchy (actual: 17)
16 Apr 2026 17:57:34,819  INFO StartLogger - Initializing main logic for module : #22 of 55 I18n (actual: 26)
16 Apr 2026 17:57:34,819  INFO StartLogger - Initializing main logic for module : #21 of 55 TestingSession (actual: 36)
16 Apr 2026 17:57:34,876  INFO StartLogger - Initializing main logic for module : #24 of 55 PerformanceReport (actual: 37)
16 Apr 2026 17:57:35,308  INFO StartLogger - Initializing main logic for module : #25 of 55 Historizable (actual: 16)
16 Apr 2026 17:57:35,308  INFO StartLogger - Initializing main logic for module : #28 of 55 Reflection (actual: 5)
16 Apr 2026 17:57:35,308  INFO StartLogger - Initializing main logic for module : #27 of 55 Document (actual: 14)
16 Apr 2026 17:57:35,308  INFO StartLogger - Initializing main logic for module : #26 of 55 ProcessMonitor (actual: 44)
16 Apr 2026 17:57:35,594  INFO StartLogger - Initializing main logic for module : #29 of 55 Messenger (actual: 24)
16 Apr 2026 17:57:35,594  INFO StartLogger - Initializing main logic for module : #30 of 55 SystemEvents (actual: 6)
16 Apr 2026 17:57:35,656  INFO StartLogger - Initializing main logic for module : #31 of 55 Whatsapp (actual: 25)
16 Apr 2026 17:57:35,657  INFO StartLogger - Initializing main logic for module : #35 of 55 Telegram (actual: 50)
16 Apr 2026 17:57:35,657  INFO StartLogger - Initializing main logic for module : #34 of 55 Skype (actual: 53)
16 Apr 2026 17:57:35,657  INFO StartLogger - Initializing main logic for module : #33 of 55 Slack (actual: 39)
16 Apr 2026 17:57:35,656  INFO StartLogger - Initializing main logic for module : #32 of 55 Viber (actual: 31)
16 Apr 2026 17:57:36,021  INFO StartLogger - Initializing main logic for module : #36 of 55 Word (actual: 8)
16 Apr 2026 17:57:36,021  INFO StartLogger - Initializing main logic for module : #38 of 55 Email (actual: 19)
16 Apr 2026 17:57:36,025  INFO StartLogger - Initializing main logic for module : #43 of 55 Geo (actual: 30)
16 Apr 2026 17:57:36,023  INFO StartLogger - Initializing main logic for module : #39 of 55 WebSocket (actual: 51)
16 Apr 2026 17:57:36,021  INFO StartLogger - Initializing main logic for module : #37 of 55 Icon (actual: 40)
16 Apr 2026 17:57:36,025  INFO StartLogger - Initializing main logic for module : #41 of 55 Chart (actual: 48)
16 Apr 2026 17:57:36,025  INFO StartLogger - Initializing main logic for module : #42 of 55 JKanban (actual: 38)
16 Apr 2026 17:57:36,025  INFO StartLogger - Initializing main logic for module : #40 of 55 Carousel (actual: 9)
16 Apr 2026 17:57:36,044  INFO StartLogger - Initializing main logic for module : #44 of 55 RabbitMQ (actual: 52)
16 Apr 2026 17:57:36,046  INFO StartLogger - Initializing main logic for module : #45 of 55 OpenCV (actual: 54)
16 Apr 2026 17:57:36,058  INFO StartLogger - Initializing main logic for module : #46 of 55 QZTray (actual: 28)
16 Apr 2026 17:57:36,065  INFO StartLogger - Initializing main logic for module : #47 of 55 FrappeGantt (actual: 41)
16 Apr 2026 17:57:36,232  INFO StartLogger - Initializing main logic for module : #48 of 55 Security (actual: 20)
16 Apr 2026 17:57:36,512  INFO StartLogger - Initializing main logic for module : #49 of 55 Service (actual: 21)
16 Apr 2026 17:57:36,853  INFO StartLogger - Initializing main logic for module : #50 of 55 Profiler (actual: 22)
16 Apr 2026 17:57:36,853  INFO StartLogger - Initializing main logic for module : #53 of 55 SQLUtils (actual: 45)
16 Apr 2026 17:57:36,854  INFO StartLogger - Initializing main logic for module : #54 of 55 Eval (actual: 23)
16 Apr 2026 17:57:36,853  INFO StartLogger - Initializing main logic for module : #52 of 55 Chat (actual: 47)
16 Apr 2026 17:57:36,853  INFO StartLogger - Initializing main logic for module : #51 of 55 Scheduler (actual: 42)
16 Apr 2026 17:57:37,003  INFO StartLogger - Initializing main logic for module : #55 of 55 Backup (actual: 43)
16 Apr 2026 17:57:37,055  INFO StartLogger - Finalizing groups
16 Apr 2026 17:57:37,055  INFO StartLogger - Checking for duplicate elements
16 Apr 2026 17:57:37,055  INFO StartLogger - Finalizing classes
16 Apr 2026 17:57:37,118  INFO StartLogger - Initializing class dialog forms
16 Apr 2026 17:57:37,118  INFO StartLogger - Filling implicit cases
16 Apr 2026 17:57:37,121  INFO StartLogger - Initializing abstract properties
16 Apr 2026 17:57:37,121  INFO StartLogger - Finalizing abstract actions
16 Apr 2026 17:57:37,231  INFO StartLogger - Looking for recursions in abstract actions
16 Apr 2026 17:57:37,232  INFO StartLogger - Checking abstract
16 Apr 2026 17:57:37,232  INFO StartLogger - Initializing fields for data and materialized properties
16 Apr 2026 17:57:37,232  INFO StartLogger - Initializing class aggr props
16 Apr 2026 17:57:37,303  INFO StartLogger - Setting up property policy
16 Apr 2026 17:57:37,304  INFO StartLogger - Finalizing navigator elements
16 Apr 2026 17:57:37,304  INFO StartLogger - Setting up drill-down
16 Apr 2026 17:57:38,366  INFO StartLogger - Setting up action policy
16 Apr 2026 17:57:38,396  INFO StartLogger - Finalizing tables
16 Apr 2026 17:57:38,397  INFO StartLogger - Initializing indices
16 Apr 2026 17:57:38,794  INFO StartLogger - Initializing reflection events
16 Apr 2026 17:57:42,375  INFO StartLogger - Setting user logging for properties
16 Apr 2026 17:57:42,453  INFO StartLogger - Setting user materialized for properties
16 Apr 2026 17:57:42,469  INFO StartLogger - Setting user not null constraints for properties
16 Apr 2026 17:57:42,490  INFO StartLogger - Disabling input list
16 Apr 2026 17:57:42,512  INFO StartLogger - Setting user select for properties
16 Apr 2026 17:57:42,534  INFO StartLogger - Setting up loggables
16 Apr 2026 17:57:42,534  INFO StartLogger - Initializing class data indexes
16 Apr 2026 17:57:42,534  INFO StartLogger - Finalizing forms
16 Apr 2026 17:57:42,615  INFO StartLogger - Finalizing properties
16 Apr 2026 17:57:42,697  INFO StartLogger - Synchronizing DB
16 Apr 2026 17:57:42,840  INFO StartLogger - Checking indexes
16 Apr 2026 17:57:42,869  INFO StartLogger - Applying migration script (0.0 -> 0.0)
16 Apr 2026 17:57:43,049  INFO StartLogger - Creating tables
16 Apr 2026 17:57:43,065  INFO StartLogger - Updating stats
16 Apr 2026 17:57:43,329  INFO StartLogger - Adding indexes
16 Apr 2026 17:57:43,331  INFO StartLogger - Packing tables
16 Apr 2026 17:57:43,332  INFO StartLogger - Filling static objects ids
16 Apr 2026 17:57:45,973  INFO StartLogger - Server is starting...
16 Apr 2026 17:57:46,220  INFO StartLogger - Current version: 6.2-SNAPSHOT (373)
16 Apr 2026 17:57:46,224  INFO StartLogger - Java version: 21.0.10
16 Apr 2026 17:57:46,225  INFO StartLogger - Class path: .:./*:../server.jar
16 Apr 2026 17:57:46,246  INFO StartLogger - JVM arguments: []
16 Apr 2026 17:57:48,608  INFO StartLogger - Logics instance is starting...
16 Apr 2026 17:57:48,661  INFO StartLogger - Initializing BusinessLogics
16 Apr 2026 17:57:48,706  INFO StartLogger - Initializing string literals data
16 Apr 2026 17:57:48,706  INFO StartLogger - Initializing localizer
16 Apr 2026 17:57:48,707  INFO StartLogger - Creating modules
16 Apr 2026 17:57:49,964  INFO StartLogger - Initializing dependencies
16 Apr 2026 17:57:50,296  INFO StartLogger - Initializing modules order
16 Apr 2026 17:57:50,302  INFO StartLogger - Initializing metacodes and classes
16 Apr 2026 17:57:51,736  INFO StartLogger - Initializing object class
16 Apr 2026 17:57:51,744  INFO StartLogger - Initializing tables
16 Apr 2026 17:57:51,946  INFO StartLogger - Initializing class tables
16 Apr 2026 17:57:52,212  INFO StartLogger - Initializing full tables with one key
16 Apr 2026 17:57:52,217  INFO StartLogger - Initializing main logic
16 Apr 2026 17:57:52,403  INFO StartLogger - Initializing main logic for module : #1 of 55 System (actual: 1)
16 Apr 2026 17:57:54,259  INFO StartLogger - Initializing main logic for module : #2 of 55 Time (actual: 2)
16 Apr 2026 17:57:54,259  INFO StartLogger - Initializing main logic for module : #3 of 55 DefaultData (actual: 12)
16 Apr 2026 17:57:54,259  INFO StartLogger - Initializing main logic for module : #4 of 55 Image (actual: 11)
16 Apr 2026 17:57:54,260  INFO StartLogger - Initializing main logic for module : #5 of 55 Com (actual: 49)
16 Apr 2026 17:57:54,260  INFO StartLogger - Initializing main logic for module : #6 of 55 UserEvents (actual: 15)
16 Apr 2026 17:57:54,261  INFO StartLogger - Initializing main logic for module : #7 of 55 MasterData (actual: 7)
16 Apr 2026 17:57:54,271  INFO StartLogger - Initializing main logic for module : #10 of 55 Integration (actual: 46)
16 Apr 2026 17:57:54,261  INFO StartLogger - Initializing main logic for module : #8 of 55 Printer (actual: 10)
16 Apr 2026 17:57:54,261  INFO StartLogger - Initializing main logic for module : #9 of 55 AppMenu (actual: 32)
16 Apr 2026 17:57:54,276  INFO StartLogger - Initializing main logic for module : #12 of 55 Sound (actual: 27)
16 Apr 2026 17:57:54,272  INFO StartLogger - Initializing main logic for module : #11 of 55 Numerator (actual: 13)
16 Apr 2026 17:57:54,280  INFO StartLogger - Initializing main logic for module : #14 of 55 Discipline (actual: 34)
16 Apr 2026 17:57:54,279  INFO StartLogger - Initializing main logic for module : #13 of 55 ProcessUtils (actual: 29)
16 Apr 2026 17:57:54,283  INFO StartLogger - Initializing main logic for module : #15 of 55 Student (actual: 33)
16 Apr 2026 17:57:55,559  INFO StartLogger - Initializing main logic for module : #16 of 55 Question (actual: 35)
16 Apr 2026 17:57:55,704  INFO StartLogger - Initializing main logic for module : #17 of 55 Utils (actual: 3)
16 Apr 2026 17:57:56,141  INFO StartLogger - Initializing main logic for module : #18 of 55 Authentication (actual: 4)
16 Apr 2026 17:57:56,142  INFO StartLogger - Initializing main logic for module : #21 of 55 Schedule (actual: 55)
16 Apr 2026 17:57:56,141  INFO StartLogger - Initializing main logic for module : #20 of 55 I18n (actual: 26)
16 Apr 2026 17:57:56,146  INFO StartLogger - Initializing main logic for module : #22 of 55 Hierarchy (actual: 17)
16 Apr 2026 17:57:56,141  INFO StartLogger - Initializing main logic for module : #19 of 55 TestingSession (actual: 36)
16 Apr 2026 17:57:56,146  INFO StartLogger - Initializing main logic for module : #23 of 55 Excel (actual: 18)
16 Apr 2026 17:57:56,274  INFO StartLogger - Initializing main logic for module : #24 of 55 PerformanceReport (actual: 37)
16 Apr 2026 17:57:56,890  INFO StartLogger - Initializing main logic for module : #25 of 55 ProcessMonitor (actual: 44)
16 Apr 2026 17:57:56,891  INFO StartLogger - Initializing main logic for module : #28 of 55 Historizable (actual: 16)
16 Apr 2026 17:57:56,890  INFO StartLogger - Initializing main logic for module : #27 of 55 Document (actual: 14)
16 Apr 2026 17:57:56,890  INFO StartLogger - Initializing main logic for module : #26 of 55 Reflection (actual: 5)
16 Apr 2026 17:57:57,312  INFO StartLogger - Initializing main logic for module : #29 of 55 SystemEvents (actual: 6)
16 Apr 2026 17:57:57,312  INFO StartLogger - Initializing main logic for module : #30 of 55 Messenger (actual: 24)
16 Apr 2026 17:57:57,348  INFO StartLogger - Initializing main logic for module : #31 of 55 Skype (actual: 53)
16 Apr 2026 17:57:57,349  INFO StartLogger - Initializing main logic for module : #32 of 55 Whatsapp (actual: 25)
16 Apr 2026 17:57:57,351  INFO StartLogger - Initializing main logic for module : #34 of 55 Slack (actual: 39)
16 Apr 2026 17:57:57,350  INFO StartLogger - Initializing main logic for module : #33 of 55 Viber (actual: 31)
16 Apr 2026 17:57:57,351  INFO StartLogger - Initializing main logic for module : #35 of 55 Telegram (actual: 50)
16 Apr 2026 17:57:57,785  INFO StartLogger - Initializing main logic for module : #36 of 55 OpenCV (actual: 54)
16 Apr 2026 17:57:57,786  INFO StartLogger - Initializing main logic for module : #39 of 55 Chart (actual: 48)
16 Apr 2026 17:57:57,786  INFO StartLogger - Initializing main logic for module : #40 of 55 Word (actual: 8)
16 Apr 2026 17:57:57,786  INFO StartLogger - Initializing main logic for module : #41 of 55 Carousel (actual: 9)
16 Apr 2026 17:57:57,789  INFO StartLogger - Initializing main logic for module : #44 of 55 Geo (actual: 30)
16 Apr 2026 17:57:57,786  INFO StartLogger - Initializing main logic for module : #38 of 55 Email (actual: 19)
16 Apr 2026 17:57:57,787  INFO StartLogger - Initializing main logic for module : #42 of 55 Icon (actual: 40)
16 Apr 2026 17:57:57,787  INFO StartLogger - Initializing main logic for module : #43 of 55 JKanban (actual: 38)
16 Apr 2026 17:57:57,792  INFO StartLogger - Initializing main logic for module : #45 of 55 RabbitMQ (actual: 52)
16 Apr 2026 17:57:57,785  INFO StartLogger - Initializing main logic for module : #37 of 55 WebSocket (actual: 51)
16 Apr 2026 17:57:57,800  INFO StartLogger - Initializing main logic for module : #46 of 55 QZTray (actual: 28)
16 Apr 2026 17:57:57,806  INFO StartLogger - Initializing main logic for module : #47 of 55 FrappeGantt (actual: 41)
16 Apr 2026 17:57:58,029  INFO StartLogger - Initializing main logic for module : #48 of 55 Security (actual: 20)
16 Apr 2026 17:57:58,528  INFO StartLogger - Initializing main logic for module : #49 of 55 Service (actual: 21)
16 Apr 2026 17:57:58,893  INFO StartLogger - Initializing main logic for module : #50 of 55 Scheduler (actual: 42)
16 Apr 2026 17:57:58,894  INFO StartLogger - Initializing main logic for module : #53 of 55 Chat (actual: 47)
16 Apr 2026 17:57:58,894  INFO StartLogger - Initializing main logic for module : #52 of 55 SQLUtils (actual: 45)
16 Apr 2026 17:57:58,893  INFO StartLogger - Initializing main logic for module : #51 of 55 Eval (actual: 23)
16 Apr 2026 17:57:58,894  INFO StartLogger - Initializing main logic for module : #54 of 55 Profiler (actual: 22)
16 Apr 2026 17:57:59,050  INFO StartLogger - Initializing main logic for module : #55 of 55 Backup (actual: 43)
16 Apr 2026 17:57:59,113  INFO StartLogger - Finalizing groups
16 Apr 2026 17:57:59,114  INFO StartLogger - Checking for duplicate elements
16 Apr 2026 17:57:59,114  INFO StartLogger - Finalizing classes
16 Apr 2026 17:57:59,162  INFO StartLogger - Initializing class dialog forms
16 Apr 2026 17:57:59,162  INFO StartLogger - Filling implicit cases
16 Apr 2026 17:57:59,164  INFO StartLogger - Finalizing abstract actions
16 Apr 2026 17:57:59,164  INFO StartLogger - Initializing abstract properties
16 Apr 2026 17:57:59,314  INFO StartLogger - Initializing fields for data and materialized properties
16 Apr 2026 17:57:59,315  INFO StartLogger - Initializing class aggr props
16 Apr 2026 17:57:59,315  INFO StartLogger - Checking abstract
16 Apr 2026 17:57:59,322  INFO StartLogger - Looking for recursions in abstract actions
16 Apr 2026 17:57:59,711  INFO StartLogger - Setting up property policy
16 Apr 2026 17:58:00,000  INFO StartLogger - Finalizing navigator elements
16 Apr 2026 17:58:00,003  INFO StartLogger - Setting up drill-down
16 Apr 2026 17:58:00,016  INFO StartLogger - Initializing indices
16 Apr 2026 17:58:00,017  INFO StartLogger - Finalizing tables
16 Apr 2026 17:58:00,213  INFO StartLogger - Initializing reflection events
16 Apr 2026 17:58:00,247  INFO StartLogger - Setting up action policy
16 Apr 2026 17:58:02,442  INFO StartLogger - Setting user logging for properties
16 Apr 2026 17:58:02,496  INFO StartLogger - Setting user materialized for properties
16 Apr 2026 17:58:02,506  INFO StartLogger - Setting user not null constraints for properties
16 Apr 2026 17:58:02,530  INFO StartLogger - Disabling input list
16 Apr 2026 17:58:02,555  INFO StartLogger - Setting user select for properties
16 Apr 2026 17:58:02,573  INFO StartLogger - Setting up loggables
16 Apr 2026 17:58:02,573  INFO StartLogger - Initializing class data indexes
16 Apr 2026 17:58:02,573  INFO StartLogger - Finalizing forms
16 Apr 2026 17:58:02,675  INFO StartLogger - Finalizing properties
16 Apr 2026 17:58:02,754  INFO StartLogger - Synchronizing DB
16 Apr 2026 17:58:02,853  INFO StartLogger - Checking indexes
16 Apr 2026 17:58:02,873  INFO StartLogger - Applying migration script (0.0 -> 0.0)
16 Apr 2026 17:58:02,982  INFO StartLogger - Creating tables
16 Apr 2026 17:58:02,998  INFO StartLogger - Updating stats
16 Apr 2026 17:58:03,052  INFO StartLogger - Adding indexes
16 Apr 2026 17:58:03,053  INFO StartLogger - Packing tables
16 Apr 2026 17:58:03,054  INFO StartLogger - Filling static objects ids
16 Apr 2026 17:58:03,832  INFO StartLogger - Prereading form property events
16 Apr 2026 17:58:04,388  INFO StartLogger - Initializing lazy properties
16 Apr 2026 17:58:04,486  INFO StartLogger - Looking for recursions in abstract properties
16 Apr 2026 17:58:04,488  INFO StartLogger - Reading global events / materialized properties links
16 Apr 2026 17:58:06,126  INFO StartLogger - Building global events / materialized properties list
16 Apr 2026 17:58:06,225  INFO StartLogger - Reading local events links
16 Apr 2026 17:58:06,273  INFO StartLogger - Building local events list
16 Apr 2026 17:58:06,328  INFO StartLogger - Writing static objects changes
16 Apr 2026 17:58:07,695  INFO StartLogger - Migrating reflection properties and actions
16 Apr 2026 17:58:07,801  INFO StartLogger - Recalculating materializations
16 Apr 2026 17:58:08,056  INFO StartLogger - Initializing security manager
16 Apr 2026 17:58:08,057  INFO StartLogger - Starting security manager
16 Apr 2026 17:58:08,188  INFO StartLogger - Starting RMI manager
16 Apr 2026 17:58:08,257  INFO StartLogger - Synchronizing icons
16 Apr 2026 17:58:08,258  INFO StartLogger - Initializing actions' debugger
16 Apr 2026 17:58:08,258  INFO StartLogger - Executing onInit action started
16 Apr 2026 17:58:08,782  INFO StartLogger - Executing onInit action finished, 524ms
16 Apr 2026 17:58:08,786  INFO StartLogger - Executing onStarted action started
16 Apr 2026 17:58:10,045  INFO StartLogger - Prereading auto icons
16 Apr 2026 17:58:20,717  INFO SystemLogger - Setting hostname: null
16 Apr 2026 17:58:20,834  INFO StartLogger - Starting Scheduler
16 Apr 2026 17:58:21,088  INFO SystemLogger - Change current time snapshots to 2026-04-16T17:58:21.088686954, 2026-04-16T17:58:21.088736308Z
16 Apr 2026 17:58:21,617  INFO StartLogger - Prereading auto icons finished, 0ms
16 Apr 2026 17:58:22,303  INFO StartLogger - Executing onStarted action finished, 13517ms
16 Apr 2026 17:58:22,304  INFO StartLogger - Exporting RMI logics object (port: 7652) started
16 Apr 2026 17:58:22,314  INFO StartLogger - Exporting RMI logics object (port: 7652) finished, 10ms
16 Apr 2026 17:58:22,319  INFO SystemLogger - Binding ExternalHTTPServer
16 Apr 2026 17:58:22,347  INFO SystemLogger - Binding WebSocketServer
16 Apr 2026 17:58:22,368  INFO HttpServerLogger - RabbitMQServer: onStarted
16 Apr 2026 17:58:22,381  INFO StartLogger - Reading modules hash
16 Apr 2026 17:58:22,381  INFO StartLogger - Prereading caches for properties
16 Apr 2026 17:58:22,383  INFO StartLogger - Prereading caches for properties finished, 0ms
16 Apr 2026 17:58:22,385  INFO StartLogger - Comparing modulesHash: old 76d0890e, new e94995ec
16 Apr 2026 17:58:22,387  INFO StartLogger - Synchronizing forms started
16 Apr 2026 17:58:22,388  INFO StartLogger - Synchronizing actions started
16 Apr 2026 17:58:22,387  INFO StartLogger - Synchronizing group properties started
16 Apr 2026 17:58:23,428  INFO StartLogger - Synchronizing group properties finished, 1040ms
16 Apr 2026 17:58:26,867  INFO StartLogger - Synchronizing forms finished, 4480ms
16 Apr 2026 17:58:26,872  INFO StartLogger - Synchronizing group objects started
16 Apr 2026 17:58:31,734  INFO StartLogger - Synchronizing group objects finished, 4862ms
16 Apr 2026 17:58:31,738  INFO StartLogger - Migrating property draws started
16 Apr 2026 17:58:31,763  INFO StartLogger - Migrating property draws finished, 26ms
16 Apr 2026 17:58:31,770  INFO StartLogger - Synchronizing property draws started
16 Apr 2026 18:11:16,364  INFO StartLogger - Server is starting...
16 Apr 2026 18:11:17,525  INFO StartLogger - Current version: 6.2-SNAPSHOT (373)
16 Apr 2026 18:11:17,532  INFO StartLogger - Java version: 21.0.10
16 Apr 2026 18:11:17,535  INFO StartLogger - Class path: .:./*:../server.jar
16 Apr 2026 18:11:17,570  INFO StartLogger - JVM arguments: []
16 Apr 2026 18:11:24,082  INFO StartLogger - Logics instance is starting...
16 Apr 2026 18:11:24,281  INFO StartLogger - Initializing BusinessLogics
16 Apr 2026 18:11:24,717  INFO StartLogger - Creating modules
16 Apr 2026 18:11:24,721  INFO StartLogger - Initializing localizer
16 Apr 2026 18:11:24,733  INFO StartLogger - Initializing string literals data
16 Apr 2026 18:11:27,836  INFO StartLogger - Initializing dependencies
16 Apr 2026 18:11:28,375  INFO StartLogger - Initializing modules order
16 Apr 2026 18:11:28,380  INFO StartLogger - Initializing metacodes and classes
16 Apr 2026 18:11:31,022  INFO StartLogger - Error starting server, server will be stopped
16 Apr 2026 18:11:31,024  INFO StartLogger - Server is stopping...
16 Apr 2026 18:11:31,030  INFO StartLogger - Logics instance is stopping...
16 Apr 2026 18:11:31,037  INFO StartLogger - Logics instance has stopped...
16 Apr 2026 18:11:31,045  INFO StartLogger - Server has stopped...
16 Apr 2026 18:12:05,398  INFO StartLogger - Server is starting...
16 Apr 2026 18:12:05,679  INFO StartLogger - Current version: 6.2-SNAPSHOT (373)
16 Apr 2026 18:12:05,682  INFO StartLogger - Java version: 21.0.10
16 Apr 2026 18:12:05,683  INFO StartLogger - Class path: .:./*:../server.jar
16 Apr 2026 18:12:05,699  INFO StartLogger - JVM arguments: []
16 Apr 2026 18:12:08,267  INFO StartLogger - Logics instance is starting...
16 Apr 2026 18:12:08,367  INFO StartLogger - Initializing BusinessLogics
16 Apr 2026 18:12:08,474  INFO StartLogger - Initializing string literals data
16 Apr 2026 18:12:08,475  INFO StartLogger - Creating modules
16 Apr 2026 18:12:08,477  INFO StartLogger - Initializing localizer
16 Apr 2026 18:12:10,352  INFO StartLogger - Initializing dependencies
16 Apr 2026 18:12:10,836  INFO StartLogger - Initializing modules order
16 Apr 2026 18:12:10,841  INFO StartLogger - Initializing metacodes and classes
16 Apr 2026 18:12:12,826  INFO StartLogger - Initializing object class
16 Apr 2026 18:12:12,857  INFO StartLogger - Initializing tables
16 Apr 2026 18:12:13,176  INFO StartLogger - Initializing class tables
16 Apr 2026 18:12:13,580  INFO StartLogger - Initializing full tables with one key
16 Apr 2026 18:12:13,583  INFO StartLogger - Initializing main logic
16 Apr 2026 18:12:13,632  INFO StartLogger - Initializing main logic for module : #1 of 55 System (actual: 1)
16 Apr 2026 18:12:15,424  INFO StartLogger - Initializing main logic for module : #2 of 55 UserEvents (actual: 15)
16 Apr 2026 18:12:15,425  INFO StartLogger - Initializing main logic for module : #5 of 55 Time (actual: 2)
16 Apr 2026 18:12:15,425  INFO StartLogger - Initializing main logic for module : #4 of 55 AppMenu (actual: 32)
16 Apr 2026 18:12:15,425  INFO StartLogger - Initializing main logic for module : #6 of 55 Com (actual: 49)
16 Apr 2026 18:12:15,426  INFO StartLogger - Initializing main logic for module : #7 of 55 Integration (actual: 46)
16 Apr 2026 18:12:15,436  INFO StartLogger - Initializing main logic for module : #10 of 55 Image (actual: 11)
16 Apr 2026 18:12:15,424  INFO StartLogger - Initializing main logic for module : #3 of 55 DefaultData (actual: 12)
16 Apr 2026 18:12:15,429  INFO StartLogger - Initializing main logic for module : #9 of 55 MasterData (actual: 7)
16 Apr 2026 18:12:15,446  INFO StartLogger - Initializing main logic for module : #11 of 55 Discipline (actual: 34)
16 Apr 2026 18:12:15,428  INFO StartLogger - Initializing main logic for module : #8 of 55 Printer (actual: 10)
16 Apr 2026 18:12:15,455  INFO StartLogger - Initializing main logic for module : #13 of 55 Sound (actual: 27)
16 Apr 2026 18:12:15,453  INFO StartLogger - Initializing main logic for module : #12 of 55 Student (actual: 33)
16 Apr 2026 18:12:15,463  INFO StartLogger - Initializing main logic for module : #14 of 55 ProcessUtils (actual: 29)
16 Apr 2026 18:12:15,487  INFO StartLogger - Initializing main logic for module : #15 of 55 Numerator (actual: 13)
16 Apr 2026 18:12:16,348  INFO StartLogger - Initializing main logic for module : #16 of 55 Question (actual: 35)
16 Apr 2026 18:12:16,499  INFO StartLogger - Initializing main logic for module : #17 of 55 Utils (actual: 3)
16 Apr 2026 18:12:16,829  INFO StartLogger - Initializing main logic for module : #18 of 55 Excel (actual: 18)
16 Apr 2026 18:12:16,829  INFO StartLogger - Initializing main logic for module : #21 of 55 Hierarchy (actual: 17)
16 Apr 2026 18:12:16,833  INFO StartLogger - Initializing main logic for module : #22 of 55 TestingSession (actual: 36)
16 Apr 2026 18:12:16,829  INFO StartLogger - Initializing main logic for module : #20 of 55 Schedule (actual: 55)
16 Apr 2026 18:12:16,833  INFO StartLogger - Initializing main logic for module : #23 of 55 I18n (actual: 26)
16 Apr 2026 18:12:16,829  INFO StartLogger - Initializing main logic for module : #19 of 55 Authentication (actual: 4)
16 Apr 2026 18:12:16,935  INFO StartLogger - Initializing main logic for module : #24 of 55 PerformanceReport (actual: 37)
16 Apr 2026 18:12:17,499  INFO StartLogger - Initializing main logic for module : #25 of 55 Historizable (actual: 16)
16 Apr 2026 18:12:17,500  INFO StartLogger - Initializing main logic for module : #28 of 55 Reflection (actual: 5)
16 Apr 2026 18:12:17,499  INFO StartLogger - Initializing main logic for module : #26 of 55 Document (actual: 14)
16 Apr 2026 18:12:17,500  INFO StartLogger - Initializing main logic for module : #27 of 55 ProcessMonitor (actual: 44)
16 Apr 2026 18:12:18,136  INFO StartLogger - Initializing main logic for module : #29 of 55 SystemEvents (actual: 6)
16 Apr 2026 18:12:18,136  INFO StartLogger - Initializing main logic for module : #30 of 55 Messenger (actual: 24)
16 Apr 2026 18:12:18,180  INFO StartLogger - Initializing main logic for module : #31 of 55 Skype (actual: 53)
16 Apr 2026 18:12:18,182  INFO StartLogger - Initializing main logic for module : #35 of 55 Viber (actual: 31)
16 Apr 2026 18:12:18,181  INFO StartLogger - Initializing main logic for module : #34 of 55 Telegram (actual: 50)
16 Apr 2026 18:12:18,181  INFO StartLogger - Initializing main logic for module : #33 of 55 Whatsapp (actual: 25)
16 Apr 2026 18:12:18,181  INFO StartLogger - Initializing main logic for module : #32 of 55 Slack (actual: 39)
16 Apr 2026 18:12:20,105  INFO StartLogger - Initializing main logic for module : #36 of 55 Word (actual: 8)
16 Apr 2026 18:12:20,105  INFO StartLogger - Initializing main logic for module : #42 of 55 RabbitMQ (actual: 52)
16 Apr 2026 18:12:20,105  INFO StartLogger - Initializing main logic for module : #43 of 55 Geo (actual: 30)
16 Apr 2026 18:12:20,105  INFO StartLogger - Initializing main logic for module : #40 of 55 Icon (actual: 40)
16 Apr 2026 18:12:20,105  INFO StartLogger - Initializing main logic for module : #38 of 55 Email (actual: 19)
16 Apr 2026 18:12:20,105  INFO StartLogger - Initializing main logic for module : #41 of 55 FrappeGantt (actual: 41)
16 Apr 2026 18:12:20,105  INFO StartLogger - Initializing main logic for module : #37 of 55 QZTray (actual: 28)
16 Apr 2026 18:12:20,105  INFO StartLogger - Initializing main logic for module : #39 of 55 JKanban (actual: 38)
16 Apr 2026 18:12:21,134  INFO StartLogger - Initializing main logic for module : #44 of 55 WebSocket (actual: 51)
16 Apr 2026 18:12:21,448  INFO StartLogger - Initializing main logic for module : #46 of 55 Carousel (actual: 9)
16 Apr 2026 18:12:21,392  INFO StartLogger - Initializing main logic for module : #45 of 55 OpenCV (actual: 54)
16 Apr 2026 18:12:21,453  INFO StartLogger - Initializing main logic for module : #47 of 55 Chart (actual: 48)
16 Apr 2026 18:12:21,651  INFO StartLogger - Initializing main logic for module : #48 of 55 Security (actual: 20)
16 Apr 2026 18:12:22,012  INFO StartLogger - Initializing main logic for module : #49 of 55 Service (actual: 21)
16 Apr 2026 18:12:22,388  INFO StartLogger - Initializing main logic for module : #50 of 55 SQLUtils (actual: 45)
16 Apr 2026 18:12:22,388  INFO StartLogger - Initializing main logic for module : #54 of 55 Profiler (actual: 22)
16 Apr 2026 18:12:22,388  INFO StartLogger - Initializing main logic for module : #53 of 55 Chat (actual: 47)
16 Apr 2026 18:12:22,388  INFO StartLogger - Initializing main logic for module : #52 of 55 Eval (actual: 23)
16 Apr 2026 18:12:22,388  INFO StartLogger - Initializing main logic for module : #51 of 55 Scheduler (actual: 42)
16 Apr 2026 18:12:22,519  INFO StartLogger - Initializing main logic for module : #55 of 55 Backup (actual: 43)
16 Apr 2026 18:12:22,577  INFO StartLogger - Finalizing groups
16 Apr 2026 18:12:22,577  INFO StartLogger - Checking for duplicate elements
16 Apr 2026 18:12:22,577  INFO StartLogger - Finalizing classes
16 Apr 2026 18:12:22,642  INFO StartLogger - Filling implicit cases
16 Apr 2026 18:12:22,643  INFO StartLogger - Initializing class dialog forms
16 Apr 2026 18:12:22,644  INFO StartLogger - Initializing abstract properties
16 Apr 2026 18:12:22,644  INFO StartLogger - Finalizing abstract actions
16 Apr 2026 18:12:22,770  INFO StartLogger - Initializing fields for data and materialized properties
16 Apr 2026 18:12:22,775  INFO StartLogger - Initializing class aggr props
16 Apr 2026 18:12:22,776  INFO StartLogger - Checking abstract
16 Apr 2026 18:12:22,776  INFO StartLogger - Looking for recursions in abstract actions
16 Apr 2026 18:12:22,847  INFO StartLogger - Setting up drill-down
16 Apr 2026 18:12:22,847  INFO StartLogger - Setting up property policy
16 Apr 2026 18:12:22,848  INFO StartLogger - Finalizing navigator elements
16 Apr 2026 18:12:23,542  INFO StartLogger - Setting up action policy
16 Apr 2026 18:12:23,580  INFO StartLogger - Initializing indices
16 Apr 2026 18:12:23,580  INFO StartLogger - Finalizing tables
16 Apr 2026 18:12:23,875  INFO StartLogger - Initializing reflection events
16 Apr 2026 18:12:28,063  INFO StartLogger - Setting user logging for properties
16 Apr 2026 18:12:28,112  INFO StartLogger - Setting user materialized for properties
16 Apr 2026 18:12:28,119  INFO StartLogger - Setting user not null constraints for properties
16 Apr 2026 18:12:28,138  INFO StartLogger - Disabling input list
16 Apr 2026 18:12:28,150  INFO StartLogger - Setting user select for properties
16 Apr 2026 18:12:28,172  INFO StartLogger - Setting up loggables
16 Apr 2026 18:12:28,172  INFO StartLogger - Initializing class data indexes
16 Apr 2026 18:12:28,172  INFO StartLogger - Finalizing forms
16 Apr 2026 18:12:28,307  INFO StartLogger - Finalizing properties
16 Apr 2026 18:12:28,428  INFO StartLogger - Synchronizing DB
16 Apr 2026 18:12:28,535  INFO StartLogger - Checking indexes
16 Apr 2026 18:12:28,592  INFO StartLogger - Applying migration script (0.0 -> 0.0)
16 Apr 2026 18:12:29,497  INFO StartLogger - Creating tables
16 Apr 2026 18:12:29,512  INFO StartLogger - Updating stats
16 Apr 2026 18:12:29,716  INFO StartLogger - Adding indexes
16 Apr 2026 18:12:29,717  INFO StartLogger - Packing tables
16 Apr 2026 18:12:29,719  INFO StartLogger - Filling static objects ids
16 Apr 2026 18:12:30,330  INFO StartLogger - Prereading form property events
16 Apr 2026 18:12:31,023  INFO StartLogger - Initializing lazy properties
16 Apr 2026 18:12:31,116  INFO StartLogger - Reading global events / materialized properties links
16 Apr 2026 18:12:31,117  INFO StartLogger - Looking for recursions in abstract properties
16 Apr 2026 18:12:34,750  INFO StartLogger - Building global events / materialized properties list
16 Apr 2026 18:12:34,895  INFO StartLogger - Reading local events links
16 Apr 2026 18:12:34,991  INFO StartLogger - Building local events list
16 Apr 2026 18:12:35,144  INFO StartLogger - Writing static objects changes
16 Apr 2026 18:12:36,736  INFO StartLogger - Migrating reflection properties and actions
16 Apr 2026 18:12:36,843  INFO StartLogger - Recalculating materializations
16 Apr 2026 18:12:37,275  INFO StartLogger - Initializing security manager
16 Apr 2026 18:12:37,277  INFO StartLogger - Starting security manager
16 Apr 2026 18:12:37,435  INFO StartLogger - Starting RMI manager
16 Apr 2026 18:12:37,516  INFO StartLogger - Synchronizing icons
16 Apr 2026 18:12:37,516  INFO StartLogger - Executing onInit action started
16 Apr 2026 18:12:37,518  INFO StartLogger - Initializing actions' debugger
16 Apr 2026 18:12:38,603  INFO StartLogger - Executing onInit action finished, 1087ms
16 Apr 2026 18:12:38,606  INFO StartLogger - Executing onStarted action started
16 Apr 2026 18:12:40,164  INFO StartLogger - Prereading auto icons
16 Apr 2026 18:12:55,706  INFO SystemLogger - Setting hostname: null
16 Apr 2026 18:12:55,823  INFO StartLogger - Starting Scheduler
16 Apr 2026 18:12:56,036  INFO SystemLogger - Change current time snapshots to 2026-04-16T18:12:56.036390515, 2026-04-16T18:12:56.036420793Z
16 Apr 2026 18:12:56,466  INFO StartLogger - Prereading auto icons finished, 0ms
16 Apr 2026 18:12:57,524  INFO StartLogger - Executing onStarted action finished, 18918ms
16 Apr 2026 18:12:57,526  INFO StartLogger - Exporting RMI logics object (port: 7652) started
16 Apr 2026 18:12:57,541  INFO StartLogger - Exporting RMI logics object (port: 7652) finished, 15ms
16 Apr 2026 18:12:57,544  INFO SystemLogger - Binding ExternalHTTPServer
16 Apr 2026 18:12:57,598  INFO SystemLogger - Binding WebSocketServer
16 Apr 2026 18:12:57,626  INFO HttpServerLogger - RabbitMQServer: onStarted
16 Apr 2026 18:12:57,650  INFO StartLogger - Prereading caches for properties
16 Apr 2026 18:12:57,650  INFO StartLogger - Reading modules hash
16 Apr 2026 18:12:57,657  INFO StartLogger - Prereading caches for properties finished, 0ms
16 Apr 2026 18:12:57,661  INFO StartLogger - Comparing modulesHash: old 76d0890e, new 7635cba0
16 Apr 2026 18:12:57,666  INFO StartLogger - Synchronizing forms started
16 Apr 2026 18:12:57,672  INFO StartLogger - Synchronizing actions started
16 Apr 2026 18:12:57,669  INFO StartLogger - Synchronizing group properties started
16 Apr 2026 18:12:58,623  INFO StartLogger - Synchronizing forms finished, 957ms
16 Apr 2026 18:12:58,626  INFO StartLogger - Synchronizing group objects started
16 Apr 2026 18:12:59,725  INFO StartLogger - Synchronizing group properties finished, 2056ms
16 Apr 2026 18:13:08,181  INFO StartLogger - Synchronizing group objects finished, 9555ms
16 Apr 2026 18:13:08,183  INFO StartLogger - Migrating property draws started
16 Apr 2026 18:13:08,190  INFO StartLogger - Migrating property draws finished, 7ms
16 Apr 2026 18:13:08,193  INFO StartLogger - Synchronizing property draws started
16 Apr 2026 18:27:03,963  INFO StartLogger - Synchronizing property draws finished, 835770ms
16 Apr 2026 18:27:44,564  INFO StartLogger - Server is starting...
16 Apr 2026 18:27:45,386  INFO StartLogger - Current version: 6.2-SNAPSHOT (373)
16 Apr 2026 18:27:45,402  INFO StartLogger - Java version: 21.0.10
16 Apr 2026 18:27:45,410  INFO StartLogger - Class path: .:./*:../server.jar
16 Apr 2026 18:27:45,507  INFO StartLogger - JVM arguments: []
16 Apr 2026 18:27:51,443  INFO StartLogger - Logics instance is starting...
16 Apr 2026 18:27:51,621  INFO StartLogger - Initializing BusinessLogics
16 Apr 2026 18:27:51,715  INFO StartLogger - Initializing string literals data
16 Apr 2026 18:27:51,716  INFO StartLogger - Initializing localizer
16 Apr 2026 18:27:51,719  INFO StartLogger - Creating modules
16 Apr 2026 18:27:54,358  INFO StartLogger - Initializing dependencies
16 Apr 2026 18:27:54,728  INFO StartLogger - Initializing modules order
16 Apr 2026 18:27:54,733  INFO StartLogger - Initializing metacodes and classes
16 Apr 2026 18:27:56,586  INFO StartLogger - Initializing object class
16 Apr 2026 18:27:56,595  INFO StartLogger - Initializing tables
16 Apr 2026 18:27:56,815  INFO StartLogger - Initializing class tables
16 Apr 2026 18:27:57,440  INFO StartLogger - Initializing full tables with one key
16 Apr 2026 18:27:57,447  INFO StartLogger - Initializing main logic
16 Apr 2026 18:27:57,588  INFO StartLogger - Initializing main logic for module : #1 of 55 System (actual: 1)
16 Apr 2026 18:28:00,397  INFO StartLogger - Initializing main logic for module : #2 of 55 Time (actual: 2)
16 Apr 2026 18:28:00,402  INFO StartLogger - Initializing main logic for module : #4 of 55 Image (actual: 11)
16 Apr 2026 18:28:00,404  INFO StartLogger - Initializing main logic for module : #6 of 55 Com (actual: 49)
16 Apr 2026 18:28:00,402  INFO StartLogger - Initializing main logic for module : #5 of 55 UserEvents (actual: 15)
16 Apr 2026 18:28:00,397  INFO StartLogger - Initializing main logic for module : #3 of 55 AppMenu (actual: 32)
16 Apr 2026 18:28:00,409  INFO StartLogger - Initializing main logic for module : #9 of 55 DefaultData (actual: 12)
16 Apr 2026 18:28:00,409  INFO StartLogger - Initializing main logic for module : #8 of 55 Printer (actual: 10)
16 Apr 2026 18:28:00,405  INFO StartLogger - Initializing main logic for module : #7 of 55 Integration (actual: 46)
16 Apr 2026 18:28:00,422  INFO StartLogger - Initializing main logic for module : #10 of 55 MasterData (actual: 7)
16 Apr 2026 18:28:00,434  INFO StartLogger - Initializing main logic for module : #11 of 55 Discipline (actual: 34)
16 Apr 2026 18:28:00,455  INFO StartLogger - Initializing main logic for module : #14 of 55 Sound (actual: 27)
16 Apr 2026 18:28:00,445  INFO StartLogger - Initializing main logic for module : #13 of 55 Numerator (actual: 13)
16 Apr 2026 18:28:00,435  INFO StartLogger - Initializing main logic for module : #12 of 55 Student (actual: 33)
16 Apr 2026 18:28:00,626  INFO StartLogger - Initializing main logic for module : #15 of 55 ProcessUtils (actual: 29)
16 Apr 2026 18:28:01,932  INFO StartLogger - Initializing main logic for module : #16 of 55 Question (actual: 35)
16 Apr 2026 18:28:02,106  INFO StartLogger - Initializing main logic for module : #17 of 55 Utils (actual: 3)
16 Apr 2026 18:28:02,435  INFO StartLogger - Initializing main logic for module : #18 of 55 Authentication (actual: 4)
16 Apr 2026 18:28:02,436  INFO StartLogger - Initializing main logic for module : #21 of 55 Hierarchy (actual: 17)
16 Apr 2026 18:28:02,435  INFO StartLogger - Initializing main logic for module : #20 of 55 Schedule (actual: 55)
16 Apr 2026 18:28:02,435  INFO StartLogger - Initializing main logic for module : #19 of 55 I18n (actual: 26)
16 Apr 2026 18:28:02,439  INFO StartLogger - Initializing main logic for module : #23 of 55 Excel (actual: 18)
16 Apr 2026 18:28:02,439  INFO StartLogger - Initializing main logic for module : #22 of 55 TestingSession (actual: 36)
16 Apr 2026 18:28:02,518  INFO StartLogger - Initializing main logic for module : #24 of 55 PerformanceReport (actual: 37)
16 Apr 2026 18:28:02,986  INFO StartLogger - Initializing main logic for module : #25 of 55 ProcessMonitor (actual: 44)
16 Apr 2026 18:28:02,986  INFO StartLogger - Initializing main logic for module : #26 of 55 Document (actual: 14)
16 Apr 2026 18:28:03,002  INFO StartLogger - Initializing main logic for module : #28 of 55 Historizable (actual: 16)
16 Apr 2026 18:28:02,998  INFO StartLogger - Initializing main logic for module : #27 of 55 Reflection (actual: 5)
16 Apr 2026 18:28:03,498  INFO StartLogger - Initializing main logic for module : #29 of 55 SystemEvents (actual: 6)
16 Apr 2026 18:28:03,498  INFO StartLogger - Initializing main logic for module : #30 of 55 Messenger (actual: 24)
16 Apr 2026 18:28:03,540  INFO StartLogger - Initializing main logic for module : #31 of 55 Whatsapp (actual: 25)
16 Apr 2026 18:28:03,541  INFO StartLogger - Initializing main logic for module : #32 of 55 Slack (actual: 39)
16 Apr 2026 18:28:03,542  INFO StartLogger - Initializing main logic for module : #33 of 55 Skype (actual: 53)
16 Apr 2026 18:28:03,545  INFO StartLogger - Initializing main logic for module : #35 of 55 Viber (actual: 31)
16 Apr 2026 18:28:03,544  INFO StartLogger - Initializing main logic for module : #34 of 55 Telegram (actual: 50)
16 Apr 2026 18:28:04,052  INFO StartLogger - Initializing main logic for module : #36 of 55 Word (actual: 8)
16 Apr 2026 18:28:04,058  INFO StartLogger - Initializing main logic for module : #43 of 55 Icon (actual: 40)
16 Apr 2026 18:28:04,057  INFO StartLogger - Initializing main logic for module : #42 of 55 Email (actual: 19)
16 Apr 2026 18:28:04,054  INFO StartLogger - Initializing main logic for module : #40 of 55 Chart (actual: 48)
16 Apr 2026 18:28:04,057  INFO StartLogger - Initializing main logic for module : #41 of 55 JKanban (actual: 38)
16 Apr 2026 18:28:04,083  INFO StartLogger - Initializing main logic for module : #44 of 55 Geo (actual: 30)
16 Apr 2026 18:28:04,085  INFO StartLogger - Initializing main logic for module : #45 of 55 RabbitMQ (actual: 52)
16 Apr 2026 18:28:04,054  INFO StartLogger - Initializing main logic for module : #37 of 55 Carousel (actual: 9)
16 Apr 2026 18:28:04,054  INFO StartLogger - Initializing main logic for module : #38 of 55 WebSocket (actual: 51)
16 Apr 2026 18:28:04,054  INFO StartLogger - Initializing main logic for module : #39 of 55 FrappeGantt (actual: 41)
16 Apr 2026 18:28:04,099  INFO StartLogger - Initializing main logic for module : #46 of 55 OpenCV (actual: 54)
16 Apr 2026 18:28:04,117  INFO StartLogger - Initializing main logic for module : #47 of 55 QZTray (actual: 28)
16 Apr 2026 18:28:04,315  INFO StartLogger - Initializing main logic for module : #48 of 55 Security (actual: 20)
16 Apr 2026 18:28:04,725  INFO StartLogger - Initializing main logic for module : #49 of 55 Service (actual: 21)
16 Apr 2026 18:28:05,191  INFO StartLogger - Initializing main logic for module : #50 of 55 SQLUtils (actual: 45)
16 Apr 2026 18:28:05,193  INFO StartLogger - Initializing main logic for module : #51 of 55 Scheduler (actual: 42)
16 Apr 2026 18:28:05,194  INFO StartLogger - Initializing main logic for module : #54 of 55 Eval (actual: 23)
16 Apr 2026 18:28:05,194  INFO StartLogger - Initializing main logic for module : #52 of 55 Chat (actual: 47)
16 Apr 2026 18:28:05,194  INFO StartLogger - Initializing main logic for module : #53 of 55 Profiler (actual: 22)
16 Apr 2026 18:28:05,546  INFO StartLogger - Initializing main logic for module : #55 of 55 Backup (actual: 43)
16 Apr 2026 18:28:05,715  INFO StartLogger - Finalizing groups
16 Apr 2026 18:28:05,718  INFO StartLogger - Checking for duplicate elements
16 Apr 2026 18:28:05,723  INFO StartLogger - Finalizing classes
16 Apr 2026 18:28:05,806  INFO StartLogger - Initializing class dialog forms
16 Apr 2026 18:28:05,806  INFO StartLogger - Filling implicit cases
16 Apr 2026 18:28:05,812  INFO StartLogger - Initializing abstract properties
16 Apr 2026 18:28:05,812  INFO StartLogger - Finalizing abstract actions
16 Apr 2026 18:28:05,982  INFO StartLogger - Looking for recursions in abstract actions
16 Apr 2026 18:28:05,982  INFO StartLogger - Initializing class aggr props
16 Apr 2026 18:28:05,982  INFO StartLogger - Initializing fields for data and materialized properties
16 Apr 2026 18:28:05,982  INFO StartLogger - Checking abstract
16 Apr 2026 18:28:06,050  INFO StartLogger - Setting up property policy
16 Apr 2026 18:28:06,051  INFO StartLogger - Setting up drill-down
16 Apr 2026 18:28:06,051  INFO StartLogger - Finalizing navigator elements
16 Apr 2026 18:28:07,097  INFO StartLogger - Setting up action policy
16 Apr 2026 18:28:07,407  INFO StartLogger - Initializing indices
16 Apr 2026 18:28:07,493  INFO StartLogger - Finalizing tables
16 Apr 2026 18:28:07,500  INFO StartLogger - Initializing reflection events
16 Apr 2026 18:28:11,584  INFO StartLogger - Setting user logging for properties
16 Apr 2026 18:28:11,669  INFO StartLogger - Setting user materialized for properties
16 Apr 2026 18:28:11,683  INFO StartLogger - Setting user not null constraints for properties
16 Apr 2026 18:28:11,736  INFO StartLogger - Disabling input list
16 Apr 2026 18:28:11,787  INFO StartLogger - Setting user select for properties
16 Apr 2026 18:28:11,823  INFO StartLogger - Setting up loggables
16 Apr 2026 18:28:11,823  INFO StartLogger - Initializing class data indexes
16 Apr 2026 18:28:11,823  INFO StartLogger - Finalizing forms
16 Apr 2026 18:28:11,945  INFO StartLogger - Finalizing properties
16 Apr 2026 18:28:12,033  INFO StartLogger - Synchronizing DB
16 Apr 2026 18:28:12,182  INFO StartLogger - Checking indexes
16 Apr 2026 18:28:12,209  INFO StartLogger - Applying migration script (0.0 -> 0.0)
16 Apr 2026 18:28:12,451  INFO StartLogger - Creating tables
16 Apr 2026 18:28:12,477  INFO StartLogger - Updating stats
16 Apr 2026 18:28:12,805  INFO StartLogger - Adding indexes
16 Apr 2026 18:28:12,807  INFO StartLogger - Packing tables
16 Apr 2026 18:28:12,808  INFO StartLogger - Filling static objects ids
16 Apr 2026 18:28:13,573  INFO StartLogger - Prereading form property events
16 Apr 2026 18:28:14,850  INFO StartLogger - Initializing lazy properties
16 Apr 2026 18:28:15,353  INFO StartLogger - Reading global events / materialized properties links
16 Apr 2026 18:28:15,361  INFO StartLogger - Looking for recursions in abstract properties
16 Apr 2026 18:28:20,637  INFO StartLogger - Building global events / materialized properties list
16 Apr 2026 18:28:20,863  INFO StartLogger - Reading local events links
16 Apr 2026 18:28:21,029  INFO StartLogger - Building local events list
16 Apr 2026 18:28:21,295  INFO StartLogger - Writing static objects changes
16 Apr 2026 18:28:23,964  INFO StartLogger - Migrating reflection properties and actions
16 Apr 2026 18:28:24,080  INFO StartLogger - Recalculating materializations
16 Apr 2026 18:28:24,419  INFO StartLogger - Initializing security manager
16 Apr 2026 18:28:24,420  INFO StartLogger - Starting security manager
16 Apr 2026 18:28:24,605  INFO StartLogger - Starting RMI manager
16 Apr 2026 18:28:24,693  INFO StartLogger - Executing onInit action started
16 Apr 2026 18:28:24,694  INFO StartLogger - Synchronizing icons
16 Apr 2026 18:28:24,693  INFO StartLogger - Initializing actions' debugger
16 Apr 2026 18:28:25,877  INFO StartLogger - Executing onInit action finished, 1184ms
16 Apr 2026 18:28:25,879  INFO StartLogger - Executing onStarted action started
16 Apr 2026 18:28:27,488  INFO StartLogger - Prereading auto icons
16 Apr 2026 18:28:44,173  INFO SystemLogger - Setting hostname: null
16 Apr 2026 18:28:44,300  INFO StartLogger - Starting Scheduler
16 Apr 2026 18:28:44,617  INFO SystemLogger - Change current time snapshots to 2026-04-16T18:28:44.617229276, 2026-04-16T18:28:44.617269679Z
16 Apr 2026 18:28:45,851  INFO StartLogger - Prereading auto icons finished, 0ms
16 Apr 2026 18:28:47,078  INFO StartLogger - Executing onStarted action finished, 21199ms
16 Apr 2026 18:28:47,079  INFO StartLogger - Exporting RMI logics object (port: 7652) started
16 Apr 2026 18:28:47,096  INFO StartLogger - Exporting RMI logics object (port: 7652) finished, 17ms
16 Apr 2026 18:28:47,097  INFO SystemLogger - Binding ExternalHTTPServer
16 Apr 2026 18:28:47,138  INFO SystemLogger - Binding WebSocketServer
16 Apr 2026 18:28:47,165  INFO HttpServerLogger - RabbitMQServer: onStarted
16 Apr 2026 18:28:47,184  INFO StartLogger - Reading modules hash
16 Apr 2026 18:28:47,185  INFO StartLogger - Prereading caches for properties
16 Apr 2026 18:28:47,187  INFO StartLogger - Prereading caches for properties finished, 0ms
16 Apr 2026 18:28:47,192  INFO StartLogger - Comparing modulesHash: old 76d0890e, new 3d2fbacf
16 Apr 2026 18:28:47,195  INFO StartLogger - Synchronizing forms started
16 Apr 2026 18:28:47,195  INFO StartLogger - Synchronizing group properties started
16 Apr 2026 18:28:47,195  INFO StartLogger - Synchronizing actions started
16 Apr 2026 18:28:48,008  INFO StartLogger - Synchronizing forms finished, 813ms
16 Apr 2026 18:28:48,013  INFO StartLogger - Synchronizing group objects started
16 Apr 2026 18:28:49,249  INFO StartLogger - Synchronizing group objects finished, 1236ms
16 Apr 2026 18:28:49,255  INFO StartLogger - Migrating property draws started
16 Apr 2026 18:28:49,272  INFO StartLogger - Migrating property draws finished, 17ms
16 Apr 2026 18:28:49,274  INFO StartLogger - Synchronizing property draws started
16 Apr 2026 18:28:49,298  INFO StartLogger - Synchronizing group properties finished, 2103ms
16 Apr 2026 18:41:12,547  INFO StartLogger - Synchronizing property draws finished, 743273ms
16 Apr 2026 18:50:01,894  INFO StartLogger - Server is starting...
16 Apr 2026 18:50:02,481  INFO StartLogger - Current version: 6.2-SNAPSHOT (373)
16 Apr 2026 18:50:02,497  INFO StartLogger - Java version: 21.0.10
16 Apr 2026 18:50:02,498  INFO StartLogger - Class path: .:./*:../server.jar
16 Apr 2026 18:50:02,552  INFO StartLogger - JVM arguments: []
16 Apr 2026 18:50:06,728  INFO StartLogger - Logics instance is starting...
16 Apr 2026 18:50:06,813  INFO StartLogger - Initializing BusinessLogics
16 Apr 2026 18:50:06,932  INFO StartLogger - Initializing string literals data
16 Apr 2026 18:50:06,935  INFO StartLogger - Creating modules
16 Apr 2026 18:50:06,933  INFO StartLogger - Initializing localizer
16 Apr 2026 18:50:09,066  INFO StartLogger - Initializing dependencies
16 Apr 2026 18:50:09,619  INFO StartLogger - Initializing modules order
16 Apr 2026 18:50:09,624  INFO StartLogger - Initializing metacodes and classes
16 Apr 2026 18:50:13,049  INFO StartLogger - Error starting server, server will be stopped
16 Apr 2026 18:50:13,050  INFO StartLogger - Server is stopping...
16 Apr 2026 18:50:13,052  INFO StartLogger - Logics instance is stopping...
16 Apr 2026 18:50:13,062  INFO StartLogger - Logics instance has stopped...
16 Apr 2026 18:50:13,083  INFO StartLogger - Server has stopped...
16 Apr 2026 18:51:25,593  INFO StartLogger - Server is starting...
16 Apr 2026 18:51:25,817  INFO StartLogger - Current version: 6.2-SNAPSHOT (373)
16 Apr 2026 18:51:25,820  INFO StartLogger - Java version: 21.0.10
16 Apr 2026 18:51:25,820  INFO StartLogger - Class path: .:./*:../server.jar
16 Apr 2026 18:51:25,836  INFO StartLogger - JVM arguments: []
16 Apr 2026 18:51:29,309  INFO StartLogger - Logics instance is starting...
16 Apr 2026 18:51:29,439  INFO StartLogger - Initializing BusinessLogics
16 Apr 2026 18:51:29,558  INFO StartLogger - Initializing string literals data
16 Apr 2026 18:51:29,560  INFO StartLogger - Initializing localizer
16 Apr 2026 18:51:29,562  INFO StartLogger - Creating modules
16 Apr 2026 18:51:31,482  INFO StartLogger - Initializing dependencies
16 Apr 2026 18:51:32,026  INFO StartLogger - Initializing modules order
16 Apr 2026 18:51:32,033  INFO StartLogger - Initializing metacodes and classes
16 Apr 2026 18:51:33,676  INFO StartLogger - Error starting server, server will be stopped
16 Apr 2026 18:51:33,678  INFO StartLogger - Server is stopping...
16 Apr 2026 18:51:33,679  INFO StartLogger - Logics instance is stopping...
16 Apr 2026 18:51:33,684  INFO StartLogger - Logics instance has stopped...
16 Apr 2026 18:51:33,688  INFO StartLogger - Server has stopped...
16 Apr 2026 19:04:19,964  INFO StartLogger - Server is starting...
16 Apr 2026 19:04:20,343  INFO StartLogger - Current version: 6.2-SNAPSHOT (373)
16 Apr 2026 19:04:20,348  INFO StartLogger - Java version: 21.0.10
16 Apr 2026 19:04:20,349  INFO StartLogger - Class path: .:./*:../server.jar
16 Apr 2026 19:04:20,376  INFO StartLogger - JVM arguments: []
16 Apr 2026 19:04:22,616  INFO StartLogger - Logics instance is starting...
16 Apr 2026 19:04:22,664  INFO StartLogger - Initializing BusinessLogics
16 Apr 2026 19:04:22,708  INFO StartLogger - Initializing string literals data
16 Apr 2026 19:04:22,708  INFO StartLogger - Initializing localizer
16 Apr 2026 19:04:22,709  INFO StartLogger - Creating modules
16 Apr 2026 19:04:23,768  INFO StartLogger - Initializing dependencies
16 Apr 2026 19:04:24,069  INFO StartLogger - Initializing modules order
16 Apr 2026 19:04:24,074  INFO StartLogger - Initializing metacodes and classes
16 Apr 2026 19:04:25,314  INFO StartLogger - Initializing object class
16 Apr 2026 19:04:25,322  INFO StartLogger - Initializing tables
16 Apr 2026 19:04:25,463  INFO StartLogger - Initializing class tables
16 Apr 2026 19:04:25,623  INFO StartLogger - Initializing full tables with one key
16 Apr 2026 19:04:25,625  INFO StartLogger - Initializing main logic
16 Apr 2026 19:04:25,642  INFO StartLogger - Initializing main logic for module : #1 of 55 System (actual: 1)
16 Apr 2026 19:04:27,697  INFO StartLogger - Initializing main logic for module : #2 of 55 Integration (actual: 46)
16 Apr 2026 19:04:27,699  INFO StartLogger - Initializing main logic for module : #4 of 55 ProcessUtils (actual: 29)
16 Apr 2026 19:04:27,697  INFO StartLogger - Initializing main logic for module : #3 of 55 AppMenu (actual: 32)
16 Apr 2026 19:04:27,702  INFO StartLogger - Initializing main logic for module : #7 of 55 Sound (actual: 27)
16 Apr 2026 19:04:27,702  INFO StartLogger - Initializing main logic for module : #5 of 55 Printer (actual: 10)
16 Apr 2026 19:04:27,703  INFO StartLogger - Initializing main logic for module : #8 of 55 Time (actual: 2)
16 Apr 2026 19:04:27,703  INFO StartLogger - Initializing main logic for module : #9 of 55 UserEvents (actual: 15)
16 Apr 2026 19:04:27,702  INFO StartLogger - Initializing main logic for module : #6 of 55 DefaultData (actual: 12)
16 Apr 2026 19:04:27,703  INFO StartLogger - Initializing main logic for module : #10 of 55 MasterData (actual: 7)
16 Apr 2026 19:04:27,707  INFO StartLogger - Initializing main logic for module : #11 of 55 Discipline (actual: 34)
16 Apr 2026 19:04:27,711  INFO StartLogger - Initializing main logic for module : #13 of 55 Image (actual: 11)
16 Apr 2026 19:04:27,710  INFO StartLogger - Initializing main logic for module : #12 of 55 Student (actual: 33)
16 Apr 2026 19:04:27,728  INFO StartLogger - Initializing main logic for module : #14 of 55 Com (actual: 49)
16 Apr 2026 19:04:27,731  INFO StartLogger - Initializing main logic for module : #15 of 55 Numerator (actual: 13)
16 Apr 2026 19:04:28,622  INFO StartLogger - Initializing main logic for module : #16 of 55 Question (actual: 35)
16 Apr 2026 19:04:28,724  INFO StartLogger - Initializing main logic for module : #17 of 55 Utils (actual: 3)
16 Apr 2026 19:04:29,013  INFO StartLogger - Initializing main logic for module : #18 of 55 TestingSession (actual: 36)
16 Apr 2026 19:04:29,014  INFO StartLogger - Initializing main logic for module : #21 of 55 Authentication (actual: 4)
16 Apr 2026 19:04:29,014  INFO StartLogger - Initializing main logic for module : #20 of 55 Excel (actual: 18)
16 Apr 2026 19:04:29,013  INFO StartLogger - Initializing main logic for module : #19 of 55 Hierarchy (actual: 17)
16 Apr 2026 19:04:29,014  INFO StartLogger - Initializing main logic for module : #23 of 55 I18n (actual: 26)
16 Apr 2026 19:04:29,014  INFO StartLogger - Initializing main logic for module : #22 of 55 Schedule (actual: 55)
16 Apr 2026 19:04:29,424  INFO StartLogger - Initializing main logic for module : #24 of 55 Historizable (actual: 16)
16 Apr 2026 19:04:29,424  INFO StartLogger - Initializing main logic for module : #27 of 55 ProcessMonitor (actual: 44)
16 Apr 2026 19:04:29,424  INFO StartLogger - Initializing main logic for module : #26 of 55 Document (actual: 14)
16 Apr 2026 19:04:29,424  INFO StartLogger - Initializing main logic for module : #25 of 55 Reflection (actual: 5)
16 Apr 2026 19:04:29,689  INFO StartLogger - Initializing main logic for module : #28 of 55 Messenger (actual: 24)
16 Apr 2026 19:04:29,689  INFO StartLogger - Initializing main logic for module : #29 of 55 SystemEvents (actual: 6)
16 Apr 2026 19:04:29,721  INFO StartLogger - Initializing main logic for module : #30 of 55 Whatsapp (actual: 25)
16 Apr 2026 19:04:29,721  INFO StartLogger - Initializing main logic for module : #31 of 55 Slack (actual: 39)
16 Apr 2026 19:04:29,721  INFO StartLogger - Initializing main logic for module : #32 of 55 Viber (actual: 31)
16 Apr 2026 19:04:29,722  INFO StartLogger - Initializing main logic for module : #34 of 55 Skype (actual: 53)
16 Apr 2026 19:04:29,722  INFO StartLogger - Initializing main logic for module : #33 of 55 Telegram (actual: 50)
16 Apr 2026 19:04:30,075  INFO StartLogger - Initializing main logic for module : #35 of 55 RabbitMQ (actual: 52)
16 Apr 2026 19:04:30,075  INFO StartLogger - Initializing main logic for module : #38 of 55 Icon (actual: 40)
16 Apr 2026 19:04:30,075  INFO StartLogger - Initializing main logic for module : #37 of 55 JKanban (actual: 38)
16 Apr 2026 19:04:30,075  INFO StartLogger - Initializing main logic for module : #36 of 55 WebSocket (actual: 51)
16 Apr 2026 19:04:30,076  INFO StartLogger - Initializing main logic for module : #42 of 55 Email (actual: 19)
16 Apr 2026 19:04:30,075  INFO StartLogger - Initializing main logic for module : #41 of 55 Geo (actual: 30)
16 Apr 2026 19:04:30,075  INFO StartLogger - Initializing main logic for module : #40 of 55 FrappeGantt (actual: 41)
16 Apr 2026 19:04:30,079  INFO StartLogger - Initializing main logic for module : #43 of 55 Word (actual: 8)
16 Apr 2026 19:04:30,075  INFO StartLogger - Initializing main logic for module : #39 of 55 OpenCV (actual: 54)
16 Apr 2026 19:04:30,090  INFO StartLogger - Initializing main logic for module : #44 of 55 QZTray (actual: 28)
16 Apr 2026 19:04:30,100  INFO StartLogger - Initializing main logic for module : #45 of 55 Carousel (actual: 9)
16 Apr 2026 19:04:30,104  INFO StartLogger - Initializing main logic for module : #46 of 55 Chart (actual: 48)
16 Apr 2026 19:04:30,244  INFO StartLogger - Initializing main logic for module : #47 of 55 Security (actual: 20)
16 Apr 2026 19:04:30,518  INFO StartLogger - Initializing main logic for module : #48 of 55 Service (actual: 21)
16 Apr 2026 19:04:30,824  INFO StartLogger - Initializing main logic for module : #49 of 55 Profiler (actual: 22)
16 Apr 2026 19:04:30,824  INFO StartLogger - Initializing main logic for module : #53 of 55 Eval (actual: 23)
16 Apr 2026 19:04:30,824  INFO StartLogger - Initializing main logic for module : #52 of 55 SQLUtils (actual: 45)
16 Apr 2026 19:04:30,824  INFO StartLogger - Initializing main logic for module : #51 of 55 Scheduler (actual: 42)
16 Apr 2026 19:04:30,824  INFO StartLogger - Initializing main logic for module : #50 of 55 Chat (actual: 47)
16 Apr 2026 19:04:30,927  INFO StartLogger - Initializing main logic for module : #54 of 55 Backup (actual: 43)
16 Apr 2026 19:04:31,004  INFO StartLogger - Error starting server, server will be stopped
16 Apr 2026 19:04:31,005  INFO StartLogger - Server is stopping...
16 Apr 2026 19:04:31,006  INFO StartLogger - Logics instance is stopping...
16 Apr 2026 19:04:31,008  INFO StartLogger - Logics instance has stopped...
16 Apr 2026 19:04:31,012  INFO StartLogger - Server has stopped...
16 Apr 2026 19:05:42,202  INFO StartLogger - Server is starting...
16 Apr 2026 19:05:42,333  INFO StartLogger - Current version: 6.2-SNAPSHOT (373)
16 Apr 2026 19:05:42,336  INFO StartLogger - Java version: 21.0.10
16 Apr 2026 19:05:42,337  INFO StartLogger - Class path: .:./*:../server.jar
16 Apr 2026 19:05:42,350  INFO StartLogger - JVM arguments: []
16 Apr 2026 19:05:43,736  INFO StartLogger - Logics instance is starting...
16 Apr 2026 19:05:43,767  INFO StartLogger - Initializing BusinessLogics
16 Apr 2026 19:05:43,806  INFO StartLogger - Initializing string literals data
16 Apr 2026 19:05:43,806  INFO StartLogger - Initializing localizer
16 Apr 2026 19:05:43,807  INFO StartLogger - Creating modules
16 Apr 2026 19:05:44,771  INFO StartLogger - Initializing dependencies
16 Apr 2026 19:05:45,069  INFO StartLogger - Initializing modules order
16 Apr 2026 19:05:45,073  INFO StartLogger - Initializing metacodes and classes
16 Apr 2026 19:05:46,387  INFO StartLogger - Initializing object class
16 Apr 2026 19:05:46,398  INFO StartLogger - Initializing tables
16 Apr 2026 19:05:46,800  INFO StartLogger - Initializing class tables
16 Apr 2026 19:05:47,741  INFO StartLogger - Initializing full tables with one key
16 Apr 2026 19:05:47,751  INFO StartLogger - Initializing main logic
16 Apr 2026 19:05:47,794  INFO StartLogger - Initializing main logic for module : #1 of 55 System (actual: 1)
16 Apr 2026 19:05:48,822  INFO StartLogger - Initializing main logic for module : #2 of 55 Com (actual: 49)
16 Apr 2026 19:05:48,823  INFO StartLogger - Initializing main logic for module : #5 of 55 Sound (actual: 27)
16 Apr 2026 19:05:48,822  INFO StartLogger - Initializing main logic for module : #4 of 55 AppMenu (actual: 32)
16 Apr 2026 19:05:48,822  INFO StartLogger - Initializing main logic for module : #3 of 55 Image (actual: 11)
16 Apr 2026 19:05:48,823  INFO StartLogger - Initializing main logic for module : #9 of 55 UserEvents (actual: 15)
16 Apr 2026 19:05:48,826  INFO StartLogger - Initializing main logic for module : #10 of 55 MasterData (actual: 7)
16 Apr 2026 19:05:48,823  INFO StartLogger - Initializing main logic for module : #8 of 55 Time (actual: 2)
16 Apr 2026 19:05:48,823  INFO StartLogger - Initializing main logic for module : #7 of 55 Printer (actual: 10)
16 Apr 2026 19:05:48,823  INFO StartLogger - Initializing main logic for module : #6 of 55 ProcessUtils (actual: 29)
16 Apr 2026 19:05:48,833  INFO StartLogger - Initializing main logic for module : #13 of 55 Integration (actual: 46)
16 Apr 2026 19:05:48,834  INFO StartLogger - Initializing main logic for module : #14 of 55 Student (actual: 33)
16 Apr 2026 19:05:48,828  INFO StartLogger - Initializing main logic for module : #12 of 55 Discipline (actual: 34)
16 Apr 2026 19:05:48,827  INFO StartLogger - Initializing main logic for module : #11 of 55 DefaultData (actual: 12)
16 Apr 2026 19:05:48,861  INFO StartLogger - Initializing main logic for module : #15 of 55 Numerator (actual: 13)
16 Apr 2026 19:05:49,764  INFO StartLogger - Initializing main logic for module : #16 of 55 Question (actual: 35)
16 Apr 2026 19:05:49,993  INFO StartLogger - Initializing main logic for module : #17 of 55 Utils (actual: 3)
16 Apr 2026 19:05:50,317  INFO StartLogger - Initializing main logic for module : #18 of 55 TestingSession (actual: 36)
16 Apr 2026 19:05:50,318  INFO StartLogger - Initializing main logic for module : #22 of 55 Excel (actual: 18)
16 Apr 2026 19:05:50,318  INFO StartLogger - Initializing main logic for module : #21 of 55 Schedule (actual: 55)
16 Apr 2026 19:05:50,318  INFO StartLogger - Initializing main logic for module : #19 of 55 I18n (actual: 26)
16 Apr 2026 19:05:50,318  INFO StartLogger - Initializing main logic for module : #20 of 55 Authentication (actual: 4)
16 Apr 2026 19:05:50,318  INFO StartLogger - Initializing main logic for module : #23 of 55 Hierarchy (actual: 17)
16 Apr 2026 19:05:50,739  INFO StartLogger - Initializing main logic for module : #24 of 55 ProcessMonitor (actual: 44)
16 Apr 2026 19:05:50,739  INFO StartLogger - Initializing main logic for module : #27 of 55 Document (actual: 14)
16 Apr 2026 19:05:50,739  INFO StartLogger - Initializing main logic for module : #26 of 55 Reflection (actual: 5)
16 Apr 2026 19:05:50,739  INFO StartLogger - Initializing main logic for module : #25 of 55 Historizable (actual: 16)
16 Apr 2026 19:05:51,132  INFO StartLogger - Initializing main logic for module : #28 of 55 SystemEvents (actual: 6)
16 Apr 2026 19:05:51,132  INFO StartLogger - Initializing main logic for module : #29 of 55 Messenger (actual: 24)
16 Apr 2026 19:05:51,155  INFO StartLogger - Initializing main logic for module : #30 of 55 Telegram (actual: 50)
16 Apr 2026 19:05:51,155  INFO StartLogger - Initializing main logic for module : #32 of 55 Whatsapp (actual: 25)
16 Apr 2026 19:05:51,155  INFO StartLogger - Initializing main logic for module : #31 of 55 Skype (actual: 53)
16 Apr 2026 19:05:51,155  INFO StartLogger - Initializing main logic for module : #34 of 55 Viber (actual: 31)
16 Apr 2026 19:05:51,155  INFO StartLogger - Initializing main logic for module : #33 of 55 Slack (actual: 39)
16 Apr 2026 19:05:51,404  INFO StartLogger - Initializing main logic for module : #35 of 55 RabbitMQ (actual: 52)
16 Apr 2026 19:05:51,404  INFO StartLogger - Initializing main logic for module : #36 of 55 WebSocket (actual: 51)
16 Apr 2026 19:05:51,405  INFO StartLogger - Initializing main logic for module : #38 of 55 QZTray (actual: 28)
16 Apr 2026 19:05:51,405  INFO StartLogger - Initializing main logic for module : #37 of 55 Word (actual: 8)
16 Apr 2026 19:05:51,406  INFO StartLogger - Initializing main logic for module : #42 of 55 Email (actual: 19)
16 Apr 2026 19:05:51,406  INFO StartLogger - Initializing main logic for module : #41 of 55 Icon (actual: 40)
16 Apr 2026 19:05:51,405  INFO StartLogger - Initializing main logic for module : #39 of 55 Chart (actual: 48)
16 Apr 2026 19:05:51,406  INFO StartLogger - Initializing main logic for module : #40 of 55 JKanban (actual: 38)
16 Apr 2026 19:05:51,419  INFO StartLogger - Initializing main logic for module : #43 of 55 Geo (actual: 30)
16 Apr 2026 19:05:51,421  INFO StartLogger - Initializing main logic for module : #45 of 55 Carousel (actual: 9)
16 Apr 2026 19:05:51,428  INFO StartLogger - Initializing main logic for module : #46 of 55 FrappeGantt (actual: 41)
16 Apr 2026 19:05:51,420  INFO StartLogger - Initializing main logic for module : #44 of 55 OpenCV (actual: 54)
16 Apr 2026 19:05:51,563  INFO StartLogger - Initializing main logic for module : #47 of 55 Security (actual: 20)
16 Apr 2026 19:05:51,754  INFO StartLogger - Initializing main logic for module : #48 of 55 Service (actual: 21)
16 Apr 2026 19:05:52,061  INFO StartLogger - Initializing main logic for module : #49 of 55 Chat (actual: 47)
16 Apr 2026 19:05:52,061  INFO StartLogger - Initializing main logic for module : #53 of 55 SQLUtils (actual: 45)
16 Apr 2026 19:05:52,061  INFO StartLogger - Initializing main logic for module : #52 of 55 Eval (actual: 23)
16 Apr 2026 19:05:52,061  INFO StartLogger - Initializing main logic for module : #51 of 55 Profiler (actual: 22)
16 Apr 2026 19:05:52,061  INFO StartLogger - Initializing main logic for module : #50 of 55 Scheduler (actual: 42)
16 Apr 2026 19:05:52,151  INFO StartLogger - Initializing main logic for module : #54 of 55 Backup (actual: 43)
16 Apr 2026 19:05:52,197  INFO StartLogger - Error starting server, server will be stopped
16 Apr 2026 19:05:52,197  INFO StartLogger - Server is stopping...
16 Apr 2026 19:05:52,198  INFO StartLogger - Logics instance is stopping...
16 Apr 2026 19:05:52,199  INFO StartLogger - Logics instance has stopped...
16 Apr 2026 19:05:52,202  INFO StartLogger - Server has stopped...
16 Apr 2026 19:07:33,377  INFO StartLogger - Server is starting...
16 Apr 2026 19:07:33,521  INFO StartLogger - Current version: 6.2-SNAPSHOT (373)
16 Apr 2026 19:07:33,523  INFO StartLogger - Java version: 21.0.10
16 Apr 2026 19:07:33,524  INFO StartLogger - Class path: .:./*:../server.jar
16 Apr 2026 19:07:33,535  INFO StartLogger - JVM arguments: []
16 Apr 2026 19:07:35,233  INFO StartLogger - Logics instance is starting...
16 Apr 2026 19:07:35,272  INFO StartLogger - Initializing BusinessLogics
16 Apr 2026 19:07:35,308  INFO StartLogger - Initializing string literals data
16 Apr 2026 19:07:35,308  INFO StartLogger - Initializing localizer
16 Apr 2026 19:07:35,308  INFO StartLogger - Creating modules
16 Apr 2026 19:07:36,478  INFO StartLogger - Initializing dependencies
16 Apr 2026 19:07:36,716  INFO StartLogger - Initializing modules order
16 Apr 2026 19:07:36,723  INFO StartLogger - Initializing metacodes and classes
16 Apr 2026 19:07:37,636  INFO StartLogger - Initializing object class
16 Apr 2026 19:07:37,640  INFO StartLogger - Initializing tables
16 Apr 2026 19:07:37,753  INFO StartLogger - Initializing class tables
16 Apr 2026 19:07:37,933  INFO StartLogger - Initializing full tables with one key
16 Apr 2026 19:07:37,935  INFO StartLogger - Initializing main logic
16 Apr 2026 19:07:37,951  INFO StartLogger - Initializing main logic for module : #1 of 55 System (actual: 1)
16 Apr 2026 19:07:38,729  INFO StartLogger - Initializing main logic for module : #2 of 55 DefaultData (actual: 12)
16 Apr 2026 19:07:38,729  INFO StartLogger - Initializing main logic for module : #4 of 55 MasterData (actual: 7)
16 Apr 2026 19:07:38,729  INFO StartLogger - Initializing main logic for module : #3 of 55 Time (actual: 2)
16 Apr 2026 19:07:38,730  INFO StartLogger - Initializing main logic for module : #6 of 55 Image (actual: 11)
16 Apr 2026 19:07:38,730  INFO StartLogger - Initializing main logic for module : #9 of 55 UserEvents (actual: 15)
16 Apr 2026 19:07:38,735  INFO StartLogger - Initializing main logic for module : #10 of 55 Integration (actual: 46)
16 Apr 2026 19:07:38,730  INFO StartLogger - Initializing main logic for module : #7 of 55 ProcessUtils (actual: 29)
16 Apr 2026 19:07:38,730  INFO StartLogger - Initializing main logic for module : #8 of 55 AppMenu (actual: 32)
16 Apr 2026 19:07:38,744  INFO StartLogger - Initializing main logic for module : #13 of 55 Sound (actual: 27)
16 Apr 2026 19:07:38,729  INFO StartLogger - Initializing main logic for module : #5 of 55 Printer (actual: 10)
16 Apr 2026 19:07:38,742  INFO StartLogger - Initializing main logic for module : #12 of 55 Com (actual: 49)
16 Apr 2026 19:07:38,748  INFO StartLogger - Initializing main logic for module : #15 of 55 Student (actual: 33)
16 Apr 2026 19:07:38,745  INFO StartLogger - Initializing main logic for module : #14 of 55 Discipline (actual: 34)
16 Apr 2026 19:07:38,737  INFO StartLogger - Initializing main logic for module : #11 of 55 Numerator (actual: 13)
16 Apr 2026 19:07:39,272  INFO StartLogger - Initializing main logic for module : #16 of 55 Question (actual: 35)
16 Apr 2026 19:07:39,341  INFO StartLogger - Initializing main logic for module : #17 of 55 Utils (actual: 3)
16 Apr 2026 19:07:39,543  INFO StartLogger - Initializing main logic for module : #18 of 55 TestingSession (actual: 36)
16 Apr 2026 19:07:39,544  INFO StartLogger - Initializing main logic for module : #23 of 55 I18n (actual: 26)
16 Apr 2026 19:07:39,544  INFO StartLogger - Initializing main logic for module : #21 of 55 Excel (actual: 18)
16 Apr 2026 19:07:39,544  INFO StartLogger - Initializing main logic for module : #22 of 55 Schedule (actual: 55)
16 Apr 2026 19:07:39,543  INFO StartLogger - Initializing main logic for module : #19 of 55 Hierarchy (actual: 17)
16 Apr 2026 19:07:39,543  INFO StartLogger - Initializing main logic for module : #20 of 55 Authentication (actual: 4)
16 Apr 2026 19:07:40,039  INFO StartLogger - Initializing main logic for module : #24 of 55 ProcessMonitor (actual: 44)
16 Apr 2026 19:07:40,039  INFO StartLogger - Initializing main logic for module : #27 of 55 Reflection (actual: 5)
16 Apr 2026 19:07:40,039  INFO StartLogger - Initializing main logic for module : #25 of 55 Document (actual: 14)
16 Apr 2026 19:07:40,039  INFO StartLogger - Initializing main logic for module : #26 of 55 Historizable (actual: 16)
16 Apr 2026 19:07:40,276  INFO StartLogger - Initializing main logic for module : #28 of 55 Messenger (actual: 24)
16 Apr 2026 19:07:40,276  INFO StartLogger - Initializing main logic for module : #29 of 55 SystemEvents (actual: 6)
16 Apr 2026 19:07:40,305  INFO StartLogger - Initializing main logic for module : #30 of 55 Skype (actual: 53)
16 Apr 2026 19:07:40,306  INFO StartLogger - Initializing main logic for module : #31 of 55 Viber (actual: 31)
16 Apr 2026 19:07:40,308  INFO StartLogger - Initializing main logic for module : #34 of 55 Telegram (actual: 50)
16 Apr 2026 19:07:40,306  INFO StartLogger - Initializing main logic for module : #33 of 55 Whatsapp (actual: 25)
16 Apr 2026 19:07:40,306  INFO StartLogger - Initializing main logic for module : #32 of 55 Slack (actual: 39)
16 Apr 2026 19:07:40,604  INFO StartLogger - Initializing main logic for module : #35 of 55 Carousel (actual: 9)
16 Apr 2026 19:07:40,605  INFO StartLogger - Initializing main logic for module : #39 of 55 Icon (actual: 40)
16 Apr 2026 19:07:40,604  INFO StartLogger - Initializing main logic for module : #37 of 55 JKanban (actual: 38)
16 Apr 2026 19:07:40,605  INFO StartLogger - Initializing main logic for module : #38 of 55 FrappeGantt (actual: 41)
16 Apr 2026 19:07:40,607  INFO StartLogger - Initializing main logic for module : #43 of 55 RabbitMQ (actual: 52)
16 Apr 2026 19:07:40,605  INFO StartLogger - Initializing main logic for module : #42 of 55 Word (actual: 8)
16 Apr 2026 19:07:40,605  INFO StartLogger - Initializing main logic for module : #41 of 55 Chart (actual: 48)
16 Apr 2026 19:07:40,604  INFO StartLogger - Initializing main logic for module : #36 of 55 Geo (actual: 30)
16 Apr 2026 19:07:40,613  INFO StartLogger - Initializing main logic for module : #45 of 55 OpenCV (actual: 54)
16 Apr 2026 19:07:40,605  INFO StartLogger - Initializing main logic for module : #40 of 55 Email (actual: 19)
16 Apr 2026 19:07:40,615  INFO StartLogger - Initializing main logic for module : #46 of 55 QZTray (actual: 28)
16 Apr 2026 19:07:40,611  INFO StartLogger - Initializing main logic for module : #44 of 55 WebSocket (actual: 51)
16 Apr 2026 19:07:40,776  INFO StartLogger - Initializing main logic for module : #47 of 55 Security (actual: 20)
16 Apr 2026 19:07:41,016  INFO StartLogger - Initializing main logic for module : #48 of 55 Service (actual: 21)
16 Apr 2026 19:07:41,310  INFO StartLogger - Initializing main logic for module : #49 of 55 Profiler (actual: 22)
16 Apr 2026 19:07:41,310  INFO StartLogger - Initializing main logic for module : #53 of 55 SQLUtils (actual: 45)
16 Apr 2026 19:07:41,310  INFO StartLogger - Initializing main logic for module : #51 of 55 Chat (actual: 47)
16 Apr 2026 19:07:41,310  INFO StartLogger - Initializing main logic for module : #52 of 55 Eval (actual: 23)
16 Apr 2026 19:07:41,310  INFO StartLogger - Initializing main logic for module : #50 of 55 Scheduler (actual: 42)
16 Apr 2026 19:07:41,422  INFO StartLogger - Initializing main logic for module : #54 of 55 Backup (actual: 43)
16 Apr 2026 19:07:41,472  INFO StartLogger - Error starting server, server will be stopped
16 Apr 2026 19:07:41,473  INFO StartLogger - Server is stopping...
16 Apr 2026 19:07:41,473  INFO StartLogger - Logics instance is stopping...
16 Apr 2026 19:07:41,475  INFO StartLogger - Logics instance has stopped...
16 Apr 2026 19:07:41,477  INFO StartLogger - Server has stopped...
16 Apr 2026 19:08:16,900  INFO StartLogger - Server is starting...
16 Apr 2026 19:08:17,020  INFO StartLogger - Current version: 6.2-SNAPSHOT (373)
16 Apr 2026 19:08:17,022  INFO StartLogger - Java version: 21.0.10
16 Apr 2026 19:08:17,023  INFO StartLogger - Class path: .:./*:../server.jar
16 Apr 2026 19:08:17,053  INFO StartLogger - JVM arguments: []
16 Apr 2026 19:08:18,767  INFO StartLogger - Logics instance is starting...
16 Apr 2026 19:08:18,810  INFO StartLogger - Initializing BusinessLogics
16 Apr 2026 19:08:18,848  INFO StartLogger - Initializing string literals data
16 Apr 2026 19:08:18,849  INFO StartLogger - Initializing localizer
16 Apr 2026 19:08:18,849  INFO StartLogger - Creating modules
16 Apr 2026 19:08:19,928  INFO StartLogger - Initializing dependencies
16 Apr 2026 19:08:20,200  INFO StartLogger - Initializing modules order
16 Apr 2026 19:08:20,203  INFO StartLogger - Initializing metacodes and classes
16 Apr 2026 19:08:20,977  INFO StartLogger - Initializing object class
16 Apr 2026 19:08:20,982  INFO StartLogger - Initializing tables
16 Apr 2026 19:08:21,082  INFO StartLogger - Initializing class tables
16 Apr 2026 19:08:21,217  INFO StartLogger - Initializing full tables with one key
16 Apr 2026 19:08:21,219  INFO StartLogger - Initializing main logic
16 Apr 2026 19:08:21,235  INFO StartLogger - Initializing main logic for module : #1 of 55 System (actual: 1)
16 Apr 2026 19:08:22,019  INFO StartLogger - Initializing main logic for module : #2 of 55 ProcessUtils (actual: 29)
16 Apr 2026 19:08:22,020  INFO StartLogger - Initializing main logic for module : #8 of 55 AppMenu (actual: 32)
16 Apr 2026 19:08:22,019  INFO StartLogger - Initializing main logic for module : #3 of 55 MasterData (actual: 7)
16 Apr 2026 19:08:22,019  INFO StartLogger - Initializing main logic for module : #7 of 55 Com (actual: 49)
16 Apr 2026 19:08:22,019  INFO StartLogger - Initializing main logic for module : #6 of 55 UserEvents (actual: 15)
16 Apr 2026 19:08:22,019  INFO StartLogger - Initializing main logic for module : #5 of 55 Image (actual: 11)
16 Apr 2026 19:08:22,022  INFO StartLogger - Initializing main logic for module : #10 of 55 Printer (actual: 10)
16 Apr 2026 19:08:22,022  INFO StartLogger - Initializing main logic for module : #11 of 55 Discipline (actual: 34)
16 Apr 2026 19:08:22,020  INFO StartLogger - Initializing main logic for module : #9 of 55 Time (actual: 2)
16 Apr 2026 19:08:22,019  INFO StartLogger - Initializing main logic for module : #4 of 55 DefaultData (actual: 12)
16 Apr 2026 19:08:22,027  INFO StartLogger - Initializing main logic for module : #13 of 55 Student (actual: 33)
16 Apr 2026 19:08:22,026  INFO StartLogger - Initializing main logic for module : #12 of 55 Integration (actual: 46)
16 Apr 2026 19:08:22,039  INFO StartLogger - Initializing main logic for module : #14 of 55 Sound (actual: 27)
16 Apr 2026 19:08:22,042  INFO StartLogger - Initializing main logic for module : #15 of 55 Numerator (actual: 13)
16 Apr 2026 19:08:22,658  INFO StartLogger - Initializing main logic for module : #16 of 55 Question (actual: 35)
16 Apr 2026 19:08:22,740  INFO StartLogger - Initializing main logic for module : #17 of 55 Utils (actual: 3)
16 Apr 2026 19:08:22,936  INFO StartLogger - Initializing main logic for module : #18 of 55 Hierarchy (actual: 17)
16 Apr 2026 19:08:22,936  INFO StartLogger - Initializing main logic for module : #20 of 55 TestingSession (actual: 36)
16 Apr 2026 19:08:22,937  INFO StartLogger - Initializing main logic for module : #22 of 55 Excel (actual: 18)
16 Apr 2026 19:08:22,937  INFO StartLogger - Initializing main logic for module : #23 of 55 Authentication (actual: 4)
16 Apr 2026 19:08:22,936  INFO StartLogger - Initializing main logic for module : #19 of 55 I18n (actual: 26)
16 Apr 2026 19:08:22,937  INFO StartLogger - Initializing main logic for module : #21 of 55 Schedule (actual: 55)
16 Apr 2026 19:08:23,454  INFO StartLogger - Initializing main logic for module : #24 of 55 Historizable (actual: 16)
16 Apr 2026 19:08:23,455  INFO StartLogger - Initializing main logic for module : #27 of 55 Reflection (actual: 5)
16 Apr 2026 19:08:23,455  INFO StartLogger - Initializing main logic for module : #26 of 55 Document (actual: 14)
16 Apr 2026 19:08:23,454  INFO StartLogger - Initializing main logic for module : #25 of 55 ProcessMonitor (actual: 44)
16 Apr 2026 19:08:23,763  INFO StartLogger - Initializing main logic for module : #28 of 55 SystemEvents (actual: 6)
16 Apr 2026 19:08:23,763  INFO StartLogger - Initializing main logic for module : #29 of 55 Messenger (actual: 24)
16 Apr 2026 19:08:23,797  INFO StartLogger - Initializing main logic for module : #30 of 55 Viber (actual: 31)
16 Apr 2026 19:08:23,798  INFO StartLogger - Initializing main logic for module : #34 of 55 Telegram (actual: 50)
16 Apr 2026 19:08:23,797  INFO StartLogger - Initializing main logic for module : #33 of 55 Whatsapp (actual: 25)
16 Apr 2026 19:08:23,797  INFO StartLogger - Initializing main logic for module : #32 of 55 Skype (actual: 53)
16 Apr 2026 19:08:23,797  INFO StartLogger - Initializing main logic for module : #31 of 55 Slack (actual: 39)
16 Apr 2026 19:08:24,146  INFO StartLogger - Initializing main logic for module : #35 of 55 RabbitMQ (actual: 52)
16 Apr 2026 19:08:24,146  INFO StartLogger - Initializing main logic for module : #36 of 55 QZTray (actual: 28)
16 Apr 2026 19:08:24,147  INFO StartLogger - Initializing main logic for module : #38 of 55 Chart (actual: 48)
16 Apr 2026 19:08:24,148  INFO StartLogger - Initializing main logic for module : #42 of 55 Icon (actual: 40)
16 Apr 2026 19:08:24,148  INFO StartLogger - Initializing main logic for module : #41 of 55 OpenCV (actual: 54)
16 Apr 2026 19:08:24,147  INFO StartLogger - Initializing main logic for module : #40 of 55 JKanban (actual: 38)
16 Apr 2026 19:08:24,147  INFO StartLogger - Initializing main logic for module : #37 of 55 Email (actual: 19)
16 Apr 2026 19:08:24,158  INFO StartLogger - Initializing main logic for module : #44 of 55 Word (actual: 8)
16 Apr 2026 19:08:24,154  INFO StartLogger - Initializing main logic for module : #43 of 55 Geo (actual: 30)
16 Apr 2026 19:08:24,147  INFO StartLogger - Initializing main logic for module : #39 of 55 WebSocket (actual: 51)
16 Apr 2026 19:08:24,176  INFO StartLogger - Initializing main logic for module : #46 of 55 FrappeGantt (actual: 41)
16 Apr 2026 19:08:24,168  INFO StartLogger - Initializing main logic for module : #45 of 55 Carousel (actual: 9)
16 Apr 2026 19:08:24,365  INFO StartLogger - Initializing main logic for module : #47 of 55 Security (actual: 20)
16 Apr 2026 19:08:24,822  INFO StartLogger - Initializing main logic for module : #48 of 55 Service (actual: 21)
16 Apr 2026 19:08:25,315  INFO StartLogger - Initializing main logic for module : #49 of 55 Eval (actual: 23)
16 Apr 2026 19:08:25,315  INFO StartLogger - Initializing main logic for module : #53 of 55 Scheduler (actual: 42)
16 Apr 2026 19:08:25,315  INFO StartLogger - Initializing main logic for module : #52 of 55 Profiler (actual: 22)
16 Apr 2026 19:08:25,315  INFO StartLogger - Initializing main logic for module : #51 of 55 SQLUtils (actual: 45)
16 Apr 2026 19:08:25,315  INFO StartLogger - Initializing main logic for module : #50 of 55 Chat (actual: 47)
16 Apr 2026 19:08:25,424  INFO StartLogger - Initializing main logic for module : #54 of 55 Backup (actual: 43)
16 Apr 2026 19:08:25,500  INFO StartLogger - Error starting server, server will be stopped
16 Apr 2026 19:08:25,501  INFO StartLogger - Server is stopping...
16 Apr 2026 19:08:25,502  INFO StartLogger - Logics instance is stopping...
16 Apr 2026 19:08:25,503  INFO StartLogger - Logics instance has stopped...
16 Apr 2026 19:08:25,505  INFO StartLogger - Server has stopped...
16 Apr 2026 19:09:32,699  INFO StartLogger - Server is starting...
16 Apr 2026 19:09:32,823  INFO StartLogger - Current version: 6.2-SNAPSHOT (373)
16 Apr 2026 19:09:32,826  INFO StartLogger - Java version: 21.0.10
16 Apr 2026 19:09:32,827  INFO StartLogger - Class path: .:./*:../server.jar
16 Apr 2026 19:09:32,838  INFO StartLogger - JVM arguments: []
16 Apr 2026 19:09:34,299  INFO StartLogger - Logics instance is starting...
16 Apr 2026 19:09:34,332  INFO StartLogger - Initializing BusinessLogics
16 Apr 2026 19:09:34,365  INFO StartLogger - Initializing string literals data
16 Apr 2026 19:09:34,365  INFO StartLogger - Creating modules
16 Apr 2026 19:09:34,365  INFO StartLogger - Initializing localizer
16 Apr 2026 19:09:35,326  INFO StartLogger - Initializing dependencies
16 Apr 2026 19:09:35,560  INFO StartLogger - Initializing modules order
16 Apr 2026 19:09:35,564  INFO StartLogger - Initializing metacodes and classes
16 Apr 2026 19:09:37,454  INFO StartLogger - Initializing object class
16 Apr 2026 19:09:37,460  INFO StartLogger - Initializing tables
16 Apr 2026 19:09:37,534  INFO StartLogger - Initializing class tables
16 Apr 2026 19:09:37,664  INFO StartLogger - Initializing full tables with one key
16 Apr 2026 19:09:37,667  INFO StartLogger - Initializing main logic
16 Apr 2026 19:09:37,686  INFO StartLogger - Initializing main logic for module : #1 of 55 System (actual: 1)
16 Apr 2026 19:09:38,429  INFO StartLogger - Initializing main logic for module : #2 of 55 MasterData (actual: 7)
16 Apr 2026 19:09:38,429  INFO StartLogger - Initializing main logic for module : #5 of 55 DefaultData (actual: 12)
16 Apr 2026 19:09:38,429  INFO StartLogger - Initializing main logic for module : #3 of 55 Printer (actual: 10)
16 Apr 2026 19:09:38,429  INFO StartLogger - Initializing main logic for module : #4 of 55 Time (actual: 2)
16 Apr 2026 19:09:38,429  INFO StartLogger - Initializing main logic for module : #7 of 55 Image (actual: 11)
16 Apr 2026 19:09:38,430  INFO StartLogger - Initializing main logic for module : #8 of 55 AppMenu (actual: 32)
16 Apr 2026 19:09:38,430  INFO StartLogger - Initializing main logic for module : #9 of 55 UserEvents (actual: 15)
16 Apr 2026 19:09:38,441  INFO StartLogger - Initializing main logic for module : #12 of 55 Discipline (actual: 34)
16 Apr 2026 19:09:38,439  INFO StartLogger - Initializing main logic for module : #11 of 55 Numerator (actual: 13)
16 Apr 2026 19:09:38,432  INFO StartLogger - Initializing main logic for module : #10 of 55 Com (actual: 49)
16 Apr 2026 19:09:38,429  INFO StartLogger - Initializing main logic for module : #6 of 55 Integration (actual: 46)
16 Apr 2026 19:09:38,465  INFO StartLogger - Initializing main logic for module : #13 of 55 Student (actual: 33)
16 Apr 2026 19:09:38,474  INFO StartLogger - Initializing main logic for module : #14 of 55 Sound (actual: 27)
16 Apr 2026 19:09:38,475  INFO StartLogger - Initializing main logic for module : #15 of 55 ProcessUtils (actual: 29)
16 Apr 2026 19:09:39,084  INFO StartLogger - Initializing main logic for module : #16 of 55 Question (actual: 35)
16 Apr 2026 19:09:39,158  INFO StartLogger - Initializing main logic for module : #17 of 55 Utils (actual: 3)
16 Apr 2026 19:09:39,348  INFO StartLogger - Initializing main logic for module : #18 of 55 Schedule (actual: 55)
16 Apr 2026 19:09:39,348  INFO StartLogger - Initializing main logic for module : #22 of 55 Hierarchy (actual: 17)
16 Apr 2026 19:09:39,348  INFO StartLogger - Initializing main logic for module : #21 of 55 Authentication (actual: 4)
16 Apr 2026 19:09:39,348  INFO StartLogger - Initializing main logic for module : #20 of 55 TestingSession (actual: 36)
16 Apr 2026 19:09:39,349  INFO StartLogger - Initializing main logic for module : #23 of 55 I18n (actual: 26)
16 Apr 2026 19:09:39,348  INFO StartLogger - Initializing main logic for module : #19 of 55 Excel (actual: 18)
16 Apr 2026 19:09:39,711  INFO StartLogger - Initializing main logic for module : #24 of 55 Historizable (actual: 16)
16 Apr 2026 19:09:39,711  INFO StartLogger - Initializing main logic for module : #27 of 55 Reflection (actual: 5)
16 Apr 2026 19:09:39,711  INFO StartLogger - Initializing main logic for module : #26 of 55 Document (actual: 14)
16 Apr 2026 19:09:39,711  INFO StartLogger - Initializing main logic for module : #25 of 55 ProcessMonitor (actual: 44)
16 Apr 2026 19:09:39,897  INFO StartLogger - Initializing main logic for module : #28 of 55 Messenger (actual: 24)
16 Apr 2026 19:09:39,897  INFO StartLogger - Initializing main logic for module : #29 of 55 SystemEvents (actual: 6)
16 Apr 2026 19:09:39,916  INFO StartLogger - Initializing main logic for module : #30 of 55 Telegram (actual: 50)
16 Apr 2026 19:09:39,916  INFO StartLogger - Initializing main logic for module : #31 of 55 Skype (actual: 53)
16 Apr 2026 19:09:39,917  INFO StartLogger - Initializing main logic for module : #34 of 55 Whatsapp (actual: 25)
16 Apr 2026 19:09:39,917  INFO StartLogger - Initializing main logic for module : #33 of 55 Viber (actual: 31)
16 Apr 2026 19:09:39,917  INFO StartLogger - Initializing main logic for module : #32 of 55 Slack (actual: 39)
16 Apr 2026 19:09:40,133  INFO StartLogger - Initializing main logic for module : #35 of 55 WebSocket (actual: 51)
16 Apr 2026 19:09:40,134  INFO StartLogger - Initializing main logic for module : #39 of 55 Icon (actual: 40)
16 Apr 2026 19:09:40,134  INFO StartLogger - Initializing main logic for module : #38 of 55 Word (actual: 8)
16 Apr 2026 19:09:40,133  INFO StartLogger - Initializing main logic for module : #37 of 55 QZTray (actual: 28)
16 Apr 2026 19:09:40,133  INFO StartLogger - Initializing main logic for module : #36 of 55 Geo (actual: 30)
16 Apr 2026 19:09:40,134  INFO StartLogger - Initializing main logic for module : #41 of 55 JKanban (actual: 38)
16 Apr 2026 19:09:40,134  INFO StartLogger - Initializing main logic for module : #42 of 55 RabbitMQ (actual: 52)
16 Apr 2026 19:09:40,142  INFO StartLogger - Initializing main logic for module : #43 of 55 OpenCV (actual: 54)
16 Apr 2026 19:09:40,134  INFO StartLogger - Initializing main logic for module : #40 of 55 Email (actual: 19)
16 Apr 2026 19:09:40,147  INFO StartLogger - Initializing main logic for module : #44 of 55 Carousel (actual: 9)
16 Apr 2026 19:09:40,148  INFO StartLogger - Initializing main logic for module : #45 of 55 FrappeGantt (actual: 41)
16 Apr 2026 19:09:40,155  INFO StartLogger - Initializing main logic for module : #46 of 55 Chart (actual: 48)
16 Apr 2026 19:09:40,258  INFO StartLogger - Initializing main logic for module : #47 of 55 Security (actual: 20)
16 Apr 2026 19:09:40,466  INFO StartLogger - Initializing main logic for module : #48 of 55 Service (actual: 21)
16 Apr 2026 19:09:40,699  INFO StartLogger - Initializing main logic for module : #49 of 55 Eval (actual: 23)
16 Apr 2026 19:09:40,699  INFO StartLogger - Initializing main logic for module : #53 of 55 Chat (actual: 47)
16 Apr 2026 19:09:40,699  INFO StartLogger - Initializing main logic for module : #52 of 55 Profiler (actual: 22)
16 Apr 2026 19:09:40,699  INFO StartLogger - Initializing main logic for module : #50 of 55 Scheduler (actual: 42)
16 Apr 2026 19:09:40,699  INFO StartLogger - Initializing main logic for module : #51 of 55 SQLUtils (actual: 45)
16 Apr 2026 19:09:40,809  INFO StartLogger - Initializing main logic for module : #54 of 55 Backup (actual: 43)
16 Apr 2026 19:09:40,858  INFO StartLogger - Error starting server, server will be stopped
16 Apr 2026 19:09:40,859  INFO StartLogger - Server is stopping...
16 Apr 2026 19:09:40,860  INFO StartLogger - Logics instance is stopping...
16 Apr 2026 19:09:40,861  INFO StartLogger - Logics instance has stopped...
16 Apr 2026 19:09:40,864  INFO StartLogger - Server has stopped...
16 Apr 2026 19:10:20,017  INFO StartLogger - Server is starting...
16 Apr 2026 19:10:20,172  INFO StartLogger - Current version: 6.2-SNAPSHOT (373)
16 Apr 2026 19:10:20,175  INFO StartLogger - Java version: 21.0.10
16 Apr 2026 19:10:20,176  INFO StartLogger - Class path: .:./*:../server.jar
16 Apr 2026 19:10:20,189  INFO StartLogger - JVM arguments: []
16 Apr 2026 19:10:21,700  INFO StartLogger - Logics instance is starting...
16 Apr 2026 19:10:21,739  INFO StartLogger - Initializing BusinessLogics
16 Apr 2026 19:10:21,777  INFO StartLogger - Initializing string literals data
16 Apr 2026 19:10:21,778  INFO StartLogger - Creating modules
16 Apr 2026 19:10:21,777  INFO StartLogger - Initializing localizer
16 Apr 2026 19:10:22,805  INFO StartLogger - Initializing dependencies
16 Apr 2026 19:10:23,066  INFO StartLogger - Initializing modules order
16 Apr 2026 19:10:23,071  INFO StartLogger - Initializing metacodes and classes
16 Apr 2026 19:10:23,784  INFO StartLogger - Initializing object class
16 Apr 2026 19:10:23,789  INFO StartLogger - Initializing tables
16 Apr 2026 19:10:23,876  INFO StartLogger - Initializing class tables
16 Apr 2026 19:10:24,009  INFO StartLogger - Initializing full tables with one key
16 Apr 2026 19:10:24,012  INFO StartLogger - Initializing main logic
16 Apr 2026 19:10:24,034  INFO StartLogger - Initializing main logic for module : #1 of 55 System (actual: 1)
16 Apr 2026 19:10:24,905  INFO StartLogger - Initializing main logic for module : #2 of 55 UserEvents (actual: 15)
16 Apr 2026 19:10:24,905  INFO StartLogger - Initializing main logic for module : #5 of 55 Image (actual: 11)
16 Apr 2026 19:10:24,905  INFO StartLogger - Initializing main logic for module : #4 of 55 MasterData (actual: 7)
16 Apr 2026 19:10:24,905  INFO StartLogger - Initializing main logic for module : #3 of 55 AppMenu (actual: 32)
16 Apr 2026 19:10:24,906  INFO StartLogger - Initializing main logic for module : #9 of 55 Time (actual: 2)
16 Apr 2026 19:10:24,906  INFO StartLogger - Initializing main logic for module : #8 of 55 ProcessUtils (actual: 29)
16 Apr 2026 19:10:24,906  INFO StartLogger - Initializing main logic for module : #7 of 55 Integration (actual: 46)
16 Apr 2026 19:10:24,911  INFO StartLogger - Initializing main logic for module : #11 of 55 Discipline (actual: 34)
16 Apr 2026 19:10:24,905  INFO StartLogger - Initializing main logic for module : #6 of 55 Printer (actual: 10)
16 Apr 2026 19:10:24,913  INFO StartLogger - Initializing main logic for module : #12 of 55 Student (actual: 33)
16 Apr 2026 19:10:24,910  INFO StartLogger - Initializing main logic for module : #10 of 55 DefaultData (actual: 12)
16 Apr 2026 19:10:24,919  INFO StartLogger - Initializing main logic for module : #13 of 55 Com (actual: 49)
16 Apr 2026 19:10:24,925  INFO StartLogger - Initializing main logic for module : #14 of 55 Sound (actual: 27)
16 Apr 2026 19:10:24,925  INFO StartLogger - Initializing main logic for module : #15 of 55 Numerator (actual: 13)
16 Apr 2026 19:10:25,624  INFO StartLogger - Initializing main logic for module : #16 of 55 Question (actual: 35)
16 Apr 2026 19:10:25,729  INFO StartLogger - Initializing main logic for module : #17 of 55 Utils (actual: 3)
16 Apr 2026 19:10:25,943  INFO StartLogger - Initializing main logic for module : #18 of 55 Excel (actual: 18)
16 Apr 2026 19:10:25,944  INFO StartLogger - Initializing main logic for module : #23 of 55 I18n (actual: 26)
16 Apr 2026 19:10:25,943  INFO StartLogger - Initializing main logic for module : #22 of 55 Authentication (actual: 4)
16 Apr 2026 19:10:25,943  INFO StartLogger - Initializing main logic for module : #20 of 55 TestingSession (actual: 36)
16 Apr 2026 19:10:25,943  INFO StartLogger - Initializing main logic for module : #21 of 55 Schedule (actual: 55)
16 Apr 2026 19:10:25,943  INFO StartLogger - Initializing main logic for module : #19 of 55 Hierarchy (actual: 17)
16 Apr 2026 19:10:25,980  INFO StartLogger - Initializing main logic for module : #24 of 55 PerformanceReport (actual: 37)
16 Apr 2026 19:10:26,249  INFO StartLogger - Initializing main logic for module : #25 of 55 Document (actual: 14)
16 Apr 2026 19:10:26,250  INFO StartLogger - Initializing main logic for module : #28 of 55 Reflection (actual: 5)
16 Apr 2026 19:10:26,249  INFO StartLogger - Initializing main logic for module : #27 of 55 Historizable (actual: 16)
16 Apr 2026 19:10:26,249  INFO StartLogger - Initializing main logic for module : #26 of 55 ProcessMonitor (actual: 44)
16 Apr 2026 19:10:26,634  INFO StartLogger - Initializing main logic for module : #29 of 55 Messenger (actual: 24)
16 Apr 2026 19:10:26,634  INFO StartLogger - Initializing main logic for module : #30 of 55 SystemEvents (actual: 6)
16 Apr 2026 19:10:26,680  INFO StartLogger - Initializing main logic for module : #31 of 55 Telegram (actual: 50)
16 Apr 2026 19:10:26,681  INFO StartLogger - Initializing main logic for module : #35 of 55 Slack (actual: 39)
16 Apr 2026 19:10:26,681  INFO StartLogger - Initializing main logic for module : #33 of 55 Whatsapp (actual: 25)
16 Apr 2026 19:10:26,680  INFO StartLogger - Initializing main logic for module : #32 of 55 Skype (actual: 53)
16 Apr 2026 19:10:26,681  INFO StartLogger - Initializing main logic for module : #34 of 55 Viber (actual: 31)
16 Apr 2026 19:10:26,937  INFO StartLogger - Initializing main logic for module : #36 of 55 Chart (actual: 48)
16 Apr 2026 19:10:26,938  INFO StartLogger - Initializing main logic for module : #40 of 55 QZTray (actual: 28)
16 Apr 2026 19:10:26,937  INFO StartLogger - Initializing main logic for module : #39 of 55 Word (actual: 8)
16 Apr 2026 19:10:26,937  INFO StartLogger - Initializing main logic for module : #37 of 55 Icon (actual: 40)
16 Apr 2026 19:10:26,937  INFO StartLogger - Initializing main logic for module : #38 of 55 WebSocket (actual: 51)
16 Apr 2026 19:10:26,938  INFO StartLogger - Initializing main logic for module : #43 of 55 RabbitMQ (actual: 52)
16 Apr 2026 19:10:26,940  INFO StartLogger - Initializing main logic for module : #44 of 55 Geo (actual: 30)
16 Apr 2026 19:10:26,938  INFO StartLogger - Initializing main logic for module : #42 of 55 Email (actual: 19)
16 Apr 2026 19:10:26,938  INFO StartLogger - Initializing main logic for module : #41 of 55 JKanban (actual: 38)
16 Apr 2026 19:10:26,953  INFO StartLogger - Initializing main logic for module : #45 of 55 OpenCV (actual: 54)
16 Apr 2026 19:10:26,961  INFO StartLogger - Initializing main logic for module : #46 of 55 Carousel (actual: 9)
16 Apr 2026 19:10:26,996  INFO StartLogger - Initializing main logic for module : #47 of 55 FrappeGantt (actual: 41)
16 Apr 2026 19:10:27,131  INFO StartLogger - Initializing main logic for module : #48 of 55 Security (actual: 20)
16 Apr 2026 19:10:27,467  INFO StartLogger - Initializing main logic for module : #49 of 55 Service (actual: 21)
16 Apr 2026 19:10:27,878  INFO StartLogger - Initializing main logic for module : #50 of 55 SQLUtils (actual: 45)
16 Apr 2026 19:10:27,879  INFO StartLogger - Initializing main logic for module : #54 of 55 Chat (actual: 47)
16 Apr 2026 19:10:27,878  INFO StartLogger - Initializing main logic for module : #51 of 55 Eval (actual: 23)
16 Apr 2026 19:10:27,879  INFO StartLogger - Initializing main logic for module : #53 of 55 Scheduler (actual: 42)
16 Apr 2026 19:10:27,878  INFO StartLogger - Initializing main logic for module : #52 of 55 Profiler (actual: 22)
16 Apr 2026 19:10:28,069  INFO StartLogger - Initializing main logic for module : #55 of 55 Backup (actual: 43)
16 Apr 2026 19:10:28,143  INFO StartLogger - Finalizing groups
16 Apr 2026 19:10:28,143  INFO StartLogger - Finalizing classes
16 Apr 2026 19:10:28,143  INFO StartLogger - Checking for duplicate elements
16 Apr 2026 19:10:28,204  INFO StartLogger - Initializing class dialog forms
16 Apr 2026 19:10:28,204  INFO StartLogger - Filling implicit cases
16 Apr 2026 19:10:28,206  INFO StartLogger - Initializing abstract properties
16 Apr 2026 19:10:28,206  INFO StartLogger - Finalizing abstract actions
16 Apr 2026 19:10:28,274  INFO StartLogger - Checking abstract
16 Apr 2026 19:10:28,275  INFO StartLogger - Initializing fields for data and materialized properties
16 Apr 2026 19:10:28,277  INFO StartLogger - Initializing class aggr props
16 Apr 2026 19:10:28,276  INFO StartLogger - Looking for recursions in abstract actions
16 Apr 2026 19:10:28,537  INFO StartLogger - Setting up drill-down
16 Apr 2026 19:10:28,560  INFO StartLogger - Finalizing navigator elements
16 Apr 2026 19:10:28,563  INFO StartLogger - Setting up property policy
16 Apr 2026 19:10:28,862  INFO StartLogger - Setting up action policy
16 Apr 2026 19:10:28,877  INFO StartLogger - Finalizing tables
16 Apr 2026 19:10:28,878  INFO StartLogger - Initializing indices
16 Apr 2026 19:10:29,112  INFO StartLogger - Initializing reflection events
16 Apr 2026 19:10:30,809  INFO StartLogger - Setting user logging for properties
16 Apr 2026 19:10:30,852  INFO StartLogger - Setting user materialized for properties
16 Apr 2026 19:10:30,858  INFO StartLogger - Setting user not null constraints for properties
16 Apr 2026 19:10:30,872  INFO StartLogger - Disabling input list
16 Apr 2026 19:10:30,885  INFO StartLogger - Setting user select for properties
16 Apr 2026 19:10:30,908  INFO StartLogger - Setting up loggables
16 Apr 2026 19:10:30,909  INFO StartLogger - Initializing class data indexes
16 Apr 2026 19:10:30,908  INFO StartLogger - Finalizing forms
16 Apr 2026 19:10:30,954  INFO StartLogger - Finalizing properties
16 Apr 2026 19:10:30,978  INFO StartLogger - Synchronizing DB
16 Apr 2026 19:10:31,067  INFO StartLogger - Checking indexes
16 Apr 2026 19:10:31,081  INFO StartLogger - Applying migration script (0.0 -> 0.0)
16 Apr 2026 19:10:31,158  INFO StartLogger - Creating tables
16 Apr 2026 19:10:31,165  INFO StartLogger - Updating stats
16 Apr 2026 19:10:31,212  INFO StartLogger - Adding indexes
16 Apr 2026 19:10:31,213  INFO StartLogger - Packing tables
16 Apr 2026 19:10:31,214  INFO StartLogger - Filling static objects ids
16 Apr 2026 19:10:31,547  INFO StartLogger - Prereading form property events
16 Apr 2026 19:10:32,107  INFO StartLogger - Initializing lazy properties
16 Apr 2026 19:10:32,210  INFO StartLogger - Looking for recursions in abstract properties
16 Apr 2026 19:10:32,210  INFO StartLogger - Reading global events / materialized properties links
16 Apr 2026 19:10:33,541  INFO StartLogger - Building global events / materialized properties list
16 Apr 2026 19:10:33,588  INFO StartLogger - Reading local events links
16 Apr 2026 19:10:33,620  INFO StartLogger - Building local events list
16 Apr 2026 19:10:33,681  INFO StartLogger - Writing static objects changes
16 Apr 2026 19:10:34,643  INFO StartLogger - Migrating reflection properties and actions
16 Apr 2026 19:10:34,704  INFO StartLogger - Recalculating materializations
16 Apr 2026 19:10:34,956  INFO StartLogger - Initializing security manager
16 Apr 2026 19:10:34,957  INFO StartLogger - Starting security manager
16 Apr 2026 19:10:35,104  INFO StartLogger - Starting RMI manager
16 Apr 2026 19:10:35,166  INFO StartLogger - Executing onInit action started
16 Apr 2026 19:10:35,166  INFO StartLogger - Synchronizing icons
16 Apr 2026 19:10:35,166  INFO StartLogger - Initializing actions' debugger
16 Apr 2026 19:10:35,641  INFO StartLogger - Executing onInit action finished, 473ms
16 Apr 2026 19:10:35,644  INFO StartLogger - Executing onStarted action started
16 Apr 2026 19:10:36,534  INFO StartLogger - Prereading auto icons
16 Apr 2026 19:10:45,710  INFO SystemLogger - Setting hostname: null
16 Apr 2026 19:10:45,789  INFO StartLogger - Starting Scheduler
16 Apr 2026 19:10:45,969  INFO SystemLogger - Change current time snapshots to 2026-04-16T19:10:45.969223761, 2026-04-16T19:10:45.969250938Z
16 Apr 2026 19:10:46,254  INFO StartLogger - Prereading auto icons finished, 0ms
16 Apr 2026 19:10:46,822  INFO StartLogger - Executing onStarted action finished, 11178ms
16 Apr 2026 19:10:46,823  INFO StartLogger - Exporting RMI logics object (port: 7652) started
16 Apr 2026 19:10:46,859  INFO StartLogger - Exporting RMI logics object (port: 7652) finished, 36ms
16 Apr 2026 19:10:46,860  INFO SystemLogger - Binding ExternalHTTPServer
16 Apr 2026 19:10:46,918  INFO SystemLogger - Binding WebSocketServer
16 Apr 2026 19:10:46,931  INFO HttpServerLogger - RabbitMQServer: onStarted
16 Apr 2026 19:10:46,942  INFO StartLogger - Reading modules hash
16 Apr 2026 19:10:46,942  INFO StartLogger - Prereading caches for properties
16 Apr 2026 19:10:46,943  INFO StartLogger - Prereading caches for properties finished, 0ms
16 Apr 2026 19:10:46,947  INFO StartLogger - Comparing modulesHash: old 76d0890e, new 2503925d
16 Apr 2026 19:10:46,949  INFO StartLogger - Synchronizing actions started
16 Apr 2026 19:10:46,949  INFO StartLogger - Synchronizing forms started
16 Apr 2026 19:10:46,950  INFO StartLogger - Synchronizing group properties started
16 Apr 2026 19:10:47,415  INFO StartLogger - Synchronizing forms finished, 466ms
16 Apr 2026 19:10:47,418  INFO StartLogger - Synchronizing group objects started
16 Apr 2026 19:10:48,399  INFO StartLogger - Synchronizing group properties finished, 1449ms
16 Apr 2026 19:10:49,365  INFO StartLogger - Synchronizing group objects finished, 1947ms
16 Apr 2026 19:10:49,366  INFO StartLogger - Migrating property draws started
16 Apr 2026 19:10:49,372  INFO StartLogger - Migrating property draws finished, 6ms
16 Apr 2026 19:10:49,374  INFO StartLogger - Synchronizing property draws started
16 Apr 2026 19:15:16,141  INFO StartLogger - Server is starting...
16 Apr 2026 19:15:24,723  INFO StartLogger - Current version: 6.2-SNAPSHOT (373)
16 Apr 2026 19:15:24,736  INFO StartLogger - Java version: 21.0.10
16 Apr 2026 19:15:24,737  INFO StartLogger - Class path: .:./*:../server.jar
16 Apr 2026 19:15:24,883  INFO StartLogger - JVM arguments: []
16 Apr 2026 19:15:28,361  INFO StartLogger - Logics instance is starting...
16 Apr 2026 19:15:28,445  INFO StartLogger - Initializing BusinessLogics
16 Apr 2026 19:15:28,511  INFO StartLogger - Initializing string literals data
16 Apr 2026 19:15:28,511  INFO StartLogger - Initializing localizer
16 Apr 2026 19:15:28,514  INFO StartLogger - Creating modules
16 Apr 2026 19:15:30,291  INFO StartLogger - Initializing dependencies
16 Apr 2026 19:15:30,711  INFO StartLogger - Initializing modules order
16 Apr 2026 19:15:30,716  INFO StartLogger - Initializing metacodes and classes
16 Apr 2026 19:15:32,419  INFO StartLogger - Error starting server, server will be stopped
16 Apr 2026 19:15:32,420  INFO StartLogger - Server is stopping...
16 Apr 2026 19:15:32,421  INFO StartLogger - Logics instance is stopping...
16 Apr 2026 19:15:32,424  INFO StartLogger - Logics instance has stopped...
16 Apr 2026 19:15:32,428  INFO StartLogger - Server has stopped...
16 Apr 2026 19:17:48,110  INFO StartLogger - Server is starting...
16 Apr 2026 19:17:48,312  INFO StartLogger - Current version: 6.2-SNAPSHOT (373)
16 Apr 2026 19:17:48,316  INFO StartLogger - Java version: 21.0.10
16 Apr 2026 19:17:48,317  INFO StartLogger - Class path: .:./*:../server.jar
16 Apr 2026 19:17:48,337  INFO StartLogger - JVM arguments: []
16 Apr 2026 19:17:50,458  INFO StartLogger - Logics instance is starting...
16 Apr 2026 19:17:50,517  INFO StartLogger - Initializing BusinessLogics
16 Apr 2026 19:17:50,561  INFO StartLogger - Initializing string literals data
16 Apr 2026 19:17:50,562  INFO StartLogger - Initializing localizer
16 Apr 2026 19:17:50,562  INFO StartLogger - Creating modules
16 Apr 2026 19:17:52,442  INFO StartLogger - Initializing dependencies
16 Apr 2026 19:17:53,000  INFO StartLogger - Initializing modules order
16 Apr 2026 19:17:53,005  INFO StartLogger - Initializing metacodes and classes
16 Apr 2026 19:17:55,568  INFO StartLogger - Error starting server, server will be stopped
16 Apr 2026 19:17:55,570  INFO StartLogger - Server is stopping...
16 Apr 2026 19:17:55,571  INFO StartLogger - Logics instance is stopping...
16 Apr 2026 19:17:55,573  INFO StartLogger - Logics instance has stopped...
16 Apr 2026 19:17:55,576  INFO StartLogger - Server has stopped...
16 Apr 2026 20:39:06,047  INFO StartLogger - Server is starting...
16 Apr 2026 20:39:06,233  INFO StartLogger - Current version: 6.2-SNAPSHOT (373)
16 Apr 2026 20:39:06,237  INFO StartLogger - Java version: 21.0.10
16 Apr 2026 20:39:06,238  INFO StartLogger - Class path: .:./*:../server.jar
16 Apr 2026 20:39:06,257  INFO StartLogger - JVM arguments: []
16 Apr 2026 20:39:08,052  INFO StartLogger - Logics instance is starting...
16 Apr 2026 20:39:08,112  INFO StartLogger - Initializing BusinessLogics
16 Apr 2026 20:39:08,171  INFO StartLogger - Initializing string literals data
16 Apr 2026 20:39:08,172  INFO StartLogger - Creating modules
16 Apr 2026 20:39:08,171  INFO StartLogger - Initializing localizer
16 Apr 2026 20:39:09,479  INFO StartLogger - Initializing dependencies
16 Apr 2026 20:39:10,025  INFO StartLogger - Initializing modules order
16 Apr 2026 20:39:10,035  INFO StartLogger - Initializing metacodes and classes
16 Apr 2026 20:39:10,780  INFO StartLogger - Initializing object class
16 Apr 2026 20:39:10,783  INFO StartLogger - Initializing tables
16 Apr 2026 20:39:10,871  INFO StartLogger - Initializing class tables
16 Apr 2026 20:39:10,996  INFO StartLogger - Initializing full tables with one key
16 Apr 2026 20:39:10,998  INFO StartLogger - Initializing main logic
16 Apr 2026 20:39:11,012  INFO StartLogger - Initializing main logic for module : #1 of 55 System (actual: 1)
16 Apr 2026 20:39:11,838  INFO StartLogger - Initializing main logic for module : #2 of 55 Integration (actual: 46)
16 Apr 2026 20:39:11,838  INFO StartLogger - Initializing main logic for module : #5 of 55 AppMenu (actual: 32)
16 Apr 2026 20:39:11,841  INFO StartLogger - Initializing main logic for module : #8 of 55 UserEvents (actual: 15)
16 Apr 2026 20:39:11,841  INFO StartLogger - Initializing main logic for module : #9 of 55 Time (actual: 2)
16 Apr 2026 20:39:11,838  INFO StartLogger - Initializing main logic for module : #3 of 55 MasterData (actual: 7)
16 Apr 2026 20:39:11,838  INFO StartLogger - Initializing main logic for module : #4 of 55 Com (actual: 49)
16 Apr 2026 20:39:11,844  INFO StartLogger - Initializing main logic for module : #11 of 55 DefaultData (actual: 12)
16 Apr 2026 20:39:11,844  INFO StartLogger - Initializing main logic for module : #10 of 55 Image (actual: 11)
16 Apr 2026 20:39:11,838  INFO StartLogger - Initializing main logic for module : #6 of 55 Printer (actual: 10)
16 Apr 2026 20:39:11,840  INFO StartLogger - Initializing main logic for module : #7 of 55 ProcessUtils (actual: 29)
16 Apr 2026 20:39:11,853  INFO StartLogger - Initializing main logic for module : #13 of 55 Student (actual: 33)
16 Apr 2026 20:39:11,853  INFO StartLogger - Initializing main logic for module : #14 of 55 Numerator (actual: 13)
16 Apr 2026 20:39:11,847  INFO StartLogger - Initializing main logic for module : #12 of 55 Discipline (actual: 34)
16 Apr 2026 20:39:11,855  INFO StartLogger - Initializing main logic for module : #15 of 55 Sound (actual: 27)
16 Apr 2026 20:39:12,537  INFO StartLogger - Initializing main logic for module : #16 of 55 Question (actual: 35)
16 Apr 2026 20:39:12,607  INFO StartLogger - Initializing main logic for module : #17 of 55 Utils (actual: 3)
16 Apr 2026 20:39:13,036  INFO StartLogger - Initializing main logic for module : #18 of 55 Authentication (actual: 4)
16 Apr 2026 20:39:13,036  INFO StartLogger - Initializing main logic for module : #23 of 55 Schedule (actual: 55)
16 Apr 2026 20:39:13,036  INFO StartLogger - Initializing main logic for module : #22 of 55 Hierarchy (actual: 17)
16 Apr 2026 20:39:13,036  INFO StartLogger - Initializing main logic for module : #21 of 55 Excel (actual: 18)
16 Apr 2026 20:39:13,036  INFO StartLogger - Initializing main logic for module : #20 of 55 I18n (actual: 26)
16 Apr 2026 20:39:13,036  INFO StartLogger - Initializing main logic for module : #19 of 55 TestingSession (actual: 36)
16 Apr 2026 20:39:13,091  INFO StartLogger - Initializing main logic for module : #24 of 55 PerformanceReport (actual: 37)
16 Apr 2026 20:39:13,839  INFO StartLogger - Initializing main logic for module : #25 of 55 Reflection (actual: 5)
16 Apr 2026 20:39:13,839  INFO StartLogger - Initializing main logic for module : #28 of 55 Document (actual: 14)
16 Apr 2026 20:39:13,839  INFO StartLogger - Initializing main logic for module : #27 of 55 ProcessMonitor (actual: 44)
16 Apr 2026 20:39:13,839  INFO StartLogger - Initializing main logic for module : #26 of 55 Historizable (actual: 16)
16 Apr 2026 20:39:14,083  INFO StartLogger - Initializing main logic for module : #29 of 55 SystemEvents (actual: 6)
16 Apr 2026 20:39:14,083  INFO StartLogger - Initializing main logic for module : #30 of 55 Messenger (actual: 24)
16 Apr 2026 20:39:14,167  INFO StartLogger - Initializing main logic for module : #31 of 55 Viber (actual: 31)
16 Apr 2026 20:39:14,168  INFO StartLogger - Initializing main logic for module : #35 of 55 Whatsapp (actual: 25)
16 Apr 2026 20:39:14,168  INFO StartLogger - Initializing main logic for module : #34 of 55 Telegram (actual: 50)
16 Apr 2026 20:39:14,168  INFO StartLogger - Initializing main logic for module : #33 of 55 Slack (actual: 39)
16 Apr 2026 20:39:14,167  INFO StartLogger - Initializing main logic for module : #32 of 55 Skype (actual: 53)
16 Apr 2026 20:39:14,545  INFO StartLogger - Initializing main logic for module : #36 of 55 Word (actual: 8)
16 Apr 2026 20:39:14,546  INFO StartLogger - Initializing main logic for module : #39 of 55 Geo (actual: 30)
16 Apr 2026 20:39:14,546  INFO StartLogger - Initializing main logic for module : #38 of 55 Carousel (actual: 9)
16 Apr 2026 20:39:14,546  INFO StartLogger - Initializing main logic for module : #43 of 55 Email (actual: 19)
16 Apr 2026 20:39:14,545  INFO StartLogger - Initializing main logic for module : #37 of 55 WebSocket (actual: 51)
16 Apr 2026 20:39:14,548  INFO StartLogger - Initializing main logic for module : #44 of 55 RabbitMQ (actual: 52)
16 Apr 2026 20:39:14,546  INFO StartLogger - Initializing main logic for module : #41 of 55 Chart (actual: 48)
16 Apr 2026 20:39:14,546  INFO StartLogger - Initializing main logic for module : #40 of 55 Icon (actual: 40)
16 Apr 2026 20:39:14,546  INFO StartLogger - Initializing main logic for module : #42 of 55 QZTray (actual: 28)
16 Apr 2026 20:39:14,555  INFO StartLogger - Initializing main logic for module : #45 of 55 OpenCV (actual: 54)
16 Apr 2026 20:39:14,571  INFO StartLogger - Initializing main logic for module : #46 of 55 FrappeGantt (actual: 41)
16 Apr 2026 20:39:14,576  INFO StartLogger - Initializing main logic for module : #47 of 55 JKanban (actual: 38)
16 Apr 2026 20:39:14,703  INFO StartLogger - Initializing main logic for module : #48 of 55 Security (actual: 20)
16 Apr 2026 20:39:14,958  INFO StartLogger - Initializing main logic for module : #49 of 55 Service (actual: 21)
16 Apr 2026 20:39:15,228  INFO StartLogger - Initializing main logic for module : #50 of 55 Eval (actual: 23)
16 Apr 2026 20:39:15,228  INFO StartLogger - Initializing main logic for module : #54 of 55 Chat (actual: 47)
16 Apr 2026 20:39:15,228  INFO StartLogger - Initializing main logic for module : #53 of 55 Scheduler (actual: 42)
16 Apr 2026 20:39:15,228  INFO StartLogger - Initializing main logic for module : #52 of 55 SQLUtils (actual: 45)
16 Apr 2026 20:39:15,228  INFO StartLogger - Initializing main logic for module : #51 of 55 Profiler (actual: 22)
16 Apr 2026 20:39:15,343  INFO StartLogger - Initializing main logic for module : #55 of 55 Backup (actual: 43)
16 Apr 2026 20:39:15,380  INFO StartLogger - Finalizing groups
16 Apr 2026 20:39:15,380  INFO StartLogger - Finalizing classes
16 Apr 2026 20:39:15,380  INFO StartLogger - Checking for duplicate elements
16 Apr 2026 20:39:15,422  INFO StartLogger - Initializing class dialog forms
16 Apr 2026 20:39:15,422  INFO StartLogger - Filling implicit cases
16 Apr 2026 20:39:15,424  INFO StartLogger - Initializing abstract properties
16 Apr 2026 20:39:15,425  INFO StartLogger - Finalizing abstract actions
16 Apr 2026 20:39:15,500  INFO StartLogger - Checking abstract
16 Apr 2026 20:39:15,501  INFO StartLogger - Initializing class aggr props
16 Apr 2026 20:39:15,500  INFO StartLogger - Initializing fields for data and materialized properties
16 Apr 2026 20:39:15,502  INFO StartLogger - Looking for recursions in abstract actions
16 Apr 2026 20:39:15,760  INFO StartLogger - Setting up property policy
16 Apr 2026 20:39:15,901  INFO StartLogger - Finalizing navigator elements
16 Apr 2026 20:39:15,905  INFO StartLogger - Setting up drill-down
16 Apr 2026 20:39:15,949  INFO StartLogger - Finalizing tables
16 Apr 2026 20:39:15,949  INFO StartLogger - Initializing indices
16 Apr 2026 20:39:16,017  INFO StartLogger - Initializing reflection events
16 Apr 2026 20:39:16,035  INFO StartLogger - Setting up action policy
16 Apr 2026 20:39:18,717  INFO StartLogger - Setting user logging for properties
16 Apr 2026 20:39:18,770  INFO StartLogger - Setting user materialized for properties
16 Apr 2026 20:39:18,777  INFO StartLogger - Setting user not null constraints for properties
16 Apr 2026 20:39:18,790  INFO StartLogger - Disabling input list
16 Apr 2026 20:39:18,807  INFO StartLogger - Setting user select for properties
16 Apr 2026 20:39:18,833  INFO StartLogger - Setting up loggables
16 Apr 2026 20:39:18,833  INFO StartLogger - Initializing class data indexes
16 Apr 2026 20:39:18,833  INFO StartLogger - Finalizing forms
16 Apr 2026 20:39:18,891  INFO StartLogger - Finalizing properties
16 Apr 2026 20:39:18,925  INFO StartLogger - Synchronizing DB
16 Apr 2026 20:39:19,064  INFO StartLogger - Checking indexes
16 Apr 2026 20:39:19,106  INFO StartLogger - Applying migration script (0.0 -> 0.0)
16 Apr 2026 20:39:19,245  INFO StartLogger - Creating tables
16 Apr 2026 20:39:19,267  INFO StartLogger - Updating stats
16 Apr 2026 20:39:19,522  INFO StartLogger - Adding indexes
16 Apr 2026 20:39:19,523  INFO StartLogger - Packing tables
16 Apr 2026 20:39:19,524  INFO StartLogger - Filling static objects ids
16 Apr 2026 20:39:20,176  INFO StartLogger - Prereading form property events
16 Apr 2026 20:39:20,776  INFO StartLogger - Initializing lazy properties
16 Apr 2026 20:39:20,935  INFO StartLogger - Looking for recursions in abstract properties
16 Apr 2026 20:39:20,935  INFO StartLogger - Reading global events / materialized properties links
16 Apr 2026 20:39:22,362  INFO StartLogger - Building global events / materialized properties list
16 Apr 2026 20:39:22,411  INFO StartLogger - Reading local events links
16 Apr 2026 20:39:22,440  INFO StartLogger - Building local events list
16 Apr 2026 20:39:22,474  INFO StartLogger - Writing static objects changes
16 Apr 2026 20:39:23,413  INFO StartLogger - Migrating reflection properties and actions
16 Apr 2026 20:39:23,466  INFO StartLogger - Recalculating materializations
16 Apr 2026 20:39:23,912  INFO StartLogger - Initializing security manager
16 Apr 2026 20:39:23,913  INFO StartLogger - Starting security manager
16 Apr 2026 20:39:24,258  INFO StartLogger - Starting RMI manager
16 Apr 2026 20:39:24,367  INFO StartLogger - Executing onInit action started
16 Apr 2026 20:39:24,368  INFO StartLogger - Synchronizing icons
16 Apr 2026 20:39:24,367  INFO StartLogger - Initializing actions' debugger
16 Apr 2026 20:39:24,864  INFO StartLogger - Executing onInit action finished, 497ms
16 Apr 2026 20:39:24,865  INFO StartLogger - Executing onStarted action started
16 Apr 2026 20:39:26,083  INFO StartLogger - Prereading auto icons
16 Apr 2026 20:39:34,114  INFO SystemLogger - Setting hostname: null
16 Apr 2026 20:39:34,182  INFO StartLogger - Starting Scheduler
16 Apr 2026 20:39:34,333  INFO SystemLogger - Change current time snapshots to 2026-04-16T20:39:34.333566645, 2026-04-16T20:39:34.333617670Z
16 Apr 2026 20:39:34,682  INFO StartLogger - Prereading auto icons finished, 0ms
16 Apr 2026 20:39:35,187  INFO StartLogger - Executing onStarted action finished, 10322ms
16 Apr 2026 20:39:35,188  INFO StartLogger - Exporting RMI logics object (port: 7652) started
16 Apr 2026 20:39:35,200  INFO StartLogger - Exporting RMI logics object (port: 7652) finished, 12ms
16 Apr 2026 20:39:35,201  INFO SystemLogger - Binding ExternalHTTPServer
16 Apr 2026 20:39:35,226  INFO SystemLogger - Binding WebSocketServer
16 Apr 2026 20:39:35,239  INFO HttpServerLogger - RabbitMQServer: onStarted
16 Apr 2026 20:39:35,252  INFO StartLogger - Reading modules hash
16 Apr 2026 20:39:35,253  INFO StartLogger - Prereading caches for properties
16 Apr 2026 20:39:35,254  INFO StartLogger - Prereading caches for properties finished, 0ms
16 Apr 2026 20:39:35,257  INFO StartLogger - Comparing modulesHash: old 76d0890e, new f57dfed2
16 Apr 2026 20:39:35,258  INFO StartLogger - Synchronizing actions started
16 Apr 2026 20:39:35,258  INFO StartLogger - Synchronizing group properties started
16 Apr 2026 20:39:35,258  INFO StartLogger - Synchronizing forms started
16 Apr 2026 20:39:35,531  INFO StartLogger - Synchronizing forms finished, 273ms
16 Apr 2026 20:39:35,533  INFO StartLogger - Synchronizing group objects started
16 Apr 2026 20:39:35,944  INFO StartLogger - Synchronizing group objects finished, 411ms
16 Apr 2026 20:39:35,946  INFO StartLogger - Migrating property draws started
16 Apr 2026 20:39:35,955  INFO StartLogger - Migrating property draws finished, 9ms
16 Apr 2026 20:39:35,956  INFO StartLogger - Synchronizing property draws started
16 Apr 2026 20:39:35,996  INFO StartLogger - Synchronizing group properties finished, 738ms
16 Apr 2026 20:49:49,115  INFO StartLogger - Synchronizing property draws finished, 613159ms
16 Apr 2026 21:09:41,038  INFO SystemLogger - Change current time snapshots to 2026-04-16T21:09:41.036603899, 2026-04-16T21:09:41.036623390Z
16 Apr 2026 21:23:57,774  INFO StartLogger - Synchronizing actions finished, 2662516ms
16 Apr 2026 21:23:57,789  INFO StartLogger - Synchronizing properties started
16 Apr 2026 21:29:03,168  INFO StartLogger - Synchronizing properties finished, 305379ms
16 Apr 2026 21:29:03,183  INFO StartLogger - Migrating navigator elements started
16 Apr 2026 21:29:03,183  INFO StartLogger - Synchronizing tables started
16 Apr 2026 21:29:03,183  INFO StartLogger - Synchronizing action parents started
16 Apr 2026 21:29:03,187  INFO StartLogger - Migrating navigator elements finished, 4ms
16 Apr 2026 21:29:03,190  INFO StartLogger - Synchronizing navigator elements properties started
16 Apr 2026 21:29:03,532  INFO StartLogger - Synchronizing navigator elements properties finished, 342ms
16 Apr 2026 21:29:03,533  INFO StartLogger - Synchronizing navigator elements actions started
16 Apr 2026 21:29:03,935  INFO StartLogger - Synchronizing tables finished, 752ms
16 Apr 2026 21:29:04,372  INFO StartLogger - Synchronizing navigator elements actions finished, 839ms
16 Apr 2026 21:29:04,375  INFO StartLogger - Synchronizing navigator element parents started
16 Apr 2026 21:29:04,565  INFO StartLogger - Synchronizing navigator element parents finished, 191ms
16 Apr 2026 21:29:06,628  INFO StartLogger - Synchronizing action parents finished, 3445ms
16 Apr 2026 21:29:06,630  INFO StartLogger - Synchronizing property parents started
16 Apr 2026 21:29:08,178  INFO StartLogger - Synchronizing property parents finished, 1548ms
16 Apr 2026 21:29:08,181  INFO StartLogger - Prereading security policies
16 Apr 2026 21:29:08,182  INFO StartLogger - Recalculating stats and materializations at the first start
16 Apr 2026 21:29:08,190  INFO StartLogger - Writing modulesHash f57dfed2 started
16 Apr 2026 21:29:08,226  INFO StartLogger - Writing modulesHash f57dfed2 finished, 36ms
16 Apr 2026 21:29:10,386  INFO StartLogger - Cleaning obsolete caches started
16 Apr 2026 21:29:10,417  INFO StartLogger - Cleaning obsolete caches finished, 31ms
16 Apr 2026 21:29:10,418  INFO StartLogger - Executing onFinallyStarted started
16 Apr 2026 21:29:10,459  INFO StartLogger - Executing onFinallyStarted finished, 41ms
16 Apr 2026 21:29:10,460  INFO StartLogger - Logics instance has successfully started
16 Apr 2026 21:29:10,466  INFO StartLogger - Desktop Client is available at:
16 Apr 2026 21:29:10,467  INFO StartLogger - Java Web Start (with auto update, requires JDK): https://download.lsfusion.org/java/lsfusion-client-6.2-SNAPSHOT.jnlp
16 Apr 2026 21:29:10,468  INFO StartLogger - Server has successfully started in 3005092 ms
16 Apr 2026 21:39:44,572  INFO SystemLogger - Change current time snapshots to 2026-04-16T21:39:44.564927504, 2026-04-16T21:39:44.567526902Z
16 Apr 2026 22:18:31,602  INFO StartLogger - Server is starting...
16 Apr 2026 22:18:31,933  INFO StartLogger - Current version: 6.2-SNAPSHOT (373)
16 Apr 2026 22:18:31,940  INFO StartLogger - Java version: 21.0.10
16 Apr 2026 22:18:31,940  INFO StartLogger - Class path: .:./*:../server.jar
16 Apr 2026 22:18:31,966  INFO StartLogger - JVM arguments: []
16 Apr 2026 22:18:33,736  INFO StartLogger - Logics instance is starting...
16 Apr 2026 22:18:33,796  INFO StartLogger - Initializing BusinessLogics
16 Apr 2026 22:18:33,882  INFO StartLogger - Initializing localizer
16 Apr 2026 22:18:33,882  INFO StartLogger - Initializing string literals data
16 Apr 2026 22:18:33,882  INFO StartLogger - Creating modules
16 Apr 2026 22:18:34,483  INFO StartLogger - Initializing dependencies
16 Apr 2026 22:18:34,661  INFO StartLogger - Initializing modules order
16 Apr 2026 22:18:34,665  INFO StartLogger - Initializing metacodes and classes
16 Apr 2026 22:18:35,574  INFO StartLogger - Initializing object class
16 Apr 2026 22:18:35,591  INFO StartLogger - Initializing tables
16 Apr 2026 22:18:35,685  INFO StartLogger - Initializing class tables
16 Apr 2026 22:18:35,854  INFO StartLogger - Initializing full tables with one key
16 Apr 2026 22:18:35,856  INFO StartLogger - Initializing main logic
16 Apr 2026 22:18:35,899  INFO StartLogger - Initializing main logic for module : #1 of 55 System (actual: 1)
16 Apr 2026 22:18:36,602  INFO StartLogger - Initializing main logic for module : #2 of 55 UserEvents (actual: 15)
16 Apr 2026 22:18:36,602  INFO StartLogger - Initializing main logic for module : #5 of 55 Image (actual: 11)
16 Apr 2026 22:18:36,602  INFO StartLogger - Initializing main logic for module : #4 of 55 AppMenu (actual: 32)
16 Apr 2026 22:18:36,602  INFO StartLogger - Initializing main logic for module : #3 of 55 Sound (actual: 27)
16 Apr 2026 22:18:36,607  INFO StartLogger - Initializing main logic for module : #10 of 55 DefaultData (actual: 12)
16 Apr 2026 22:18:36,607  INFO StartLogger - Initializing main logic for module : #9 of 55 Printer (actual: 10)
16 Apr 2026 22:18:36,607  INFO StartLogger - Initializing main logic for module : #8 of 55 Integration (actual: 46)
16 Apr 2026 22:18:36,602  INFO StartLogger - Initializing main logic for module : #6 of 55 Time (actual: 2)
16 Apr 2026 22:18:36,611  INFO StartLogger - Initializing main logic for module : #11 of 55 Discipline (actual: 34)
16 Apr 2026 22:18:36,604  INFO StartLogger - Initializing main logic for module : #7 of 55 MasterData (actual: 7)
16 Apr 2026 22:18:36,615  INFO StartLogger - Initializing main logic for module : #12 of 55 Student (actual: 33)
16 Apr 2026 22:18:36,619  INFO StartLogger - Initializing main logic for module : #14 of 55 Numerator (actual: 13)
16 Apr 2026 22:18:36,615  INFO StartLogger - Initializing main logic for module : #13 of 55 Com (actual: 49)
16 Apr 2026 22:18:36,628  INFO StartLogger - Initializing main logic for module : #15 of 55 ProcessUtils (actual: 29)
16 Apr 2026 22:18:36,919  INFO StartLogger - Initializing main logic for module : #16 of 55 Question (actual: 35)
16 Apr 2026 22:18:36,933  INFO StartLogger - Initializing main logic for module : #17 of 55 Utils (actual: 3)
16 Apr 2026 22:18:37,068  INFO StartLogger - Initializing main logic for module : #18 of 55 I18n (actual: 26)
16 Apr 2026 22:18:37,070  INFO StartLogger - Initializing main logic for module : #23 of 55 Authentication (actual: 4)
16 Apr 2026 22:18:37,069  INFO StartLogger - Initializing main logic for module : #22 of 55 Excel (actual: 18)
16 Apr 2026 22:18:37,069  INFO StartLogger - Initializing main logic for module : #21 of 55 Schedule (actual: 55)
16 Apr 2026 22:18:37,069  INFO StartLogger - Initializing main logic for module : #20 of 55 TestingSession (actual: 36)
16 Apr 2026 22:18:37,068  INFO StartLogger - Initializing main logic for module : #19 of 55 Hierarchy (actual: 17)
16 Apr 2026 22:18:37,105  INFO StartLogger - Initializing main logic for module : #24 of 55 PerformanceReport (actual: 37)
16 Apr 2026 22:18:37,315  INFO StartLogger - Initializing main logic for module : #25 of 55 Document (actual: 14)
16 Apr 2026 22:18:37,316  INFO StartLogger - Initializing main logic for module : #28 of 55 ProcessMonitor (actual: 44)
16 Apr 2026 22:18:37,316  INFO StartLogger - Initializing main logic for module : #27 of 55 Historizable (actual: 16)
16 Apr 2026 22:18:37,315  INFO StartLogger - Initializing main logic for module : #26 of 55 Reflection (actual: 5)
16 Apr 2026 22:18:37,472  INFO StartLogger - Initializing main logic for module : #29 of 55 Messenger (actual: 24)
16 Apr 2026 22:18:37,473  INFO StartLogger - Initializing main logic for module : #30 of 55 SystemEvents (actual: 6)
16 Apr 2026 22:18:37,498  INFO StartLogger - Initializing main logic for module : #31 of 55 Skype (actual: 53)
16 Apr 2026 22:18:37,498  INFO StartLogger - Initializing main logic for module : #32 of 55 Whatsapp (actual: 25)
16 Apr 2026 22:18:37,498  INFO StartLogger - Initializing main logic for module : #33 of 55 Slack (actual: 39)
16 Apr 2026 22:18:37,501  INFO StartLogger - Initializing main logic for module : #34 of 55 Viber (actual: 31)
16 Apr 2026 22:18:37,506  INFO StartLogger - Initializing main logic for module : #35 of 55 Telegram (actual: 50)
16 Apr 2026 22:18:37,641  INFO StartLogger - Initializing main logic for module : #36 of 55 Email (actual: 19)
16 Apr 2026 22:18:37,641  INFO StartLogger - Initializing main logic for module : #37 of 55 Word (actual: 8)
16 Apr 2026 22:18:37,643  INFO StartLogger - Initializing main logic for module : #38 of 55 Geo (actual: 30)
16 Apr 2026 22:18:37,645  INFO StartLogger - Initializing main logic for module : #43 of 55 Icon (actual: 40)
16 Apr 2026 22:18:37,645  INFO StartLogger - Initializing main logic for module : #42 of 55 QZTray (actual: 28)
16 Apr 2026 22:18:37,644  INFO StartLogger - Initializing main logic for module : #41 of 55 Chart (actual: 48)
16 Apr 2026 22:18:37,656  INFO StartLogger - Initializing main logic for module : #44 of 55 RabbitMQ (actual: 52)
16 Apr 2026 22:18:37,644  INFO StartLogger - Initializing main logic for module : #40 of 55 Carousel (actual: 9)
16 Apr 2026 22:18:37,659  INFO StartLogger - Initializing main logic for module : #45 of 55 OpenCV (actual: 54)
16 Apr 2026 22:18:37,644  INFO StartLogger - Initializing main logic for module : #39 of 55 WebSocket (actual: 51)
16 Apr 2026 22:18:37,662  INFO StartLogger - Initializing main logic for module : #46 of 55 FrappeGantt (actual: 41)
16 Apr 2026 22:18:37,666  INFO StartLogger - Initializing main logic for module : #47 of 55 JKanban (actual: 38)
16 Apr 2026 22:18:37,748  INFO StartLogger - Initializing main logic for module : #48 of 55 Security (actual: 20)
16 Apr 2026 22:18:37,962  INFO StartLogger - Initializing main logic for module : #49 of 55 Service (actual: 21)
16 Apr 2026 22:18:38,145  INFO StartLogger - Initializing main logic for module : #50 of 55 Profiler (actual: 22)
16 Apr 2026 22:18:38,145  INFO StartLogger - Initializing main logic for module : #51 of 55 Chat (actual: 47)
16 Apr 2026 22:18:38,145  INFO StartLogger - Initializing main logic for module : #52 of 55 Eval (actual: 23)
16 Apr 2026 22:18:38,146  INFO StartLogger - Initializing main logic for module : #54 of 55 Scheduler (actual: 42)
16 Apr 2026 22:18:38,146  INFO StartLogger - Initializing main logic for module : #53 of 55 SQLUtils (actual: 45)
16 Apr 2026 22:18:38,215  INFO StartLogger - Initializing main logic for module : #55 of 55 Backup (actual: 43)
16 Apr 2026 22:18:38,257  INFO StartLogger - Finalizing groups
16 Apr 2026 22:18:38,258  INFO StartLogger - Checking for duplicate elements
16 Apr 2026 22:18:38,258  INFO StartLogger - Finalizing classes
16 Apr 2026 22:18:38,311  INFO StartLogger - Initializing class dialog forms
16 Apr 2026 22:18:38,311  INFO StartLogger - Filling implicit cases
16 Apr 2026 22:18:38,313  INFO StartLogger - Initializing abstract properties
16 Apr 2026 22:18:38,313  INFO StartLogger - Finalizing abstract actions
16 Apr 2026 22:18:38,389  INFO StartLogger - Looking for recursions in abstract actions
16 Apr 2026 22:18:38,452  INFO StartLogger - Checking abstract
16 Apr 2026 22:18:38,456  INFO StartLogger - Initializing fields for data and materialized properties
16 Apr 2026 22:18:38,461  INFO StartLogger - Initializing class aggr props
16 Apr 2026 22:18:38,468  INFO StartLogger - Setting up property policy
16 Apr 2026 22:18:38,481  INFO StartLogger - Setting up drill-down
16 Apr 2026 22:18:38,494  INFO StartLogger - Finalizing navigator elements
16 Apr 2026 22:18:39,072  INFO StartLogger - Setting up action policy
16 Apr 2026 22:18:39,107  INFO StartLogger - Finalizing tables
16 Apr 2026 22:18:39,108  INFO StartLogger - Initializing indices
16 Apr 2026 22:18:39,255  INFO StartLogger - Initializing reflection events
16 Apr 2026 22:18:40,567  INFO StartLogger - Setting user logging for properties
16 Apr 2026 22:18:40,625  INFO StartLogger - Setting user materialized for properties
16 Apr 2026 22:18:40,639  INFO StartLogger - Setting user not null constraints for properties
16 Apr 2026 22:18:40,655  INFO StartLogger - Disabling input list
16 Apr 2026 22:18:40,667  INFO StartLogger - Setting user select for properties
16 Apr 2026 22:18:40,688  INFO StartLogger - Setting up loggables
16 Apr 2026 22:18:40,688  INFO StartLogger - Initializing class data indexes
16 Apr 2026 22:18:40,688  INFO StartLogger - Finalizing forms
16 Apr 2026 22:18:40,725  INFO StartLogger - Finalizing properties
16 Apr 2026 22:18:40,748  INFO StartLogger - Synchronizing DB
16 Apr 2026 22:18:40,791  INFO StartLogger - Checking indexes
16 Apr 2026 22:18:40,799  INFO StartLogger - Applying migration script (0.0 -> 0.0)
16 Apr 2026 22:18:40,861  INFO StartLogger - Creating tables
16 Apr 2026 22:18:40,873  INFO StartLogger - Updating stats
16 Apr 2026 22:18:40,914  INFO StartLogger - Adding indexes
16 Apr 2026 22:18:40,919  INFO StartLogger - Deleting column Authentication_disableEmailLoginFallback (renaming to _DELETED_Authentication_disableEmailLoginFallback)  in table _auto started
16 Apr 2026 22:18:40,928  INFO StartLogger - Deleting column Authentication_disableEmailLoginFallback (renaming to _DELETED_Authentication_disableEmailLoginFallback)  in table _auto finished, 10ms
16 Apr 2026 22:18:40,931  INFO StartLogger - Deleting column Geo_serverAPIKey_MapProvider (renaming to _DELETED_Geo_serverAPIKey_MapProvider)  in table _auto_Geo_MapProvider started
16 Apr 2026 22:18:40,937  INFO StartLogger - Deleting column Geo_serverAPIKey_MapProvider (renaming to _DELETED_Geo_serverAPIKey_MapProvider)  in table _auto_Geo_MapProvider finished, 6ms
16 Apr 2026 22:18:40,939  INFO StartLogger - Packing tables
16 Apr 2026 22:18:40,949  INFO StartLogger - Filling static objects ids
16 Apr 2026 22:18:41,332  INFO StartLogger - Prereading form property events
16 Apr 2026 22:18:41,619  INFO StartLogger - Initializing lazy properties
16 Apr 2026 22:18:41,683  INFO StartLogger - Looking for recursions in abstract properties
16 Apr 2026 22:18:41,684  INFO StartLogger - Reading global events / materialized properties links
16 Apr 2026 22:18:43,489  INFO StartLogger - Building global events / materialized properties list
16 Apr 2026 22:18:43,566  INFO StartLogger - Reading local events links
16 Apr 2026 22:18:43,610  INFO StartLogger - Building local events list
16 Apr 2026 22:18:43,691  INFO StartLogger - Writing static objects changes
16 Apr 2026 22:18:44,482  INFO StartLogger - Migrating reflection properties and actions
16 Apr 2026 22:18:44,534  INFO StartLogger - Recalculating materializations
16 Apr 2026 22:18:45,274  INFO StartLogger - Initializing security manager
16 Apr 2026 22:18:45,274  INFO StartLogger - Starting security manager
16 Apr 2026 22:18:45,389  INFO StartLogger - Starting RMI manager
16 Apr 2026 22:18:45,482  INFO StartLogger - Initializing actions' debugger
16 Apr 2026 22:18:45,483  INFO StartLogger - Executing onInit action started
16 Apr 2026 22:18:45,483  INFO StartLogger - Synchronizing icons
16 Apr 2026 22:18:45,836  INFO StartLogger - Executing onInit action finished, 353ms
16 Apr 2026 22:18:45,837  INFO StartLogger - Executing onStarted action started
16 Apr 2026 22:18:46,049  INFO StartLogger - Prereading auto icons
16 Apr 2026 22:18:54,140  INFO StartLogger - Prereading auto icons finished, 0ms
16 Apr 2026 22:18:54,466  INFO SystemLogger - Setting hostname: null
16 Apr 2026 22:18:54,812  INFO StartLogger - Starting Scheduler
16 Apr 2026 22:18:55,011  INFO SystemLogger - Change current time snapshots to 2026-04-16T22:18:55.010663721, 2026-04-16T22:18:55.010711012Z
16 Apr 2026 22:18:56,457  INFO StartLogger - Executing onStarted action finished, 10619ms
16 Apr 2026 22:18:56,459  INFO StartLogger - Exporting RMI logics object (port: 7652) started
16 Apr 2026 22:18:56,475  INFO StartLogger - Exporting RMI logics object (port: 7652) finished, 16ms
16 Apr 2026 22:18:56,478  INFO SystemLogger - Binding ExternalHTTPServer
16 Apr 2026 22:18:56,512  INFO SystemLogger - Binding WebSocketServer
16 Apr 2026 22:18:56,620  INFO HttpServerLogger - RabbitMQServer: onStarted
16 Apr 2026 22:18:56,652  INFO StartLogger - Reading modules hash
16 Apr 2026 22:18:56,661  INFO StartLogger - Prereading caches for properties
16 Apr 2026 22:18:56,663  INFO StartLogger - Comparing modulesHash: old f57dfed2, new e22102d9
16 Apr 2026 22:18:56,666  INFO StartLogger - Synchronizing actions started
16 Apr 2026 22:18:56,668  INFO StartLogger - Prereading caches for properties finished, 0ms
16 Apr 2026 22:18:56,667  INFO StartLogger - Synchronizing forms started
16 Apr 2026 22:18:56,667  INFO StartLogger - Synchronizing group properties started
16 Apr 2026 22:18:57,398  INFO StartLogger - Synchronizing forms finished, 731ms
16 Apr 2026 22:18:57,400  INFO StartLogger - Synchronizing group objects started
16 Apr 2026 22:18:57,996  INFO StartLogger - Synchronizing group properties finished, 1329ms
16 Apr 2026 22:18:58,022  INFO StartLogger - Synchronizing group objects finished, 622ms
16 Apr 2026 22:18:58,028  INFO StartLogger - Migrating property draws started
16 Apr 2026 22:18:58,034  INFO StartLogger - Migrating property draws finished, 5ms
16 Apr 2026 22:18:58,034  INFO StartLogger - Synchronizing property draws started
16 Apr 2026 22:19:05,667  INFO StartLogger - Synchronizing property draws finished, 7633ms
16 Apr 2026 22:34:39,181  INFO StartLogger - Server is starting...
16 Apr 2026 22:34:39,280  INFO StartLogger - Current version: 6.2-SNAPSHOT (373)
16 Apr 2026 22:34:39,281  INFO StartLogger - Java version: 21.0.10
16 Apr 2026 22:34:39,282  INFO StartLogger - Class path: .:./*:../server.jar
16 Apr 2026 22:34:39,293  INFO StartLogger - JVM arguments: []
16 Apr 2026 22:34:40,265  INFO StartLogger - Logics instance is starting...
16 Apr 2026 22:34:40,281  INFO StartLogger - Initializing BusinessLogics
16 Apr 2026 22:34:40,302  INFO StartLogger - Initializing string literals data
16 Apr 2026 22:34:40,303  INFO StartLogger - Initializing localizer
16 Apr 2026 22:34:40,303  INFO StartLogger - Creating modules
16 Apr 2026 22:34:40,935  INFO StartLogger - Initializing dependencies
16 Apr 2026 22:34:41,095  INFO StartLogger - Initializing modules order
16 Apr 2026 22:34:41,100  INFO StartLogger - Initializing metacodes and classes
16 Apr 2026 22:34:41,604  INFO StartLogger - Error starting server, server will be stopped
16 Apr 2026 22:34:41,604  INFO StartLogger - Server is stopping...
16 Apr 2026 22:34:41,604  INFO StartLogger - Logics instance is stopping...
16 Apr 2026 22:34:41,606  INFO StartLogger - Logics instance has stopped...
16 Apr 2026 22:34:41,607  INFO StartLogger - Server has stopped...
16 Apr 2026 22:34:51,138  INFO StartLogger - Server is starting...
16 Apr 2026 22:34:51,218  INFO StartLogger - Current version: 6.2-SNAPSHOT (373)
16 Apr 2026 22:34:51,219  INFO StartLogger - Java version: 21.0.10
16 Apr 2026 22:34:51,220  INFO StartLogger - Class path: .:./*:../server.jar
16 Apr 2026 22:34:51,226  INFO StartLogger - JVM arguments: []
16 Apr 2026 22:34:51,925  INFO StartLogger - Logics instance is starting...
16 Apr 2026 22:34:51,942  INFO StartLogger - Initializing BusinessLogics
16 Apr 2026 22:34:51,963  INFO StartLogger - Initializing string literals data
16 Apr 2026 22:34:51,963  INFO StartLogger - Initializing localizer
16 Apr 2026 22:34:51,963  INFO StartLogger - Creating modules
16 Apr 2026 22:34:52,424  INFO StartLogger - Initializing dependencies
16 Apr 2026 22:34:52,574  INFO StartLogger - Initializing modules order
16 Apr 2026 22:34:52,578  INFO StartLogger - Initializing metacodes and classes
16 Apr 2026 22:34:52,964  INFO StartLogger - Error starting server, server will be stopped
16 Apr 2026 22:34:52,965  INFO StartLogger - Server is stopping...
16 Apr 2026 22:34:52,965  INFO StartLogger - Logics instance is stopping...
16 Apr 2026 22:34:52,966  INFO StartLogger - Logics instance has stopped...
16 Apr 2026 22:34:52,967  INFO StartLogger - Server has stopped...
16 Apr 2026 22:35:04,087  INFO StartLogger - Server is starting...
16 Apr 2026 22:35:04,149  INFO StartLogger - Current version: 6.2-SNAPSHOT (373)
16 Apr 2026 22:35:04,150  INFO StartLogger - Java version: 21.0.10
16 Apr 2026 22:35:04,150  INFO StartLogger - Class path: .:./*:../server.jar
16 Apr 2026 22:35:04,154  INFO StartLogger - JVM arguments: []
16 Apr 2026 22:35:04,811  INFO StartLogger - Logics instance is starting...
16 Apr 2026 22:35:04,826  INFO StartLogger - Initializing BusinessLogics
16 Apr 2026 22:35:04,846  INFO StartLogger - Initializing string literals data
16 Apr 2026 22:35:04,847  INFO StartLogger - Initializing localizer
16 Apr 2026 22:35:04,847  INFO StartLogger - Creating modules
16 Apr 2026 22:35:05,274  INFO StartLogger - Initializing dependencies
16 Apr 2026 22:35:05,429  INFO StartLogger - Initializing modules order
16 Apr 2026 22:35:05,432  INFO StartLogger - Initializing metacodes and classes
16 Apr 2026 22:35:05,839  INFO StartLogger - Error starting server, server will be stopped
16 Apr 2026 22:35:05,840  INFO StartLogger - Server is stopping...
16 Apr 2026 22:35:05,840  INFO StartLogger - Logics instance is stopping...
16 Apr 2026 22:35:05,841  INFO StartLogger - Logics instance has stopped...
16 Apr 2026 22:35:05,843  INFO StartLogger - Server has stopped...
16 Apr 2026 22:35:28,520  INFO StartLogger - Server is starting...
16 Apr 2026 22:35:28,585  INFO StartLogger - Current version: 6.2-SNAPSHOT (373)
16 Apr 2026 22:35:28,586  INFO StartLogger - Java version: 21.0.10
16 Apr 2026 22:35:28,586  INFO StartLogger - Class path: .:./*:../server.jar
16 Apr 2026 22:35:28,592  INFO StartLogger - JVM arguments: []
16 Apr 2026 22:35:29,351  INFO StartLogger - Logics instance is starting...
16 Apr 2026 22:35:29,369  INFO StartLogger - Initializing BusinessLogics
16 Apr 2026 22:35:29,390  INFO StartLogger - Initializing localizer
16 Apr 2026 22:35:29,390  INFO StartLogger - Initializing string literals data
16 Apr 2026 22:35:29,390  INFO StartLogger - Creating modules
16 Apr 2026 22:35:29,844  INFO StartLogger - Initializing dependencies
16 Apr 2026 22:35:29,993  INFO StartLogger - Initializing modules order
16 Apr 2026 22:35:29,995  INFO StartLogger - Initializing metacodes and classes
16 Apr 2026 22:35:30,367  INFO StartLogger - Error starting server, server will be stopped
16 Apr 2026 22:35:30,368  INFO StartLogger - Server is stopping...
16 Apr 2026 22:35:30,368  INFO StartLogger - Logics instance is stopping...
16 Apr 2026 22:35:30,369  INFO StartLogger - Logics instance has stopped...
16 Apr 2026 22:35:30,371  INFO StartLogger - Server has stopped...
16 Apr 2026 22:36:10,926  INFO StartLogger - Server is starting...
16 Apr 2026 22:36:10,977  INFO StartLogger - Current version: 6.2-SNAPSHOT (373)
16 Apr 2026 22:36:10,978  INFO StartLogger - Java version: 21.0.10
16 Apr 2026 22:36:10,978  INFO StartLogger - Class path: .:./*:../server.jar
16 Apr 2026 22:36:10,984  INFO StartLogger - JVM arguments: []
16 Apr 2026 22:36:11,558  INFO StartLogger - Logics instance is starting...
16 Apr 2026 22:36:11,573  INFO StartLogger - Initializing BusinessLogics
16 Apr 2026 22:36:11,591  INFO StartLogger - Initializing string literals data
16 Apr 2026 22:36:11,591  INFO StartLogger - Initializing localizer
16 Apr 2026 22:36:11,591  INFO StartLogger - Creating modules
16 Apr 2026 22:36:12,008  INFO StartLogger - Initializing dependencies
16 Apr 2026 22:36:12,149  INFO StartLogger - Initializing modules order
16 Apr 2026 22:36:12,151  INFO StartLogger - Initializing metacodes and classes
16 Apr 2026 22:36:12,477  INFO StartLogger - Error starting server, server will be stopped
16 Apr 2026 22:36:12,478  INFO StartLogger - Server is stopping...
16 Apr 2026 22:36:12,478  INFO StartLogger - Logics instance is stopping...
16 Apr 2026 22:36:12,478  INFO StartLogger - Logics instance has stopped...
16 Apr 2026 22:36:12,479  INFO StartLogger - Server has stopped...
16 Apr 2026 22:36:32,141  INFO StartLogger - Server is starting...
16 Apr 2026 22:36:32,193  INFO StartLogger - Current version: 6.2-SNAPSHOT (373)
16 Apr 2026 22:36:32,194  INFO StartLogger - Java version: 21.0.10
16 Apr 2026 22:36:32,194  INFO StartLogger - Class path: .:./*:../server.jar
16 Apr 2026 22:36:32,204  INFO StartLogger - JVM arguments: []
16 Apr 2026 22:36:32,803  INFO StartLogger - Logics instance is starting...
16 Apr 2026 22:36:32,815  INFO StartLogger - Initializing BusinessLogics
16 Apr 2026 22:36:32,828  INFO StartLogger - Initializing string literals data
16 Apr 2026 22:36:32,828  INFO StartLogger - Initializing localizer
16 Apr 2026 22:36:32,828  INFO StartLogger - Creating modules
16 Apr 2026 22:36:33,207  INFO StartLogger - Initializing dependencies
16 Apr 2026 22:36:33,345  INFO StartLogger - Initializing modules order
16 Apr 2026 22:36:33,348  INFO StartLogger - Initializing metacodes and classes
16 Apr 2026 22:36:33,654  INFO StartLogger - Error starting server, server will be stopped
16 Apr 2026 22:36:33,654  INFO StartLogger - Server is stopping...
16 Apr 2026 22:36:33,655  INFO StartLogger - Logics instance is stopping...
16 Apr 2026 22:36:33,655  INFO StartLogger - Logics instance has stopped...
16 Apr 2026 22:36:33,656  INFO StartLogger - Server has stopped...
16 Apr 2026 22:36:46,412  INFO StartLogger - Server is starting...
16 Apr 2026 22:36:46,466  INFO StartLogger - Current version: 6.2-SNAPSHOT (373)
16 Apr 2026 22:36:46,466  INFO StartLogger - Java version: 21.0.10
16 Apr 2026 22:36:46,467  INFO StartLogger - Class path: .:./*:../server.jar
16 Apr 2026 22:36:46,471  INFO StartLogger - JVM arguments: []
16 Apr 2026 22:36:46,987  INFO StartLogger - Logics instance is starting...
16 Apr 2026 22:36:47,000  INFO StartLogger - Initializing BusinessLogics
16 Apr 2026 22:36:47,016  INFO StartLogger - Initializing string literals data
16 Apr 2026 22:36:47,016  INFO StartLogger - Initializing localizer
16 Apr 2026 22:36:47,016  INFO StartLogger - Creating modules
16 Apr 2026 22:36:47,360  INFO StartLogger - Initializing dependencies
16 Apr 2026 22:36:47,489  INFO StartLogger - Initializing modules order
16 Apr 2026 22:36:47,491  INFO StartLogger - Initializing metacodes and classes
16 Apr 2026 22:36:47,938  INFO StartLogger - Error starting server, server will be stopped
16 Apr 2026 22:36:47,938  INFO StartLogger - Server is stopping...
16 Apr 2026 22:36:47,938  INFO StartLogger - Logics instance is stopping...
16 Apr 2026 22:36:47,939  INFO StartLogger - Logics instance has stopped...
16 Apr 2026 22:36:47,940  INFO StartLogger - Server has stopped...
16 Apr 2026 22:39:34,618  INFO StartLogger - Server is starting...
16 Apr 2026 22:39:34,669  INFO StartLogger - Current version: 6.2-SNAPSHOT (373)
16 Apr 2026 22:39:34,670  INFO StartLogger - Java version: 21.0.10
16 Apr 2026 22:39:34,670  INFO StartLogger - Class path: .:./*:../server.jar
16 Apr 2026 22:39:34,675  INFO StartLogger - JVM arguments: []
16 Apr 2026 22:39:35,211  INFO StartLogger - Logics instance is starting...
16 Apr 2026 22:39:35,225  INFO StartLogger - Initializing BusinessLogics
16 Apr 2026 22:39:35,245  INFO StartLogger - Initializing string literals data
16 Apr 2026 22:39:35,245  INFO StartLogger - Creating modules
16 Apr 2026 22:39:35,245  INFO StartLogger - Initializing localizer
16 Apr 2026 22:39:35,607  INFO StartLogger - Initializing dependencies
16 Apr 2026 22:39:35,728  INFO StartLogger - Initializing modules order
16 Apr 2026 22:39:35,730  INFO StartLogger - Initializing metacodes and classes
16 Apr 2026 22:39:36,025  INFO StartLogger - Initializing object class
16 Apr 2026 22:39:36,028  INFO StartLogger - Initializing tables
16 Apr 2026 22:39:36,071  INFO StartLogger - Initializing class tables
16 Apr 2026 22:39:36,129  INFO StartLogger - Initializing full tables with one key
16 Apr 2026 22:39:36,131  INFO StartLogger - Initializing main logic
16 Apr 2026 22:39:36,149  INFO StartLogger - Initializing main logic for module : #1 of 55 System (actual: 1)
16 Apr 2026 22:39:36,484  INFO StartLogger - Initializing main logic for module : #2 of 55 ProcessUtils (actual: 29)
16 Apr 2026 22:39:36,484  INFO StartLogger - Initializing main logic for module : #3 of 55 Time (actual: 2)
16 Apr 2026 22:39:36,484  INFO StartLogger - Initializing main logic for module : #5 of 55 Image (actual: 11)
16 Apr 2026 22:39:36,484  INFO StartLogger - Initializing main logic for module : #4 of 55 DefaultData (actual: 12)
16 Apr 2026 22:39:36,485  INFO StartLogger - Initializing main logic for module : #7 of 55 Printer (actual: 10)
16 Apr 2026 22:39:36,485  INFO StartLogger - Initializing main logic for module : #8 of 55 Integration (actual: 46)
16 Apr 2026 22:39:36,488  INFO StartLogger - Initializing main logic for module : #11 of 55 Com (actual: 49)
16 Apr 2026 22:39:36,485  INFO StartLogger - Initializing main logic for module : #6 of 55 AppMenu (actual: 32)
16 Apr 2026 22:39:36,485  INFO StartLogger - Initializing main logic for module : #9 of 55 UserEvents (actual: 15)
16 Apr 2026 22:39:36,486  INFO StartLogger - Initializing main logic for module : #10 of 55 MasterData (actual: 7)
16 Apr 2026 22:39:36,491  INFO StartLogger - Initializing main logic for module : #13 of 55 Discipline (actual: 34)
16 Apr 2026 22:39:36,489  INFO StartLogger - Initializing main logic for module : #12 of 55 Sound (actual: 27)
16 Apr 2026 22:39:36,492  INFO StartLogger - Initializing main logic for module : #14 of 55 Numerator (actual: 13)
16 Apr 2026 22:39:36,494  INFO StartLogger - Initializing main logic for module : #15 of 55 Student (actual: 33)
16 Apr 2026 22:39:36,821  INFO StartLogger - Initializing main logic for module : #16 of 55 Utils (actual: 3)
16 Apr 2026 22:39:36,823  INFO StartLogger - Initializing main logic for module : #17 of 55 Question (actual: 35)
16 Apr 2026 22:39:36,922  INFO StartLogger - Initializing main logic for module : #18 of 55 Hierarchy (actual: 17)
16 Apr 2026 22:39:36,923  INFO StartLogger - Initializing main logic for module : #20 of 55 I18n (actual: 26)
16 Apr 2026 22:39:36,923  INFO StartLogger - Initializing main logic for module : #19 of 55 Authentication (actual: 4)
16 Apr 2026 22:39:36,923  INFO StartLogger - Initializing main logic for module : #22 of 55 Schedule (actual: 55)
16 Apr 2026 22:39:36,924  INFO StartLogger - Initializing main logic for module : #23 of 55 TestingSession (actual: 36)
16 Apr 2026 22:39:36,923  INFO StartLogger - Initializing main logic for module : #21 of 55 Excel (actual: 18)
16 Apr 2026 22:39:36,962  INFO StartLogger - Initializing main logic for module : #24 of 55 PerformanceReport (actual: 37)
16 Apr 2026 22:39:37,147  INFO StartLogger - Initializing main logic for module : #25 of 55 Reflection (actual: 5)
16 Apr 2026 22:39:37,148  INFO StartLogger - Initializing main logic for module : #26 of 55 ProcessMonitor (actual: 44)
16 Apr 2026 22:39:37,149  INFO StartLogger - Initializing main logic for module : #27 of 55 Document (actual: 14)
16 Apr 2026 22:39:37,152  INFO StartLogger - Initializing main logic for module : #28 of 55 Historizable (actual: 16)
16 Apr 2026 22:39:37,251  INFO StartLogger - Initializing main logic for module : #29 of 55 SystemEvents (actual: 6)
16 Apr 2026 22:39:37,251  INFO StartLogger - Initializing main logic for module : #30 of 55 Messenger (actual: 24)
16 Apr 2026 22:39:37,264  INFO StartLogger - Initializing main logic for module : #31 of 55 Whatsapp (actual: 25)
16 Apr 2026 22:39:37,265  INFO StartLogger - Initializing main logic for module : #34 of 55 Skype (actual: 53)
16 Apr 2026 22:39:37,264  INFO StartLogger - Initializing main logic for module : #33 of 55 Telegram (actual: 50)
16 Apr 2026 22:39:37,264  INFO StartLogger - Initializing main logic for module : #32 of 55 Slack (actual: 39)
16 Apr 2026 22:39:37,265  INFO StartLogger - Initializing main logic for module : #35 of 55 Viber (actual: 31)
16 Apr 2026 22:39:37,381  INFO StartLogger - Initializing main logic for module : #36 of 55 Geo (actual: 30)
16 Apr 2026 22:39:37,381  INFO StartLogger - Initializing main logic for module : #37 of 55 OpenCV (actual: 54)
16 Apr 2026 22:39:37,384  INFO StartLogger - Initializing main logic for module : #40 of 55 Icon (actual: 40)
16 Apr 2026 22:39:37,381  INFO StartLogger - Initializing main logic for module : #38 of 55 FrappeGantt (actual: 41)
16 Apr 2026 22:39:37,386  INFO StartLogger - Initializing main logic for module : #42 of 55 Email (actual: 19)
16 Apr 2026 22:39:37,384  INFO StartLogger - Initializing main logic for module : #39 of 55 Carousel (actual: 9)
16 Apr 2026 22:39:37,388  INFO StartLogger - Initializing main logic for module : #44 of 55 RabbitMQ (actual: 52)
16 Apr 2026 22:39:37,386  INFO StartLogger - Initializing main logic for module : #43 of 55 Word (actual: 8)
16 Apr 2026 22:39:37,393  INFO StartLogger - Initializing main logic for module : #46 of 55 JKanban (actual: 38)
16 Apr 2026 22:39:37,385  INFO StartLogger - Initializing main logic for module : #41 of 55 WebSocket (actual: 51)
16 Apr 2026 22:39:37,392  INFO StartLogger - Initializing main logic for module : #45 of 55 QZTray (actual: 28)
16 Apr 2026 22:39:37,402  INFO StartLogger - Initializing main logic for module : #47 of 55 Chart (actual: 48)
16 Apr 2026 22:39:37,456  INFO StartLogger - Initializing main logic for module : #48 of 55 Security (actual: 20)
16 Apr 2026 22:39:37,516  INFO StartLogger - Initializing main logic for module : #49 of 55 Service (actual: 21)
16 Apr 2026 22:39:37,636  INFO StartLogger - Initializing main logic for module : #50 of 55 Eval (actual: 23)
16 Apr 2026 22:39:37,637  INFO StartLogger - Initializing main logic for module : #51 of 55 Chat (actual: 47)
16 Apr 2026 22:39:37,637  INFO StartLogger - Initializing main logic for module : #54 of 55 Scheduler (actual: 42)
16 Apr 2026 22:39:37,637  INFO StartLogger - Initializing main logic for module : #53 of 55 SQLUtils (actual: 45)
16 Apr 2026 22:39:37,637  INFO StartLogger - Initializing main logic for module : #52 of 55 Profiler (actual: 22)
16 Apr 2026 22:39:37,688  INFO StartLogger - Initializing main logic for module : #55 of 55 Backup (actual: 43)
16 Apr 2026 22:39:37,732  INFO StartLogger - Finalizing groups
16 Apr 2026 22:39:37,732  INFO StartLogger - Finalizing classes
16 Apr 2026 22:39:37,732  INFO StartLogger - Checking for duplicate elements
16 Apr 2026 22:39:37,778  INFO StartLogger - Initializing class dialog forms
16 Apr 2026 22:39:37,779  INFO StartLogger - Filling implicit cases
16 Apr 2026 22:39:37,781  INFO StartLogger - Finalizing abstract actions
16 Apr 2026 22:39:37,781  INFO StartLogger - Initializing abstract properties
16 Apr 2026 22:39:37,837  INFO StartLogger - Initializing fields for data and materialized properties
16 Apr 2026 22:39:37,837  INFO StartLogger - Initializing class aggr props
16 Apr 2026 22:39:37,837  INFO StartLogger - Looking for recursions in abstract actions
16 Apr 2026 22:39:37,837  INFO StartLogger - Checking abstract
16 Apr 2026 22:39:37,875  INFO StartLogger - Setting up drill-down
16 Apr 2026 22:39:37,875  INFO StartLogger - Finalizing navigator elements
16 Apr 2026 22:39:37,875  INFO StartLogger - Setting up property policy
16 Apr 2026 22:39:38,064  INFO StartLogger - Setting up action policy
16 Apr 2026 22:39:38,228  INFO StartLogger - Initializing indices
16 Apr 2026 22:39:38,228  INFO StartLogger - Finalizing tables
16 Apr 2026 22:39:38,245  INFO StartLogger - Initializing reflection events
16 Apr 2026 22:39:38,895  INFO StartLogger - Setting user logging for properties
16 Apr 2026 22:39:38,909  INFO StartLogger - Setting user materialized for properties
16 Apr 2026 22:39:38,912  INFO StartLogger - Setting user not null constraints for properties
16 Apr 2026 22:39:38,917  INFO StartLogger - Disabling input list
16 Apr 2026 22:39:38,922  INFO StartLogger - Setting user select for properties
16 Apr 2026 22:39:38,931  INFO StartLogger - Setting up loggables
16 Apr 2026 22:39:38,931  INFO StartLogger - Finalizing forms
16 Apr 2026 22:39:38,932  INFO StartLogger - Initializing class data indexes
16 Apr 2026 22:39:38,959  INFO StartLogger - Finalizing properties
16 Apr 2026 22:39:38,979  INFO StartLogger - Synchronizing DB
16 Apr 2026 22:39:39,010  INFO StartLogger - Checking indexes
16 Apr 2026 22:39:39,016  INFO StartLogger - Applying migration script (0.0 -> 0.0)
16 Apr 2026 22:39:39,047  INFO StartLogger - Creating tables
16 Apr 2026 22:39:39,055  INFO StartLogger - Updating stats
16 Apr 2026 22:39:39,090  INFO StartLogger - Adding indexes
16 Apr 2026 22:39:39,093  INFO StartLogger - Packing tables
16 Apr 2026 22:39:39,094  INFO StartLogger - Filling static objects ids
16 Apr 2026 22:39:39,248  INFO StartLogger - Prereading form property events
16 Apr 2026 22:39:39,411  INFO StartLogger - Initializing lazy properties
16 Apr 2026 22:39:39,492  INFO StartLogger - Looking for recursions in abstract properties
16 Apr 2026 22:39:39,492  INFO StartLogger - Reading global events / materialized properties links
16 Apr 2026 22:39:39,982  INFO StartLogger - Building global events / materialized properties list
16 Apr 2026 22:39:40,008  INFO StartLogger - Reading local events links
16 Apr 2026 22:39:40,028  INFO StartLogger - Building local events list
16 Apr 2026 22:39:40,049  INFO StartLogger - Writing static objects changes
16 Apr 2026 22:39:40,409  INFO StartLogger - Migrating reflection properties and actions
16 Apr 2026 22:39:40,436  INFO StartLogger - Recalculating materializations
16 Apr 2026 22:39:40,606  INFO StartLogger - Initializing security manager
16 Apr 2026 22:39:40,606  INFO StartLogger - Starting security manager
16 Apr 2026 22:39:40,639  INFO StartLogger - Starting RMI manager
16 Apr 2026 22:39:40,651  INFO StartLogger - Synchronizing icons
16 Apr 2026 22:39:40,652  INFO StartLogger - Executing onInit action started
16 Apr 2026 22:39:40,655  INFO StartLogger - Initializing actions' debugger
16 Apr 2026 22:39:40,832  INFO StartLogger - Executing onInit action finished, 180ms
16 Apr 2026 22:39:40,833  INFO StartLogger - Executing onStarted action started
16 Apr 2026 22:39:41,019  INFO StartLogger - Prereading auto icons
16 Apr 2026 22:39:46,683  INFO SystemLogger - Setting hostname: null
16 Apr 2026 22:39:46,738  INFO StartLogger - Starting Scheduler
16 Apr 2026 22:39:46,842  INFO SystemLogger - Change current time snapshots to 2026-04-16T22:39:46.841766966, 2026-04-16T22:39:46.841786799Z
16 Apr 2026 22:39:47,029  INFO StartLogger - Prereading auto icons finished, 0ms
16 Apr 2026 22:39:47,729  INFO StartLogger - Executing onStarted action finished, 6896ms
16 Apr 2026 22:39:47,733  INFO StartLogger - Exporting RMI logics object (port: 7652) started
16 Apr 2026 22:39:47,749  INFO StartLogger - Exporting RMI logics object (port: 7652) finished, 16ms
16 Apr 2026 22:39:47,825  INFO SystemLogger - Binding ExternalHTTPServer
16 Apr 2026 22:39:47,850  INFO SystemLogger - Binding WebSocketServer
16 Apr 2026 22:39:47,856  INFO HttpServerLogger - RabbitMQServer: onStarted
16 Apr 2026 22:39:47,863  INFO StartLogger - Prereading caches for properties
16 Apr 2026 22:39:47,863  INFO StartLogger - Reading modules hash
16 Apr 2026 22:39:47,863  INFO StartLogger - Prereading caches for properties finished, 0ms
16 Apr 2026 22:39:47,865  INFO StartLogger - Comparing modulesHash: old f57dfed2, new d77b7c26
16 Apr 2026 22:39:47,866  INFO StartLogger - Synchronizing forms started
16 Apr 2026 22:39:47,866  INFO StartLogger - Synchronizing group properties started
16 Apr 2026 22:39:47,866  INFO StartLogger - Synchronizing actions started
16 Apr 2026 22:39:48,407  INFO StartLogger - Synchronizing group properties finished, 541ms
16 Apr 2026 22:39:49,715  INFO StartLogger - Synchronizing forms finished, 1849ms
16 Apr 2026 22:39:49,717  INFO StartLogger - Synchronizing group objects started
16 Apr 2026 22:39:56,454  INFO StartLogger - Synchronizing group objects finished, 6737ms
16 Apr 2026 22:39:56,457  INFO StartLogger - Migrating property draws started
16 Apr 2026 22:39:56,475  INFO StartLogger - Migrating property draws finished, 18ms
16 Apr 2026 22:39:56,476  INFO StartLogger - Synchronizing property draws started
16 Apr 2026 22:47:30,671  INFO StartLogger - Synchronizing property draws finished, 454195ms
16 Apr 2026 22:51:30,556  INFO StartLogger - Server is starting...
16 Apr 2026 22:51:30,680  INFO StartLogger - Current version: 6.2-SNAPSHOT (373)
16 Apr 2026 22:51:30,682  INFO StartLogger - Java version: 21.0.10
16 Apr 2026 22:51:30,682  INFO StartLogger - Class path: .:./*:../server.jar
16 Apr 2026 22:51:30,691  INFO StartLogger - JVM arguments: []
16 Apr 2026 22:51:31,900  INFO StartLogger - Logics instance is starting...
16 Apr 2026 22:51:31,922  INFO StartLogger - Initializing BusinessLogics
16 Apr 2026 22:51:31,943  INFO StartLogger - Initializing string literals data
16 Apr 2026 22:51:31,943  INFO StartLogger - Creating modules
16 Apr 2026 22:51:31,943  INFO StartLogger - Initializing localizer
16 Apr 2026 22:51:32,706  INFO StartLogger - Initializing dependencies
16 Apr 2026 22:51:32,940  INFO StartLogger - Initializing modules order
16 Apr 2026 22:51:32,943  INFO StartLogger - Initializing metacodes and classes
16 Apr 2026 22:51:33,503  INFO StartLogger - Initializing object class
16 Apr 2026 22:51:33,508  INFO StartLogger - Initializing tables
16 Apr 2026 22:51:33,601  INFO StartLogger - Initializing class tables
16 Apr 2026 22:51:33,725  INFO StartLogger - Initializing full tables with one key
16 Apr 2026 22:51:33,727  INFO StartLogger - Initializing main logic
16 Apr 2026 22:51:33,748  INFO StartLogger - Initializing main logic for module : #1 of 55 System (actual: 1)
16 Apr 2026 22:51:35,428  INFO StartLogger - Initializing main logic for module : #2 of 55 Sound (actual: 27)
16 Apr 2026 22:51:35,429  INFO StartLogger - Initializing main logic for module : #6 of 55 UserEvents (actual: 15)
16 Apr 2026 22:51:35,429  INFO StartLogger - Initializing main logic for module : #7 of 55 Time (actual: 2)
16 Apr 2026 22:51:35,431  INFO StartLogger - Initializing main logic for module : #10 of 55 MasterData (actual: 7)
16 Apr 2026 22:51:35,428  INFO StartLogger - Initializing main logic for module : #5 of 55 ProcessUtils (actual: 29)
16 Apr 2026 22:51:35,428  INFO StartLogger - Initializing main logic for module : #4 of 55 DefaultData (actual: 12)
16 Apr 2026 22:51:35,428  INFO StartLogger - Initializing main logic for module : #3 of 55 Image (actual: 11)
16 Apr 2026 22:51:35,436  INFO StartLogger - Initializing main logic for module : #12 of 55 AppMenu (actual: 32)
16 Apr 2026 22:51:35,430  INFO StartLogger - Initializing main logic for module : #9 of 55 Printer (actual: 10)
16 Apr 2026 22:51:35,434  INFO StartLogger - Initializing main logic for module : #11 of 55 Com (actual: 49)
16 Apr 2026 22:51:35,429  INFO StartLogger - Initializing main logic for module : #8 of 55 Integration (actual: 46)
16 Apr 2026 22:51:35,442  INFO StartLogger - Initializing main logic for module : #13 of 55 Discipline (actual: 34)
16 Apr 2026 22:51:35,443  INFO StartLogger - Initializing main logic for module : #14 of 55 Numerator (actual: 13)
16 Apr 2026 22:51:35,457  INFO StartLogger - Initializing main logic for module : #15 of 55 Student (actual: 33)
16 Apr 2026 22:51:36,980  INFO StartLogger - Initializing main logic for module : #16 of 55 Question (actual: 35)
16 Apr 2026 22:51:37,048  INFO StartLogger - Initializing main logic for module : #17 of 55 Utils (actual: 3)
16 Apr 2026 22:51:37,564  INFO StartLogger - Initializing main logic for module : #18 of 55 I18n (actual: 26)
16 Apr 2026 22:51:37,569  INFO StartLogger - Initializing main logic for module : #19 of 55 TestingSession (actual: 36)
16 Apr 2026 22:51:37,574  INFO StartLogger - Initializing main logic for module : #20 of 55 Excel (actual: 18)
16 Apr 2026 22:51:37,575  INFO StartLogger - Initializing main logic for module : #21 of 55 Authentication (actual: 4)
16 Apr 2026 22:51:37,608  INFO StartLogger - Initializing main logic for module : #22 of 55 Hierarchy (actual: 17)
16 Apr 2026 22:51:37,610  INFO StartLogger - Initializing main logic for module : #23 of 55 Schedule (actual: 55)
16 Apr 2026 22:51:37,684  INFO StartLogger - Initializing main logic for module : #24 of 55 PerformanceReport (actual: 37)
16 Apr 2026 22:51:38,248  INFO StartLogger - Initializing main logic for module : #25 of 55 ProcessMonitor (actual: 44)
16 Apr 2026 22:51:38,250  INFO StartLogger - Initializing main logic for module : #26 of 55 Document (actual: 14)
16 Apr 2026 22:51:38,253  INFO StartLogger - Initializing main logic for module : #27 of 55 Reflection (actual: 5)
16 Apr 2026 22:51:38,254  INFO StartLogger - Initializing main logic for module : #28 of 55 Historizable (actual: 16)
16 Apr 2026 22:51:38,473  INFO StartLogger - Initializing main logic for module : #29 of 55 SystemEvents (actual: 6)
16 Apr 2026 22:51:38,474  INFO StartLogger - Initializing main logic for module : #30 of 55 Messenger (actual: 24)
16 Apr 2026 22:51:38,512  INFO StartLogger - Initializing main logic for module : #31 of 55 Telegram (actual: 50)
16 Apr 2026 22:51:38,513  INFO StartLogger - Initializing main logic for module : #32 of 55 Slack (actual: 39)
16 Apr 2026 22:51:38,515  INFO StartLogger - Initializing main logic for module : #33 of 55 Whatsapp (actual: 25)
16 Apr 2026 22:51:38,517  INFO StartLogger - Initializing main logic for module : #34 of 55 Viber (actual: 31)
16 Apr 2026 22:51:38,521  INFO StartLogger - Initializing main logic for module : #35 of 55 Skype (actual: 53)
16 Apr 2026 22:51:38,726  INFO StartLogger - Initializing main logic for module : #36 of 55 Geo (actual: 30)
16 Apr 2026 22:51:38,726  INFO StartLogger - Initializing main logic for module : #38 of 55 JKanban (actual: 38)
16 Apr 2026 22:51:38,726  INFO StartLogger - Initializing main logic for module : #37 of 55 Word (actual: 8)
16 Apr 2026 22:51:38,730  INFO StartLogger - Initializing main logic for module : #42 of 55 Icon (actual: 40)
16 Apr 2026 22:51:38,727  INFO StartLogger - Initializing main logic for module : #39 of 55 OpenCV (actual: 54)
16 Apr 2026 22:51:38,728  INFO StartLogger - Initializing main logic for module : #40 of 55 FrappeGantt (actual: 41)
16 Apr 2026 22:51:38,728  INFO StartLogger - Initializing main logic for module : #41 of 55 WebSocket (actual: 51)
16 Apr 2026 22:51:38,730  INFO StartLogger - Initializing main logic for module : #44 of 55 RabbitMQ (actual: 52)
16 Apr 2026 22:51:38,730  INFO StartLogger - Initializing main logic for module : #43 of 55 Email (actual: 19)
16 Apr 2026 22:51:38,745  INFO StartLogger - Initializing main logic for module : #45 of 55 QZTray (actual: 28)
16 Apr 2026 22:51:38,756  INFO StartLogger - Initializing main logic for module : #46 of 55 Carousel (actual: 9)
16 Apr 2026 22:51:38,761  INFO StartLogger - Initializing main logic for module : #47 of 55 Chart (actual: 48)
16 Apr 2026 22:51:38,875  INFO StartLogger - Initializing main logic for module : #48 of 55 Security (actual: 20)
16 Apr 2026 22:51:39,021  INFO StartLogger - Initializing main logic for module : #49 of 55 Service (actual: 21)
16 Apr 2026 22:51:39,290  INFO StartLogger - Initializing main logic for module : #50 of 55 Scheduler (actual: 42)
16 Apr 2026 22:51:39,299  INFO StartLogger - Initializing main logic for module : #53 of 55 Eval (actual: 23)
16 Apr 2026 22:51:39,295  INFO StartLogger - Initializing main logic for module : #52 of 55 SQLUtils (actual: 45)
16 Apr 2026 22:51:39,292  INFO StartLogger - Initializing main logic for module : #51 of 55 Profiler (actual: 22)
16 Apr 2026 22:51:39,306  INFO StartLogger - Initializing main logic for module : #54 of 55 Chat (actual: 47)
16 Apr 2026 22:51:39,400  INFO StartLogger - Initializing main logic for module : #55 of 55 Backup (actual: 43)
16 Apr 2026 22:51:39,487  INFO StartLogger - Finalizing groups
16 Apr 2026 22:51:39,499  INFO StartLogger - Checking for duplicate elements
16 Apr 2026 22:51:39,504  INFO StartLogger - Finalizing classes
16 Apr 2026 22:51:39,625  INFO StartLogger - Initializing class dialog forms
16 Apr 2026 22:51:39,631  INFO StartLogger - Filling implicit cases
16 Apr 2026 22:51:39,658  INFO StartLogger - Initializing abstract properties
16 Apr 2026 22:51:39,661  INFO StartLogger - Finalizing abstract actions
16 Apr 2026 22:51:39,836  INFO StartLogger - Checking abstract
16 Apr 2026 22:51:39,837  INFO StartLogger - Initializing fields for data and materialized properties
16 Apr 2026 22:51:39,846  INFO StartLogger - Initializing class aggr props
16 Apr 2026 22:51:39,872  INFO StartLogger - Looking for recursions in abstract actions
16 Apr 2026 22:51:40,392  INFO StartLogger - Finalizing navigator elements
16 Apr 2026 22:51:40,446  INFO StartLogger - Setting up drill-down
16 Apr 2026 22:51:40,465  INFO StartLogger - Setting up property policy
16 Apr 2026 22:51:40,638  INFO StartLogger - Initializing indices
16 Apr 2026 22:51:40,682  INFO StartLogger - Finalizing tables
16 Apr 2026 22:51:40,702  INFO StartLogger - Initializing reflection events
16 Apr 2026 22:51:40,744  INFO StartLogger - Setting up action policy
16 Apr 2026 22:51:42,905  INFO StartLogger - Setting user logging for properties
16 Apr 2026 22:51:42,944  INFO StartLogger - Setting user materialized for properties
16 Apr 2026 22:51:42,951  INFO StartLogger - Setting user not null constraints for properties
16 Apr 2026 22:51:42,965  INFO StartLogger - Disabling input list
16 Apr 2026 22:51:42,984  INFO StartLogger - Setting user select for properties
16 Apr 2026 22:51:43,000  INFO StartLogger - Setting up loggables
16 Apr 2026 22:51:43,001  INFO StartLogger - Initializing class data indexes
16 Apr 2026 22:51:43,000  INFO StartLogger - Finalizing forms
16 Apr 2026 22:51:43,094  INFO StartLogger - Finalizing properties
16 Apr 2026 22:51:43,141  INFO StartLogger - Synchronizing DB
16 Apr 2026 22:51:43,263  INFO StartLogger - Checking indexes
16 Apr 2026 22:51:43,279  INFO StartLogger - Applying migration script (0.0 -> 0.0)
16 Apr 2026 22:51:43,439  INFO StartLogger - Creating tables
16 Apr 2026 22:51:43,448  INFO StartLogger - Updating stats
16 Apr 2026 22:51:43,497  INFO StartLogger - Adding indexes
16 Apr 2026 22:51:43,498  INFO StartLogger - Packing tables
16 Apr 2026 22:51:43,499  INFO StartLogger - Filling static objects ids
16 Apr 2026 22:51:43,843  INFO StartLogger - Prereading form property events
16 Apr 2026 22:51:44,473  INFO StartLogger - Initializing lazy properties
16 Apr 2026 22:51:44,557  INFO StartLogger - Reading global events / materialized properties links
16 Apr 2026 22:51:44,558  INFO StartLogger - Looking for recursions in abstract properties
16 Apr 2026 22:51:46,049  INFO StartLogger - Building global events / materialized properties list
16 Apr 2026 22:51:46,240  INFO StartLogger - Reading local events links
16 Apr 2026 22:51:46,403  INFO StartLogger - Building local events list
16 Apr 2026 22:51:46,477  INFO StartLogger - Writing static objects changes
16 Apr 2026 22:51:47,804  INFO StartLogger - Migrating reflection properties and actions
16 Apr 2026 22:51:47,889  INFO StartLogger - Recalculating materializations
16 Apr 2026 22:51:48,413  INFO StartLogger - Initializing security manager
16 Apr 2026 22:51:48,416  INFO StartLogger - Starting security manager
16 Apr 2026 22:51:48,559  INFO StartLogger - Starting RMI manager
16 Apr 2026 22:51:48,638  INFO StartLogger - Executing onInit action started
16 Apr 2026 22:51:48,639  INFO StartLogger - Synchronizing icons
16 Apr 2026 22:51:48,639  INFO StartLogger - Initializing actions' debugger
16 Apr 2026 22:51:49,320  INFO StartLogger - Executing onInit action finished, 682ms
16 Apr 2026 22:51:49,322  INFO StartLogger - Executing onStarted action started
16 Apr 2026 22:51:49,762  INFO StartLogger - Prereading auto icons
16 Apr 2026 22:51:58,557  INFO StartLogger - Prereading auto icons finished, 0ms
16 Apr 2026 22:51:59,015  INFO SystemLogger - Setting hostname: null
16 Apr 2026 22:51:59,091  INFO StartLogger - Starting Scheduler
16 Apr 2026 22:51:59,163  INFO SystemLogger - Change current time snapshots to 2026-04-16T22:51:59.162780847, 2026-04-16T22:51:59.162873888Z
16 Apr 2026 22:51:59,643  INFO StartLogger - Executing onStarted action finished, 10321ms
16 Apr 2026 22:51:59,645  INFO StartLogger - Exporting RMI logics object (port: 7652) started
16 Apr 2026 22:51:59,655  INFO StartLogger - Exporting RMI logics object (port: 7652) finished, 11ms
16 Apr 2026 22:51:59,656  INFO SystemLogger - Binding ExternalHTTPServer
16 Apr 2026 22:51:59,683  INFO SystemLogger - Binding WebSocketServer
16 Apr 2026 22:51:59,697  INFO HttpServerLogger - RabbitMQServer: onStarted
16 Apr 2026 22:51:59,708  INFO StartLogger - Reading modules hash
16 Apr 2026 22:51:59,709  INFO StartLogger - Prereading caches for properties
16 Apr 2026 22:51:59,712  INFO StartLogger - Prereading caches for properties finished, 0ms
16 Apr 2026 22:51:59,715  INFO StartLogger - Comparing modulesHash: old f57dfed2, new 97366886
16 Apr 2026 22:51:59,718  INFO StartLogger - Synchronizing actions started
16 Apr 2026 22:51:59,719  INFO StartLogger - Synchronizing forms started
16 Apr 2026 22:51:59,719  INFO StartLogger - Synchronizing group properties started
16 Apr 2026 22:52:00,017  INFO StartLogger - Synchronizing forms finished, 298ms
16 Apr 2026 22:52:00,020  INFO StartLogger - Synchronizing group objects started
16 Apr 2026 22:52:00,469  INFO StartLogger - Synchronizing group properties finished, 750ms
16 Apr 2026 22:52:00,477  INFO StartLogger - Synchronizing group objects finished, 457ms
16 Apr 2026 22:52:00,478  INFO StartLogger - Migrating property draws started
16 Apr 2026 22:52:00,486  INFO StartLogger - Migrating property draws finished, 8ms
16 Apr 2026 22:52:00,489  INFO StartLogger - Synchronizing property draws started
16 Apr 2026 22:52:01,525  INFO StartLogger - Synchronizing property draws finished, 1036ms
16 Apr 2026 22:54:26,398  INFO StartLogger - Server is starting...
16 Apr 2026 22:54:26,532  INFO StartLogger - Current version: 6.2-SNAPSHOT (373)
16 Apr 2026 22:54:26,535  INFO StartLogger - Java version: 21.0.10
16 Apr 2026 22:54:26,540  INFO StartLogger - Class path: .:./*:../server.jar
16 Apr 2026 22:54:26,558  INFO StartLogger - JVM arguments: []
16 Apr 2026 22:54:28,128  INFO StartLogger - Logics instance is starting...
16 Apr 2026 22:54:28,168  INFO StartLogger - Initializing BusinessLogics
16 Apr 2026 22:54:28,204  INFO StartLogger - Initializing string literals data
16 Apr 2026 22:54:28,205  INFO StartLogger - Creating modules
16 Apr 2026 22:54:28,205  INFO StartLogger - Initializing localizer
16 Apr 2026 22:54:29,022  INFO StartLogger - Initializing dependencies
16 Apr 2026 22:54:29,488  INFO StartLogger - Initializing modules order
16 Apr 2026 22:54:29,498  INFO StartLogger - Initializing metacodes and classes
16 Apr 2026 22:54:30,964  INFO StartLogger - Initializing object class
16 Apr 2026 22:54:30,971  INFO StartLogger - Initializing tables
16 Apr 2026 22:54:31,180  INFO StartLogger - Initializing class tables
16 Apr 2026 22:54:31,494  INFO StartLogger - Initializing full tables with one key
16 Apr 2026 22:54:31,499  INFO StartLogger - Initializing main logic
16 Apr 2026 22:54:31,525  INFO StartLogger - Initializing main logic for module : #1 of 55 System (actual: 1)
16 Apr 2026 22:54:32,621  INFO StartLogger - Initializing main logic for module : #2 of 55 Time (actual: 2)
16 Apr 2026 22:54:32,622  INFO StartLogger - Initializing main logic for module : #3 of 55 AppMenu (actual: 32)
16 Apr 2026 22:54:32,625  INFO StartLogger - Initializing main logic for module : #5 of 55 Image (actual: 11)
16 Apr 2026 22:54:32,624  INFO StartLogger - Initializing main logic for module : #4 of 55 DefaultData (actual: 12)
16 Apr 2026 22:54:32,630  INFO StartLogger - Initializing main logic for module : #9 of 55 MasterData (actual: 7)
16 Apr 2026 22:54:32,630  INFO StartLogger - Initializing main logic for module : #8 of 55 Integration (actual: 46)
16 Apr 2026 22:54:32,629  INFO StartLogger - Initializing main logic for module : #7 of 55 Printer (actual: 10)
16 Apr 2026 22:54:32,626  INFO StartLogger - Initializing main logic for module : #6 of 55 UserEvents (actual: 15)
16 Apr 2026 22:54:32,647  INFO StartLogger - Initializing main logic for module : #13 of 55 Com (actual: 49)
16 Apr 2026 22:54:32,639  INFO StartLogger - Initializing main logic for module : #12 of 55 Numerator (actual: 13)
16 Apr 2026 22:54:32,639  INFO StartLogger - Initializing main logic for module : #11 of 55 Student (actual: 33)
16 Apr 2026 22:54:32,636  INFO StartLogger - Initializing main logic for module : #10 of 55 Discipline (actual: 34)
16 Apr 2026 22:54:32,671  INFO StartLogger - Initializing main logic for module : #14 of 55 Sound (actual: 27)
16 Apr 2026 22:54:32,696  INFO StartLogger - Initializing main logic for module : #15 of 55 ProcessUtils (actual: 29)
16 Apr 2026 22:54:33,571  INFO StartLogger - Initializing main logic for module : #16 of 55 Utils (actual: 3)
16 Apr 2026 22:54:33,638  INFO StartLogger - Initializing main logic for module : #17 of 55 Question (actual: 35)
16 Apr 2026 22:54:33,888  INFO StartLogger - Initializing main logic for module : #18 of 55 TestingSession (actual: 36)
16 Apr 2026 22:54:33,889  INFO StartLogger - Initializing main logic for module : #22 of 55 Schedule (actual: 55)
16 Apr 2026 22:54:33,889  INFO StartLogger - Initializing main logic for module : #21 of 55 Authentication (actual: 4)
16 Apr 2026 22:54:33,888  INFO StartLogger - Initializing main logic for module : #20 of 55 I18n (actual: 26)
16 Apr 2026 22:54:33,888  INFO StartLogger - Initializing main logic for module : #19 of 55 Excel (actual: 18)
16 Apr 2026 22:54:33,889  INFO StartLogger - Initializing main logic for module : #23 of 55 Hierarchy (actual: 17)
16 Apr 2026 22:54:33,965  INFO StartLogger - Initializing main logic for module : #24 of 55 PerformanceReport (actual: 37)
16 Apr 2026 22:54:34,369  INFO StartLogger - Initializing main logic for module : #25 of 55 Historizable (actual: 16)
16 Apr 2026 22:54:34,370  INFO StartLogger - Initializing main logic for module : #28 of 55 Reflection (actual: 5)
16 Apr 2026 22:54:34,370  INFO StartLogger - Initializing main logic for module : #27 of 55 Document (actual: 14)
16 Apr 2026 22:54:34,370  INFO StartLogger - Initializing main logic for module : #26 of 55 ProcessMonitor (actual: 44)
16 Apr 2026 22:54:34,576  INFO StartLogger - Initializing main logic for module : #29 of 55 Messenger (actual: 24)
16 Apr 2026 22:54:34,576  INFO StartLogger - Initializing main logic for module : #30 of 55 SystemEvents (actual: 6)
16 Apr 2026 22:54:34,622  INFO StartLogger - Initializing main logic for module : #31 of 55 Viber (actual: 31)
16 Apr 2026 22:54:34,630  INFO StartLogger - Initializing main logic for module : #32 of 55 Slack (actual: 39)
16 Apr 2026 22:54:34,643  INFO StartLogger - Initializing main logic for module : #34 of 55 Whatsapp (actual: 25)
16 Apr 2026 22:54:34,636  INFO StartLogger - Initializing main logic for module : #33 of 55 Telegram (actual: 50)
16 Apr 2026 22:54:34,647  INFO StartLogger - Initializing main logic for module : #35 of 55 Skype (actual: 53)
16 Apr 2026 22:54:34,923  INFO StartLogger - Initializing main logic for module : #36 of 55 Icon (actual: 40)
16 Apr 2026 22:54:34,924  INFO StartLogger - Initializing main logic for module : #37 of 55 Chart (actual: 48)
16 Apr 2026 22:54:34,924  INFO StartLogger - Initializing main logic for module : #38 of 55 Carousel (actual: 9)
16 Apr 2026 22:54:34,924  INFO StartLogger - Initializing main logic for module : #39 of 55 WebSocket (actual: 51)
16 Apr 2026 22:54:34,924  INFO StartLogger - Initializing main logic for module : #40 of 55 Geo (actual: 30)
16 Apr 2026 22:54:34,924  INFO StartLogger - Initializing main logic for module : #41 of 55 FrappeGantt (actual: 41)
16 Apr 2026 22:54:34,930  INFO StartLogger - Initializing main logic for module : #44 of 55 Word (actual: 8)
16 Apr 2026 22:54:34,929  INFO StartLogger - Initializing main logic for module : #43 of 55 Email (actual: 19)
16 Apr 2026 22:54:34,937  INFO StartLogger - Initializing main logic for module : #46 of 55 QZTray (actual: 28)
16 Apr 2026 22:54:34,928  INFO StartLogger - Initializing main logic for module : #42 of 55 RabbitMQ (actual: 52)
16 Apr 2026 22:54:34,930  INFO StartLogger - Initializing main logic for module : #45 of 55 OpenCV (actual: 54)
16 Apr 2026 22:54:34,947  INFO StartLogger - Initializing main logic for module : #47 of 55 JKanban (actual: 38)
16 Apr 2026 22:54:35,074  INFO StartLogger - Initializing main logic for module : #48 of 55 Security (actual: 20)
16 Apr 2026 22:54:35,241  INFO StartLogger - Initializing main logic for module : #49 of 55 Service (actual: 21)
16 Apr 2026 22:54:35,573  INFO StartLogger - Initializing main logic for module : #50 of 55 SQLUtils (actual: 45)
16 Apr 2026 22:54:35,574  INFO StartLogger - Initializing main logic for module : #53 of 55 Profiler (actual: 22)
16 Apr 2026 22:54:35,574  INFO StartLogger - Initializing main logic for module : #52 of 55 Chat (actual: 47)
16 Apr 2026 22:54:35,574  INFO StartLogger - Initializing main logic for module : #51 of 55 Scheduler (actual: 42)
16 Apr 2026 22:54:35,575  INFO StartLogger - Initializing main logic for module : #54 of 55 Eval (actual: 23)
16 Apr 2026 22:54:35,872  INFO StartLogger - Initializing main logic for module : #55 of 55 Backup (actual: 43)
16 Apr 2026 22:54:35,951  INFO StartLogger - Finalizing groups
16 Apr 2026 22:54:35,951  INFO StartLogger - Checking for duplicate elements
16 Apr 2026 22:54:35,951  INFO StartLogger - Finalizing classes
16 Apr 2026 22:54:36,049  INFO StartLogger - Initializing class dialog forms
16 Apr 2026 22:54:36,050  INFO StartLogger - Filling implicit cases
16 Apr 2026 22:54:36,054  INFO StartLogger - Initializing abstract properties
16 Apr 2026 22:54:36,054  INFO StartLogger - Finalizing abstract actions
16 Apr 2026 22:54:36,559  INFO StartLogger - Checking abstract
16 Apr 2026 22:54:36,561  INFO StartLogger - Initializing class aggr props
16 Apr 2026 22:54:36,561  INFO StartLogger - Initializing fields for data and materialized properties
16 Apr 2026 22:54:36,561  INFO StartLogger - Looking for recursions in abstract actions
16 Apr 2026 22:54:37,389  INFO StartLogger - Setting up drill-down
16 Apr 2026 22:54:37,667  INFO StartLogger - Finalizing navigator elements
16 Apr 2026 22:54:37,701  INFO StartLogger - Setting up property policy
16 Apr 2026 22:54:37,855  INFO StartLogger - Setting up action policy
16 Apr 2026 22:54:37,857  INFO StartLogger - Finalizing tables
16 Apr 2026 22:54:37,861  INFO StartLogger - Initializing indices
16 Apr 2026 22:54:37,920  INFO StartLogger - Initializing reflection events
16 Apr 2026 22:54:40,591  INFO StartLogger - Setting user logging for properties
16 Apr 2026 22:54:40,645  INFO StartLogger - Setting user materialized for properties
16 Apr 2026 22:54:40,657  INFO StartLogger - Setting user not null constraints for properties
16 Apr 2026 22:54:40,671  INFO StartLogger - Disabling input list
16 Apr 2026 22:54:40,692  INFO StartLogger - Setting user select for properties
16 Apr 2026 22:54:40,706  INFO StartLogger - Setting up loggables
16 Apr 2026 22:54:40,707  INFO StartLogger - Initializing class data indexes
16 Apr 2026 22:54:40,707  INFO StartLogger - Finalizing forms
16 Apr 2026 22:54:40,796  INFO StartLogger - Finalizing properties
16 Apr 2026 22:54:40,836  INFO StartLogger - Synchronizing DB
16 Apr 2026 22:54:40,910  INFO StartLogger - Checking indexes
16 Apr 2026 22:54:40,927  INFO StartLogger - Applying migration script (0.0 -> 0.0)
16 Apr 2026 22:54:41,001  INFO StartLogger - Creating tables
16 Apr 2026 22:54:41,026  INFO StartLogger - Updating stats
16 Apr 2026 22:54:41,067  INFO StartLogger - Adding indexes
16 Apr 2026 22:54:41,069  INFO StartLogger - Packing tables
16 Apr 2026 22:54:41,070  INFO StartLogger - Filling static objects ids
16 Apr 2026 22:54:41,307  INFO StartLogger - Prereading form property events
16 Apr 2026 22:54:41,660  INFO StartLogger - Initializing lazy properties
16 Apr 2026 22:54:41,716  INFO StartLogger - Looking for recursions in abstract properties
16 Apr 2026 22:54:41,717  INFO StartLogger - Reading global events / materialized properties links
16 Apr 2026 22:54:42,851  INFO StartLogger - Building global events / materialized properties list
16 Apr 2026 22:54:42,972  INFO StartLogger - Reading local events links
16 Apr 2026 22:54:43,148  INFO StartLogger - Building local events list
16 Apr 2026 22:54:43,237  INFO StartLogger - Writing static objects changes
16 Apr 2026 22:54:44,045  INFO StartLogger - Migrating reflection properties and actions
16 Apr 2026 22:54:44,093  INFO StartLogger - Recalculating materializations
16 Apr 2026 22:54:44,496  INFO StartLogger - Initializing security manager
16 Apr 2026 22:54:44,497  INFO StartLogger - Starting security manager
16 Apr 2026 22:54:44,614  INFO StartLogger - Starting RMI manager
16 Apr 2026 22:54:44,641  INFO StartLogger - Executing onInit action started
16 Apr 2026 22:54:44,641  INFO StartLogger - Initializing actions' debugger
16 Apr 2026 22:54:44,641  INFO StartLogger - Synchronizing icons
16 Apr 2026 22:54:45,102  INFO StartLogger - Executing onInit action finished, 461ms
16 Apr 2026 22:54:45,108  INFO StartLogger - Executing onStarted action started
16 Apr 2026 22:54:45,432  INFO StartLogger - Prereading auto icons
16 Apr 2026 22:54:55,941  INFO SystemLogger - Setting hostname: null
16 Apr 2026 22:54:56,088  INFO StartLogger - Starting Scheduler
16 Apr 2026 22:54:56,270  INFO SystemLogger - Change current time snapshots to 2026-04-16T22:54:56.262299845, 2026-04-16T22:54:56.262434720Z
16 Apr 2026 22:54:57,095  INFO StartLogger - Prereading auto icons finished, 0ms
16 Apr 2026 22:54:57,277  INFO StartLogger - Executing onStarted action finished, 12169ms
16 Apr 2026 22:54:57,278  INFO StartLogger - Exporting RMI logics object (port: 7652) started
16 Apr 2026 22:54:57,293  INFO StartLogger - Exporting RMI logics object (port: 7652) finished, 15ms
16 Apr 2026 22:54:57,295  INFO SystemLogger - Binding ExternalHTTPServer
16 Apr 2026 22:54:57,326  INFO SystemLogger - Binding WebSocketServer
16 Apr 2026 22:54:57,335  INFO HttpServerLogger - RabbitMQServer: onStarted
16 Apr 2026 22:54:57,346  INFO StartLogger - Prereading caches for properties
16 Apr 2026 22:54:57,346  INFO StartLogger - Reading modules hash
16 Apr 2026 22:54:57,347  INFO StartLogger - Prereading caches for properties finished, 0ms
16 Apr 2026 22:54:57,353  INFO StartLogger - Comparing modulesHash: old f57dfed2, new 1f9778bc
16 Apr 2026 22:54:57,357  INFO StartLogger - Synchronizing actions started
16 Apr 2026 22:54:57,357  INFO StartLogger - Synchronizing forms started
16 Apr 2026 22:54:57,358  INFO StartLogger - Synchronizing group properties started
16 Apr 2026 22:54:57,644  INFO StartLogger - Synchronizing forms finished, 287ms
16 Apr 2026 22:54:57,647  INFO StartLogger - Synchronizing group objects started
16 Apr 2026 22:54:58,110  INFO StartLogger - Synchronizing group objects finished, 463ms
16 Apr 2026 22:54:58,115  INFO StartLogger - Migrating property draws started
16 Apr 2026 22:54:58,127  INFO StartLogger - Migrating property draws finished, 12ms
16 Apr 2026 22:54:58,131  INFO StartLogger - Synchronizing property draws started
16 Apr 2026 22:54:58,168  INFO StartLogger - Synchronizing group properties finished, 811ms
16 Apr 2026 22:54:59,237  INFO StartLogger - Synchronizing property draws finished, 1106ms
16 Apr 2026 22:59:03,778  INFO StartLogger - Server is starting...
16 Apr 2026 22:59:03,996  INFO StartLogger - Current version: 6.2-SNAPSHOT (373)
16 Apr 2026 22:59:03,999  INFO StartLogger - Java version: 21.0.10
16 Apr 2026 22:59:04,000  INFO StartLogger - Class path: .:./*:../server.jar
16 Apr 2026 22:59:04,017  INFO StartLogger - JVM arguments: []
16 Apr 2026 22:59:05,842  INFO StartLogger - Logics instance is starting...
16 Apr 2026 22:59:05,873  INFO StartLogger - Initializing BusinessLogics
16 Apr 2026 22:59:05,914  INFO StartLogger - Initializing string literals data
16 Apr 2026 22:59:05,915  INFO StartLogger - Creating modules
16 Apr 2026 22:59:05,914  INFO StartLogger - Initializing localizer
16 Apr 2026 22:59:08,400  INFO StartLogger - Initializing dependencies
16 Apr 2026 22:59:08,877  INFO StartLogger - Initializing modules order
16 Apr 2026 22:59:08,889  INFO StartLogger - Initializing metacodes and classes
16 Apr 2026 22:59:10,040  INFO StartLogger - Initializing object class
16 Apr 2026 22:59:10,090  INFO StartLogger - Initializing tables
16 Apr 2026 22:59:10,282  INFO StartLogger - Initializing class tables
16 Apr 2026 22:59:10,520  INFO StartLogger - Initializing full tables with one key
16 Apr 2026 22:59:10,534  INFO StartLogger - Initializing main logic
16 Apr 2026 22:59:10,580  INFO StartLogger - Initializing main logic for module : #1 of 55 System (actual: 1)
16 Apr 2026 22:59:11,576  INFO StartLogger - Initializing main logic for module : #2 of 55 UserEvents (actual: 15)
16 Apr 2026 22:59:11,577  INFO StartLogger - Initializing main logic for module : #4 of 55 Sound (actual: 27)
16 Apr 2026 22:59:11,576  INFO StartLogger - Initializing main logic for module : #3 of 55 ProcessUtils (actual: 29)
16 Apr 2026 22:59:11,581  INFO StartLogger - Initializing main logic for module : #6 of 55 MasterData (actual: 7)
16 Apr 2026 22:59:11,578  INFO StartLogger - Initializing main logic for module : #5 of 55 AppMenu (actual: 32)
16 Apr 2026 22:59:11,582  INFO StartLogger - Initializing main logic for module : #9 of 55 Printer (actual: 10)
16 Apr 2026 22:59:11,582  INFO StartLogger - Initializing main logic for module : #8 of 55 Time (actual: 2)
16 Apr 2026 22:59:11,583  INFO StartLogger - Initializing main logic for module : #10 of 55 Image (actual: 11)
16 Apr 2026 22:59:11,590  INFO StartLogger - Initializing main logic for module : #12 of 55 Discipline (actual: 34)
16 Apr 2026 22:59:11,588  INFO StartLogger - Initializing main logic for module : #11 of 55 Integration (actual: 46)
16 Apr 2026 22:59:11,582  INFO StartLogger - Initializing main logic for module : #7 of 55 DefaultData (actual: 12)
16 Apr 2026 22:59:11,596  INFO StartLogger - Initializing main logic for module : #13 of 55 Student (actual: 33)
16 Apr 2026 22:59:11,615  INFO StartLogger - Initializing main logic for module : #14 of 55 Numerator (actual: 13)
16 Apr 2026 22:59:11,621  INFO StartLogger - Initializing main logic for module : #15 of 55 Com (actual: 49)
16 Apr 2026 22:59:12,543  INFO StartLogger - Initializing main logic for module : #16 of 55 Question (actual: 35)
16 Apr 2026 22:59:12,562  INFO StartLogger - Initializing main logic for module : #17 of 55 Utils (actual: 3)
16 Apr 2026 22:59:12,905  INFO StartLogger - Initializing main logic for module : #18 of 55 I18n (actual: 26)
16 Apr 2026 22:59:12,905  INFO StartLogger - Initializing main logic for module : #19 of 55 TestingSession (actual: 36)
16 Apr 2026 22:59:12,906  INFO StartLogger - Initializing main logic for module : #20 of 55 Schedule (actual: 55)
16 Apr 2026 22:59:12,909  INFO StartLogger - Initializing main logic for module : #21 of 55 Authentication (actual: 4)
16 Apr 2026 22:59:12,911  INFO StartLogger - Initializing main logic for module : #22 of 55 Excel (actual: 18)
16 Apr 2026 22:59:12,912  INFO StartLogger - Initializing main logic for module : #23 of 55 Hierarchy (actual: 17)
16 Apr 2026 22:59:12,955  INFO StartLogger - Initializing main logic for module : #24 of 55 PerformanceReport (actual: 37)
16 Apr 2026 22:59:13,309  INFO StartLogger - Initializing main logic for module : #25 of 55 Historizable (actual: 16)
16 Apr 2026 22:59:13,310  INFO StartLogger - Initializing main logic for module : #26 of 55 Document (actual: 14)
16 Apr 2026 22:59:13,310  INFO StartLogger - Initializing main logic for module : #27 of 55 ProcessMonitor (actual: 44)
16 Apr 2026 22:59:13,311  INFO StartLogger - Initializing main logic for module : #28 of 55 Reflection (actual: 5)
16 Apr 2026 22:59:13,620  INFO StartLogger - Initializing main logic for module : #29 of 55 Messenger (actual: 24)
16 Apr 2026 22:59:13,620  INFO StartLogger - Initializing main logic for module : #30 of 55 SystemEvents (actual: 6)
16 Apr 2026 22:59:13,651  INFO StartLogger - Initializing main logic for module : #31 of 55 Slack (actual: 39)
16 Apr 2026 22:59:13,652  INFO StartLogger - Initializing main logic for module : #32 of 55 Telegram (actual: 50)
16 Apr 2026 22:59:13,654  INFO StartLogger - Initializing main logic for module : #35 of 55 Whatsapp (actual: 25)
16 Apr 2026 22:59:13,651  INFO StartLogger - Initializing main logic for module : #34 of 55 Skype (actual: 53)
16 Apr 2026 22:59:13,651  INFO StartLogger - Initializing main logic for module : #33 of 55 Viber (actual: 31)
16 Apr 2026 22:59:13,989  INFO StartLogger - Initializing main logic for module : #36 of 55 WebSocket (actual: 51)
16 Apr 2026 22:59:13,989  INFO StartLogger - Initializing main logic for module : #37 of 55 OpenCV (actual: 54)
16 Apr 2026 22:59:13,989  INFO StartLogger - Initializing main logic for module : #38 of 55 Word (actual: 8)
16 Apr 2026 22:59:13,990  INFO StartLogger - Initializing main logic for module : #39 of 55 JKanban (actual: 38)
16 Apr 2026 22:59:13,990  INFO StartLogger - Initializing main logic for module : #40 of 55 FrappeGantt (actual: 41)
16 Apr 2026 22:59:13,992  INFO StartLogger - Initializing main logic for module : #43 of 55 Email (actual: 19)
16 Apr 2026 22:59:13,992  INFO StartLogger - Initializing main logic for module : #42 of 55 QZTray (actual: 28)
16 Apr 2026 22:59:13,992  INFO StartLogger - Initializing main logic for module : #41 of 55 Chart (actual: 48)
16 Apr 2026 22:59:14,003  INFO StartLogger - Initializing main logic for module : #46 of 55 RabbitMQ (actual: 52)
16 Apr 2026 22:59:13,997  INFO StartLogger - Initializing main logic for module : #45 of 55 Geo (actual: 30)
16 Apr 2026 22:59:14,003  INFO StartLogger - Initializing main logic for module : #47 of 55 Carousel (actual: 9)
16 Apr 2026 22:59:13,996  INFO StartLogger - Initializing main logic for module : #44 of 55 Icon (actual: 40)
16 Apr 2026 22:59:14,171  INFO StartLogger - Initializing main logic for module : #48 of 55 Security (actual: 20)
16 Apr 2026 22:59:14,350  INFO StartLogger - Initializing main logic for module : #49 of 55 Service (actual: 21)
16 Apr 2026 22:59:14,638  INFO StartLogger - Initializing main logic for module : #50 of 55 Profiler (actual: 22)
16 Apr 2026 22:59:14,639  INFO StartLogger - Initializing main logic for module : #52 of 55 Eval (actual: 23)
16 Apr 2026 22:59:14,638  INFO StartLogger - Initializing main logic for module : #51 of 55 SQLUtils (actual: 45)
16 Apr 2026 22:59:14,644  INFO StartLogger - Initializing main logic for module : #54 of 55 Chat (actual: 47)
16 Apr 2026 22:59:14,639  INFO StartLogger - Initializing main logic for module : #53 of 55 Scheduler (actual: 42)
16 Apr 2026 22:59:14,823  INFO StartLogger - Initializing main logic for module : #55 of 55 Backup (actual: 43)
16 Apr 2026 22:59:14,853  INFO StartLogger - Finalizing groups
16 Apr 2026 22:59:14,853  INFO StartLogger - Finalizing classes
16 Apr 2026 22:59:14,853  INFO StartLogger - Checking for duplicate elements
16 Apr 2026 22:59:14,897  INFO StartLogger - Initializing class dialog forms
16 Apr 2026 22:59:14,897  INFO StartLogger - Filling implicit cases
16 Apr 2026 22:59:14,903  INFO StartLogger - Finalizing abstract actions
16 Apr 2026 22:59:14,903  INFO StartLogger - Initializing abstract properties
16 Apr 2026 22:59:14,982  INFO StartLogger - Looking for recursions in abstract actions
16 Apr 2026 22:59:14,982  INFO StartLogger - Initializing class aggr props
16 Apr 2026 22:59:14,982  INFO StartLogger - Checking abstract
16 Apr 2026 22:59:14,982  INFO StartLogger - Initializing fields for data and materialized properties
16 Apr 2026 22:59:15,332  INFO StartLogger - Setting up drill-down
16 Apr 2026 22:59:15,338  INFO StartLogger - Setting up property policy
16 Apr 2026 22:59:15,353  INFO StartLogger - Finalizing navigator elements
16 Apr 2026 22:59:15,493  INFO StartLogger - Finalizing tables
16 Apr 2026 22:59:15,493  INFO StartLogger - Initializing indices
16 Apr 2026 22:59:15,560  INFO StartLogger - Setting up action policy
16 Apr 2026 22:59:15,730  INFO StartLogger - Initializing reflection events
16 Apr 2026 22:59:17,173  INFO StartLogger - Setting user logging for properties
16 Apr 2026 22:59:17,227  INFO StartLogger - Setting user materialized for properties
16 Apr 2026 22:59:17,235  INFO StartLogger - Setting user not null constraints for properties
16 Apr 2026 22:59:17,249  INFO StartLogger - Disabling input list
16 Apr 2026 22:59:17,260  INFO StartLogger - Setting user select for properties
16 Apr 2026 22:59:17,274  INFO StartLogger - Setting up loggables
16 Apr 2026 22:59:17,274  INFO StartLogger - Finalizing forms
16 Apr 2026 22:59:17,274  INFO StartLogger - Initializing class data indexes
16 Apr 2026 22:59:17,345  INFO StartLogger - Finalizing properties
16 Apr 2026 22:59:17,387  INFO StartLogger - Synchronizing DB
16 Apr 2026 22:59:17,444  INFO StartLogger - Checking indexes
16 Apr 2026 22:59:17,457  INFO StartLogger - Applying migration script (0.0 -> 0.0)
16 Apr 2026 22:59:17,583  INFO StartLogger - Creating tables
16 Apr 2026 22:59:17,594  INFO StartLogger - Updating stats
16 Apr 2026 22:59:17,635  INFO StartLogger - Adding indexes
16 Apr 2026 22:59:17,637  INFO StartLogger - Packing tables
16 Apr 2026 22:59:17,637  INFO StartLogger - Filling static objects ids
16 Apr 2026 22:59:17,883  INFO StartLogger - Prereading form property events
16 Apr 2026 22:59:18,274  INFO StartLogger - Initializing lazy properties
16 Apr 2026 22:59:18,331  INFO StartLogger - Looking for recursions in abstract properties
16 Apr 2026 22:59:18,331  INFO StartLogger - Reading global events / materialized properties links
16 Apr 2026 22:59:19,546  INFO StartLogger - Building global events / materialized properties list
16 Apr 2026 22:59:19,613  INFO StartLogger - Reading local events links
16 Apr 2026 22:59:19,657  INFO StartLogger - Building local events list
16 Apr 2026 22:59:19,698  INFO StartLogger - Writing static objects changes
16 Apr 2026 22:59:20,780  INFO StartLogger - Migrating reflection properties and actions
16 Apr 2026 22:59:20,894  INFO StartLogger - Recalculating materializations
16 Apr 2026 22:59:21,511  INFO StartLogger - Initializing security manager
16 Apr 2026 22:59:21,515  INFO StartLogger - Starting security manager
16 Apr 2026 22:59:21,827  INFO StartLogger - Starting RMI manager
16 Apr 2026 22:59:21,921  INFO StartLogger - Initializing actions' debugger
16 Apr 2026 22:59:21,922  INFO StartLogger - Synchronizing icons
16 Apr 2026 22:59:21,922  INFO StartLogger - Executing onInit action started
16 Apr 2026 22:59:22,752  INFO StartLogger - Executing onInit action finished, 829ms
16 Apr 2026 22:59:23,136  INFO StartLogger - Executing onStarted action started
16 Apr 2026 22:59:24,510  INFO StartLogger - Prereading auto icons
16 Apr 2026 22:59:33,303  INFO StartLogger - Prereading auto icons finished, 0ms
16 Apr 2026 22:59:33,681  INFO SystemLogger - Setting hostname: null
16 Apr 2026 22:59:33,719  INFO StartLogger - Starting Scheduler
16 Apr 2026 22:59:33,780  INFO SystemLogger - Change current time snapshots to 2026-04-16T22:59:33.779950043, 2026-04-16T22:59:33.780018376Z
16 Apr 2026 22:59:34,136  INFO StartLogger - Executing onStarted action finished, 11000ms
16 Apr 2026 22:59:34,137  INFO StartLogger - Exporting RMI logics object (port: 7652) started
16 Apr 2026 22:59:34,145  INFO StartLogger - Exporting RMI logics object (port: 7652) finished, 8ms
16 Apr 2026 22:59:34,146  INFO SystemLogger - Binding ExternalHTTPServer
16 Apr 2026 22:59:34,163  INFO SystemLogger - Binding WebSocketServer
16 Apr 2026 22:59:34,179  INFO HttpServerLogger - RabbitMQServer: onStarted
16 Apr 2026 22:59:34,186  INFO StartLogger - Reading modules hash
16 Apr 2026 22:59:34,186  INFO StartLogger - Prereading caches for properties
16 Apr 2026 22:59:34,188  INFO StartLogger - Prereading caches for properties finished, 0ms
16 Apr 2026 22:59:34,190  INFO StartLogger - Comparing modulesHash: old f57dfed2, new 51345c1f
16 Apr 2026 22:59:34,191  INFO StartLogger - Synchronizing forms started
16 Apr 2026 22:59:34,191  INFO StartLogger - Synchronizing group properties started
16 Apr 2026 22:59:34,192  INFO StartLogger - Synchronizing actions started
16 Apr 2026 22:59:34,839  INFO StartLogger - Synchronizing group properties finished, 648ms
16 Apr 2026 22:59:35,354  INFO StartLogger - Synchronizing forms finished, 1163ms
16 Apr 2026 22:59:35,356  INFO StartLogger - Synchronizing group objects started
16 Apr 2026 22:59:36,402  INFO StartLogger - Synchronizing group objects finished, 1045ms
16 Apr 2026 22:59:36,403  INFO StartLogger - Migrating property draws started
16 Apr 2026 22:59:36,412  INFO StartLogger - Migrating property draws finished, 9ms
16 Apr 2026 22:59:36,415  INFO StartLogger - Synchronizing property draws started
16 Apr 2026 23:04:19,508  INFO StartLogger - Server is starting...
16 Apr 2026 23:04:20,044  INFO StartLogger - Current version: 6.2-SNAPSHOT (373)
16 Apr 2026 23:04:20,049  INFO StartLogger - Java version: 21.0.10
16 Apr 2026 23:04:20,051  INFO StartLogger - Class path: .:./*:../server.jar
16 Apr 2026 23:04:20,090  INFO StartLogger - JVM arguments: []
16 Apr 2026 23:04:25,649  INFO StartLogger - Logics instance is starting...
16 Apr 2026 23:04:25,690  INFO StartLogger - Initializing BusinessLogics
16 Apr 2026 23:04:25,743  INFO StartLogger - Initializing string literals data
16 Apr 2026 23:04:25,745  INFO StartLogger - Initializing localizer
16 Apr 2026 23:04:25,746  INFO StartLogger - Creating modules
16 Apr 2026 23:04:26,949  INFO StartLogger - Initializing dependencies
16 Apr 2026 23:04:27,324  INFO StartLogger - Initializing modules order
16 Apr 2026 23:04:27,336  INFO StartLogger - Initializing metacodes and classes
16 Apr 2026 23:04:28,294  INFO StartLogger - Initializing object class
16 Apr 2026 23:04:28,306  INFO StartLogger - Initializing tables
16 Apr 2026 23:04:28,425  INFO StartLogger - Initializing class tables
16 Apr 2026 23:04:28,626  INFO StartLogger - Initializing full tables with one key
16 Apr 2026 23:04:28,634  INFO StartLogger - Initializing main logic
16 Apr 2026 23:04:28,664  INFO StartLogger - Initializing main logic for module : #1 of 55 System (actual: 1)
16 Apr 2026 23:04:29,823  INFO StartLogger - Initializing main logic for module : #2 of 55 UserEvents (actual: 15)
16 Apr 2026 23:04:29,824  INFO StartLogger - Initializing main logic for module : #4 of 55 Printer (actual: 10)
16 Apr 2026 23:04:29,824  INFO StartLogger - Initializing main logic for module : #5 of 55 Com (actual: 49)
16 Apr 2026 23:04:29,824  INFO StartLogger - Initializing main logic for module : #3 of 55 Image (actual: 11)
16 Apr 2026 23:04:29,832  INFO StartLogger - Initializing main logic for module : #6 of 55 Integration (actual: 46)
16 Apr 2026 23:04:29,833  INFO StartLogger - Initializing main logic for module : #7 of 55 AppMenu (actual: 32)
16 Apr 2026 23:04:29,835  INFO StartLogger - Initializing main logic for module : #8 of 55 ProcessUtils (actual: 29)
16 Apr 2026 23:04:29,837  INFO StartLogger - Initializing main logic for module : #10 of 55 MasterData (actual: 7)
16 Apr 2026 23:04:29,837  INFO StartLogger - Initializing main logic for module : #9 of 55 Time (actual: 2)
16 Apr 2026 23:04:29,844  INFO StartLogger - Initializing main logic for module : #14 of 55 Sound (actual: 27)
16 Apr 2026 23:04:29,841  INFO StartLogger - Initializing main logic for module : #13 of 55 Discipline (actual: 34)
16 Apr 2026 23:04:29,839  INFO StartLogger - Initializing main logic for module : #12 of 55 Student (actual: 33)
16 Apr 2026 23:04:29,839  INFO StartLogger - Initializing main logic for module : #11 of 55 DefaultData (actual: 12)
16 Apr 2026 23:04:29,875  INFO StartLogger - Initializing main logic for module : #15 of 55 Numerator (actual: 13)
16 Apr 2026 23:04:30,793  INFO StartLogger - Initializing main logic for module : #16 of 55 Question (actual: 35)
16 Apr 2026 23:04:30,811  INFO StartLogger - Initializing main logic for module : #17 of 55 Utils (actual: 3)
16 Apr 2026 23:04:31,160  INFO StartLogger - Initializing main logic for module : #18 of 55 TestingSession (actual: 36)
16 Apr 2026 23:04:31,168  INFO StartLogger - Initializing main logic for module : #19 of 55 Excel (actual: 18)
16 Apr 2026 23:04:31,180  INFO StartLogger - Initializing main logic for module : #21 of 55 Hierarchy (actual: 17)
16 Apr 2026 23:04:31,182  INFO StartLogger - Initializing main logic for module : #23 of 55 Schedule (actual: 55)
16 Apr 2026 23:04:31,178  INFO StartLogger - Initializing main logic for module : #20 of 55 I18n (actual: 26)
16 Apr 2026 23:04:31,181  INFO StartLogger - Initializing main logic for module : #22 of 55 Authentication (actual: 4)
16 Apr 2026 23:04:31,242  INFO StartLogger - Initializing main logic for module : #24 of 55 PerformanceReport (actual: 37)
16 Apr 2026 23:04:31,560  INFO StartLogger - Initializing main logic for module : #25 of 55 Document (actual: 14)
16 Apr 2026 23:04:31,562  INFO StartLogger - Initializing main logic for module : #27 of 55 Historizable (actual: 16)
16 Apr 2026 23:04:31,564  INFO StartLogger - Initializing main logic for module : #28 of 55 Reflection (actual: 5)
16 Apr 2026 23:04:31,561  INFO StartLogger - Initializing main logic for module : #26 of 55 ProcessMonitor (actual: 44)
16 Apr 2026 23:04:31,819  INFO StartLogger - Initializing main logic for module : #29 of 55 Messenger (actual: 24)
16 Apr 2026 23:04:31,823  INFO StartLogger - Initializing main logic for module : #30 of 55 SystemEvents (actual: 6)
16 Apr 2026 23:04:31,863  INFO StartLogger - Initializing main logic for module : #31 of 55 Skype (actual: 53)
16 Apr 2026 23:04:31,864  INFO StartLogger - Initializing main logic for module : #32 of 55 Slack (actual: 39)
16 Apr 2026 23:04:31,866  INFO StartLogger - Initializing main logic for module : #33 of 55 Telegram (actual: 50)
16 Apr 2026 23:04:31,877  INFO StartLogger - Initializing main logic for module : #35 of 55 Viber (actual: 31)
16 Apr 2026 23:04:31,870  INFO StartLogger - Initializing main logic for module : #34 of 55 Whatsapp (actual: 25)
16 Apr 2026 23:04:32,169  INFO StartLogger - Initializing main logic for module : #36 of 55 WebSocket (actual: 51)
16 Apr 2026 23:04:32,170  INFO StartLogger - Initializing main logic for module : #38 of 55 Email (actual: 19)
16 Apr 2026 23:04:32,173  INFO StartLogger - Initializing main logic for module : #39 of 55 Icon (actual: 40)
16 Apr 2026 23:04:32,173  INFO StartLogger - Initializing main logic for module : #41 of 55 Geo (actual: 30)
16 Apr 2026 23:04:32,170  INFO StartLogger - Initializing main logic for module : #37 of 55 Word (actual: 8)
16 Apr 2026 23:04:32,179  INFO StartLogger - Initializing main logic for module : #43 of 55 RabbitMQ (actual: 52)
16 Apr 2026 23:04:32,173  INFO StartLogger - Initializing main logic for module : #40 of 55 QZTray (actual: 28)
16 Apr 2026 23:04:32,192  INFO StartLogger - Initializing main logic for module : #44 of 55 OpenCV (actual: 54)
16 Apr 2026 23:04:32,178  INFO StartLogger - Initializing main logic for module : #42 of 55 Carousel (actual: 9)
16 Apr 2026 23:04:32,317  INFO StartLogger - Initializing main logic for module : #45 of 55 FrappeGantt (actual: 41)
16 Apr 2026 23:04:32,320  INFO StartLogger - Initializing main logic for module : #46 of 55 JKanban (actual: 38)
16 Apr 2026 23:04:32,321  INFO StartLogger - Initializing main logic for module : #47 of 55 Chart (actual: 48)
16 Apr 2026 23:04:32,487  INFO StartLogger - Initializing main logic for module : #48 of 55 Security (actual: 20)
16 Apr 2026 23:04:32,674  INFO StartLogger - Initializing main logic for module : #49 of 55 Service (actual: 21)
16 Apr 2026 23:04:32,979  INFO StartLogger - Initializing main logic for module : #50 of 55 Profiler (actual: 22)
16 Apr 2026 23:04:32,980  INFO StartLogger - Initializing main logic for module : #53 of 55 Eval (actual: 23)
16 Apr 2026 23:04:32,980  INFO StartLogger - Initializing main logic for module : #52 of 55 Chat (actual: 47)
16 Apr 2026 23:04:32,985  INFO StartLogger - Initializing main logic for module : #54 of 55 Scheduler (actual: 42)
16 Apr 2026 23:04:32,979  INFO StartLogger - Initializing main logic for module : #51 of 55 SQLUtils (actual: 45)
16 Apr 2026 23:04:33,113  INFO StartLogger - Initializing main logic for module : #55 of 55 Backup (actual: 43)
16 Apr 2026 23:04:33,258  INFO StartLogger - Finalizing groups
16 Apr 2026 23:04:33,260  INFO StartLogger - Checking for duplicate elements
16 Apr 2026 23:04:33,266  INFO StartLogger - Finalizing classes
16 Apr 2026 23:04:33,325  INFO StartLogger - Initializing class dialog forms
16 Apr 2026 23:04:33,325  INFO StartLogger - Filling implicit cases
16 Apr 2026 23:04:33,330  INFO StartLogger - Finalizing abstract actions
16 Apr 2026 23:04:33,330  INFO StartLogger - Initializing abstract properties
16 Apr 2026 23:04:33,525  INFO StartLogger - Initializing fields for data and materialized properties
16 Apr 2026 23:04:33,526  INFO StartLogger - Initializing class aggr props
16 Apr 2026 23:04:33,528  INFO StartLogger - Checking abstract
16 Apr 2026 23:04:33,530  INFO StartLogger - Looking for recursions in abstract actions
16 Apr 2026 23:04:33,875  INFO StartLogger - Finalizing navigator elements
16 Apr 2026 23:04:33,878  INFO StartLogger - Setting up property policy
16 Apr 2026 23:04:33,886  INFO StartLogger - Setting up drill-down
16 Apr 2026 23:04:34,212  INFO StartLogger - Initializing indices
16 Apr 2026 23:04:34,216  INFO StartLogger - Finalizing tables
16 Apr 2026 23:04:34,225  INFO StartLogger - Setting up action policy
16 Apr 2026 23:04:34,431  INFO StartLogger - Initializing reflection events
16 Apr 2026 23:04:36,227  INFO StartLogger - Setting user logging for properties
16 Apr 2026 23:04:36,298  INFO StartLogger - Setting user materialized for properties
16 Apr 2026 23:04:36,309  INFO StartLogger - Setting user not null constraints for properties
16 Apr 2026 23:04:36,327  INFO StartLogger - Disabling input list
16 Apr 2026 23:04:36,352  INFO StartLogger - Setting user select for properties
16 Apr 2026 23:04:36,374  INFO StartLogger - Finalizing forms
16 Apr 2026 23:04:36,374  INFO StartLogger - Initializing class data indexes
16 Apr 2026 23:04:36,375  INFO StartLogger - Setting up loggables
16 Apr 2026 23:04:36,480  INFO StartLogger - Finalizing properties
16 Apr 2026 23:04:36,552  INFO StartLogger - Synchronizing DB
16 Apr 2026 23:04:36,644  INFO StartLogger - Checking indexes
16 Apr 2026 23:04:36,659  INFO StartLogger - Applying migration script (0.0 -> 0.0)
16 Apr 2026 23:04:36,744  INFO StartLogger - Creating tables
16 Apr 2026 23:04:36,765  INFO StartLogger - Updating stats
16 Apr 2026 23:04:36,808  INFO StartLogger - Adding indexes
16 Apr 2026 23:04:36,810  INFO StartLogger - Packing tables
16 Apr 2026 23:04:36,811  INFO StartLogger - Filling static objects ids
16 Apr 2026 23:04:37,152  INFO StartLogger - Prereading form property events
16 Apr 2026 23:04:37,671  INFO StartLogger - Initializing lazy properties
16 Apr 2026 23:04:37,797  INFO StartLogger - Reading global events / materialized properties links
16 Apr 2026 23:04:37,797  INFO StartLogger - Looking for recursions in abstract properties
16 Apr 2026 23:04:39,080  INFO StartLogger - Building global events / materialized properties list
16 Apr 2026 23:04:39,145  INFO StartLogger - Reading local events links
16 Apr 2026 23:04:39,199  INFO StartLogger - Building local events list
16 Apr 2026 23:04:39,312  INFO StartLogger - Writing static objects changes
16 Apr 2026 23:04:40,372  INFO StartLogger - Migrating reflection properties and actions
16 Apr 2026 23:04:40,489  INFO StartLogger - Recalculating materializations
16 Apr 2026 23:04:40,984  INFO StartLogger - Initializing security manager
16 Apr 2026 23:04:40,985  INFO StartLogger - Starting security manager
16 Apr 2026 23:04:41,072  INFO StartLogger - Starting RMI manager
16 Apr 2026 23:04:41,099  INFO StartLogger - Synchronizing icons
16 Apr 2026 23:04:41,100  INFO StartLogger - Executing onInit action started
16 Apr 2026 23:04:41,100  INFO StartLogger - Initializing actions' debugger
16 Apr 2026 23:04:41,811  INFO StartLogger - Executing onInit action finished, 711ms
16 Apr 2026 23:04:41,814  INFO StartLogger - Executing onStarted action started
16 Apr 2026 23:04:42,139  INFO StartLogger - Prereading auto icons
16 Apr 2026 23:04:49,930  INFO SystemLogger - Setting hostname: null
16 Apr 2026 23:04:50,005  INFO StartLogger - Starting Scheduler
16 Apr 2026 23:04:50,019  INFO StartLogger - Prereading auto icons finished, 0ms
16 Apr 2026 23:04:50,096  INFO SystemLogger - Change current time snapshots to 2026-04-16T23:04:50.095851176, 2026-04-16T23:04:50.095895217Z
16 Apr 2026 23:04:50,539  INFO StartLogger - Executing onStarted action finished, 8725ms
16 Apr 2026 23:04:50,540  INFO StartLogger - Exporting RMI logics object (port: 7652) started
16 Apr 2026 23:04:50,548  INFO StartLogger - Exporting RMI logics object (port: 7652) finished, 8ms
16 Apr 2026 23:04:50,551  INFO SystemLogger - Binding ExternalHTTPServer
16 Apr 2026 23:04:50,577  INFO SystemLogger - Binding WebSocketServer
16 Apr 2026 23:04:50,586  INFO HttpServerLogger - RabbitMQServer: onStarted
16 Apr 2026 23:04:50,594  INFO StartLogger - Prereading caches for properties
16 Apr 2026 23:04:50,594  INFO StartLogger - Reading modules hash
16 Apr 2026 23:04:50,595  INFO StartLogger - Prereading caches for properties finished, 0ms
16 Apr 2026 23:04:50,599  INFO StartLogger - Comparing modulesHash: old f57dfed2, new 9e341502
16 Apr 2026 23:04:50,601  INFO StartLogger - Synchronizing forms started
16 Apr 2026 23:04:50,602  INFO StartLogger - Synchronizing actions started
16 Apr 2026 23:04:50,601  INFO StartLogger - Synchronizing group properties started
16 Apr 2026 23:04:51,507  INFO StartLogger - Synchronizing group properties finished, 906ms
16 Apr 2026 23:04:51,708  INFO StartLogger - Synchronizing forms finished, 1107ms
16 Apr 2026 23:04:51,710  INFO StartLogger - Synchronizing group objects started
16 Apr 2026 23:04:52,706  INFO StartLogger - Synchronizing group objects finished, 996ms
16 Apr 2026 23:04:52,709  INFO StartLogger - Migrating property draws started
16 Apr 2026 23:04:52,970  INFO StartLogger - Migrating property draws finished, 261ms
16 Apr 2026 23:04:52,975  INFO StartLogger - Synchronizing property draws started
